leiden_harmony	score_T_cell	score_NK	score_B_cell	score_monocyte_macrophage	score_dendritic	score_neutrophil	score_melanoma	score_endothelial	score_fibroblast	provisional_cell_type	manual_review_required
0	0.5570236605405807	0.0028258823108353037	-0.32198572397232056	-0.20018014987309773	-0.045889915227890016	-0.035592301471813304	-0.5096614533662795	-0.08058674693107605	-0.08447382887204488	T_cell	True
1	-0.7283623826503753	1.1855135114000948	-0.3076168487469355	-0.2430022617181142	-0.046568548679351805	-0.04207639436464052	-0.5429054403305054	-0.0826993453502655	-0.09154272079467773	NK	True
2	-1.011804382801056	0.10252801643922027	0.3178662101427714	1.0779389981428782	-0.052968735694885256	0.0	-0.5046599853038788	-0.10089933514595031	-0.09398124734560649	monocyte_macrophage	True
3	-0.9917064553499222	-0.5037556620964768	-0.49509597539901734	-0.27710752805074057	-0.096289222240448	-0.0824322442750673	2.2264202493429184	-0.13221303671598433	-0.163281888961792	melanoma	True
4	0.22512907862663267	-0.3710752361572829	-0.31868419378995894	-0.20934680819511414	-0.04273573309183121	-0.03458931881028253	-0.46042698085308076	-0.041618660390377045	-0.08504022121429444	T_cell	True
5	0.5734943154454232	-0.13511961958552368	-0.38657808557152745	-0.24222911953926085	-0.04951233804225921	-0.044497993749541206	-0.5856554338335991	-0.10159133128821851	-0.09922653039296468	T_cell	True
6	-0.5510260200500489	-0.24333730960052286	-0.2431296960512797	-0.09787901322046916	-0.030145463943481447	-0.023775822407490498	1.1836590540409087	-0.052968807220458984	-0.047687394618988035	melanoma	True
7	0.35556694686412804	-0.18745580275586787	-0.431464581489563	-0.2816710607210795	-0.06332721412181855	-0.0766851773133149	-0.7251039835810661	-0.11305429637432099	-0.14200461506843567	T_cell	True
8	-1.0862308810651302	-0.5917811141468134	-0.5708759760608275	-0.3608646196126938	-0.1124791518971324	-0.08966924446458752	2.1000209021940828	-0.1619108060002327	-0.208961120210588	melanoma	True
9	0.14808016538620006	-0.4779052686371259	-0.15920949896176662	-0.24602348407109578	-0.047884407043457033	-0.04693189343890628	-0.5374288463592529	-0.06966020107269287	-0.10000726699829102	T_cell	True
10	-0.9608238101005554	-0.011993234389580332	0.0071219845612844335	1.068328582048416	-0.07514345049858093	-0.026212745421641582	-0.5430784893035888	-0.09946701407432557	-0.10964112917582194	monocyte_macrophage	True
11	-0.7972916984558105	-0.41839946498906855	-0.4216255979736646	-0.2637179111937682	-0.10288809895515443	-0.09203765198991105	-0.5116266672313213	-0.12409463565796613	2.9956331970294316	fibroblast	True
12	0.2621252012252807	-0.13774866215734674	-0.3429462411006292	-0.21663386066754658	-0.04747293561697006	-0.03994104346713504	-0.5401857954263687	-0.05467847228050232	-0.09251889387766521	T_cell	True
13	-0.31457807779312136	-0.0671920844372487	-0.06931868433952332	-0.03209428906440735	-0.009864811897277831	-0.009454249530225188	0.1566156613826752	-0.02949295997619629	-0.01380789597829183	melanoma	True
14	-1.1239976644515992	0.29378429015210816	0.6680552927652994	0.03823741197586061	0.16797482639551162	-0.04699461363457345	-0.6074616992473603	-0.08874611139297485	-0.09730841875076295	B_cell	True
15	-1.1915364241600037	0.16480918298631708	0.7047590514024099	-0.09626677036285403	0.8765187510848045	-0.04987073246691678	-0.700017451941967	-0.10679219245910644	-0.1020241888364156	dendritic	True
16	-1.026891759634018	0.03347538601632083	0.4612771364053091	-0.2044658386707306	0.5896187025308609	-0.03938086471847586	-0.6092630994319915	-0.10634488075971603	-0.0999173386891683	dendritic	True
17	-0.11163678228855134	0.08110378152572073	0.007404141426086475	0.29605124473571776	-0.05229864865541458	-0.028860359578519255	-0.6150868344306946	-0.07991971850395202	-0.10829717953999837	monocyte_macrophage	True
18	-0.6690397262573242	0.46874460677972574	-0.21016114632288616	0.03245081623395285	-0.05283805251121521	2.4042667891528153	-0.17889485239982605	-0.06614294290542602	-0.05705520391464233	neutrophil	True
19	0.5108242762088776	-0.010466941151042908	-0.3057714894413948	-0.20223127007484437	-0.042045239806175236	-0.03308434542771932	-0.49917398571968075	-0.11162527561187743	-0.08188554604848226	T_cell	True
20	-0.7812844628095628	0.9007454156475578	-0.3911850922306379	-0.28647141004602117	-0.0596832949668169	-0.07393266180077114	-0.7078395731747151	-0.05555576443672179	-0.13900485505660376	NK	True
21	-0.7910599374771118	-0.3751558857476151	-0.4018315577507019	-0.18884432792663575	-0.06139778673648835	-0.07272547161256945	-0.4654496908187866	-0.101457359790802	1.2000143565734227	fibroblast	True
22	-1.0239832162857057	-0.42347577074230114	1.8741140109300614	-0.18473674476146698	-0.042726576030254364	-0.0371033162684054	-0.38365656733512876	0.20660778284072875	-0.07607722361882527	B_cell	True
23	-0.911340583562851	-0.39129972737907565	-0.3459900387128194	-0.18466228604316712	-0.0634351772069931	-0.054119241398734017	1.9891223579645159	-0.10347502171993256	-0.12113604446252188	melanoma	True
24	-0.9276747989654541	-0.47731136155608517	-0.47614622513453164	-0.26856283108393353	-0.09470041334629059	-0.08410025005405014	2.0074041724205016	-0.1259075665473938	1.443691707054774	melanoma	True
25	-0.9791175478696823	-0.5086164212466886	-0.49739327942331635	-0.3448604911565781	-0.058201433420181276	-0.08383302259686831	-0.6884067863225938	1.914626353122294	-0.15234518150488535	endothelial	True
26	-1.1448516416549683	0.33124272205285576	0.31647769590218866	-0.2825844605763753	0.38394500106573104	-0.05898211372865213	-0.6469380754232407	0.3104222923517227	-0.12545183181762695	dendritic	True
27	-0.8100355434417724	-0.3382996872767506	-0.350523099899292	-0.18271481831868489	-0.09094311475753784	-0.07878681936779537	-0.37238619327545164	-0.11248326778411866	2.2218850032488504	fibroblast	True
