geo_accession	title	modality	library_name	source	tissue	cell_line	cell_type	treatment_geo	molecule	supplementary_type	supplementary_url	biosample	sra_experiment
GSM9574578	Tumor, baseline or relevant peptide treated (12h), channel 1, RNA	GEX	Masopust_053_1a_GEX_FL	B16 tumors	B16 tumors	B16.F10 melanoma	Melanoma and infiltrated immune cells	Baseline and relevant peptide	polyA RNA	H5	ftp://ftp.ncbi.nlm.nih.gov/geo/samples/GSM9574nnn/GSM9574578/suppl/GSM9574578_Masopust_053_1a_GEX_FL_filtered_feature_bc_matrix.h5	SAMN56406535	SRX32430322
GSM9574579	Tumor, baseline or relevant peptide treated (12h), channel 2, RNA	GEX	Masopust_053_1b_GEX_FL	B16 tumors	B16 tumors	B16.F10 melanoma	Melanoma and infiltrated immune cells	Baseline and relevant peptide	polyA RNA	H5	ftp://ftp.ncbi.nlm.nih.gov/geo/samples/GSM9574nnn/GSM9574579/suppl/GSM9574579_Masopust_053_1b_GEX_FL_filtered_feature_bc_matrix.h5	SAMN56406534	SRX32430323
GSM9574580	Tumor, relevant (48h) or irrelevant peptide treated (12h), channel 1, RNA	GEX	Masopust_053_2a_GEX_FL	B16 tumors	B16 tumors	B16.F10 melanoma	Melanoma and infiltrated immune cells	Relevant and irrelevant peptide	polyA RNA	H5	ftp://ftp.ncbi.nlm.nih.gov/geo/samples/GSM9574nnn/GSM9574580/suppl/GSM9574580_Masopust_053_2a_GEX_FL_filtered_feature_bc_matrix.h5	SAMN56406533	SRX32430324
GSM9574581	Tumor, relevant (48h) or irrelevant peptide treated (12h), channel 2, RNA	GEX	Masopust_053_2b_GEX_FL	B16 tumors	B16 tumors	B16.F10 melanoma	Melanoma and infiltrated immune cells	Relevant and irrelevant peptide	polyA RNA	H5	ftp://ftp.ncbi.nlm.nih.gov/geo/samples/GSM9574nnn/GSM9574581/suppl/GSM9574581_Masopust_053_2b_GEX_FL_filtered_feature_bc_matrix.h5	SAMN56406532	SRX32430325
GSM9574582	Tumor, irrelevant (48h) or relevant peptide treated (12h), channel 1, RNA	GEX	Masopust_053_3a_GEX_FL	B16 tumors	B16 tumors	B16.F10 melanoma	Melanoma and infiltrated immune cells	Relevant and irrelevant peptide	polyA RNA	H5	ftp://ftp.ncbi.nlm.nih.gov/geo/samples/GSM9574nnn/GSM9574582/suppl/GSM9574582_Masopust_053_3a_GEX_FL_filtered_feature_bc_matrix.h5	SAMN56406531	SRX32430326
GSM9574583	Tumor, irrelevant (48h) or relevant peptide treated (12h), channel 2, RNA	GEX	Masopust_053_3b_GEX_FL	B16 tumors	B16 tumors	B16.F10 melanoma	Melanoma and infiltrated immune cells	Relevant and irrelevant peptide	polyA RNA	H5	ftp://ftp.ncbi.nlm.nih.gov/geo/samples/GSM9574nnn/GSM9574583/suppl/GSM9574583_Masopust_053_3b_GEX_FL_filtered_feature_bc_matrix.h5	SAMN56406530	SRX32430327
GSM9574584	Tumor, innate agonist treated, channel 1, RNA	GEX	Masopust_053_6a_GEX_FL	B16 tumors	B16 tumors	B16.F10 melanoma	Melanoma and infiltrated immune cells	Innate agonist	polyA RNA	H5	ftp://ftp.ncbi.nlm.nih.gov/geo/samples/GSM9574nnn/GSM9574584/suppl/GSM9574584_Masopust_053_6a_GEX_FL_filtered_feature_bc_matrix.h5	SAMN56406529	SRX32430328
GSM9574585	Tumor, innate agonist treated, channel 2, RNA	GEX	Masopust_053_6b_GEX_FL	B16 tumors	B16 tumors	B16.F10 melanoma	Melanoma and infiltrated immune cells	Innate agonist	polyA RNA	H5	ftp://ftp.ncbi.nlm.nih.gov/geo/samples/GSM9574nnn/GSM9574585/suppl/GSM9574585_Masopust_053_6b_GEX_FL_filtered_feature_bc_matrix.h5	SAMN56406528	SRX32430329
GSM9574586	Tumor, baseline or relevant peptide treated (12h), channel 1, ADT	ADT	Masopust_053_1a_ADT_FL	B16 tumors	B16 tumors	B16.F10 melanoma	Melanoma and infiltrated immune cells	Baseline and relevant peptide	protein	CSV	ftp://ftp.ncbi.nlm.nih.gov/geo/samples/GSM9574nnn/GSM9574586/suppl/GSM9574586_Masopust_053_1a_ADT_FL.csv.gz	SAMN56406527	SRX32430330
GSM9574587	Tumor, baseline or relevant peptide treated (12h), channel 2, ADT	ADT	Masopust_053_1b_ADT_FL	B16 tumors	B16 tumors	B16.F10 melanoma	Melanoma and infiltrated immune cells	Baseline and relevant peptide	protein	CSV	ftp://ftp.ncbi.nlm.nih.gov/geo/samples/GSM9574nnn/GSM9574587/suppl/GSM9574587_Masopust_053_1b_ADT_FL.csv.gz	SAMN56406526	SRX32430331
GSM9574588	Tumor, relevant (48h) or irrelevant peptide treated (12h), channel 1, ADT	ADT	Masopust_053_2a_ADT_FL	B16 tumors	B16 tumors	B16.F10 melanoma	Melanoma and infiltrated immune cells	Relevant and irrelevant peptide	protein	CSV	ftp://ftp.ncbi.nlm.nih.gov/geo/samples/GSM9574nnn/GSM9574588/suppl/GSM9574588_Masopust_053_2a_ADT_FL.csv.gz	SAMN56406525	SRX32430332
GSM9574589	Tumor, relevant (48h) or irrelevant peptide treated (12h), channel 2, ADT	ADT	Masopust_053_2b_ADT_FL	B16 tumors	B16 tumors	B16.F10 melanoma	Melanoma and infiltrated immune cells	Relevant and irrelevant peptide	protein	CSV	ftp://ftp.ncbi.nlm.nih.gov/geo/samples/GSM9574nnn/GSM9574589/suppl/GSM9574589_Masopust_053_2b_ADT_FL.csv.gz	SAMN56406524	SRX32430333
GSM9574590	Tumor, irrelevant (48h) or relevant peptide treated (12h), channel 1, ADT	ADT	Masopust_053_3a_ADT_FL	B16 tumors	B16 tumors	B16.F10 melanoma	Melanoma and infiltrated immune cells	Relevant and irrelevant peptide	protein	CSV	ftp://ftp.ncbi.nlm.nih.gov/geo/samples/GSM9574nnn/GSM9574590/suppl/GSM9574590_Masopust_053_3a_ADT_FL.csv.gz	SAMN56406523	SRX32430334
GSM9574591	Tumor, irrelevant (48h) or relevant peptide treated (12h), channel 2, ADT	ADT	Masopust_053_3b_ADT_FL	B16 tumors	B16 tumors	B16.F10 melanoma	Melanoma and infiltrated immune cells	Relevant and irrelevant peptide	protein	CSV	ftp://ftp.ncbi.nlm.nih.gov/geo/samples/GSM9574nnn/GSM9574591/suppl/GSM9574591_Masopust_053_3b_ADT_FL.csv.gz	SAMN56406522	SRX32430335
GSM9574592	Tumor, innate agonist treated, channel 1, ADT	ADT	Masopust_053_6a_ADT_FL	B16 tumors	B16 tumors	B16.F10 melanoma	Melanoma and infiltrated immune cells	Innate agonist	protein	CSV	ftp://ftp.ncbi.nlm.nih.gov/geo/samples/GSM9574nnn/GSM9574592/suppl/GSM9574592_Masopust_053_6a_ADT_FL.csv.gz	SAMN56406521	SRX32430336
GSM9574593	Tumor, innate agonist treated, channel 2, ADT	ADT	Masopust_053_6b_ADT_FL	B16 tumors	B16 tumors	B16.F10 melanoma	Melanoma and infiltrated immune cells	Innate agonist	protein	CSV	ftp://ftp.ncbi.nlm.nih.gov/geo/samples/GSM9574nnn/GSM9574593/suppl/GSM9574593_Masopust_053_6b_ADT_FL.csv.gz	SAMN56406520	SRX32430337
GSM9574594	Tumor, baseline or relevant peptide treated (12h), channel 1, HTO	HTO	Masopust_053_1a_HTO_FL	B16 tumors	B16 tumors	B16.F10 melanoma	Melanoma and infiltrated immune cells	Baseline and relevant peptide	protein	CSV	ftp://ftp.ncbi.nlm.nih.gov/geo/samples/GSM9574nnn/GSM9574594/suppl/GSM9574594_Masopust_053_1a_HTO_FL.csv.gz	SAMN56406519	SRX32430338
GSM9574595	Tumor, baseline or relevant peptide treated (12h), channel 2, HTO	HTO	Masopust_053_1b_HTO_FL	B16 tumors	B16 tumors	B16.F10 melanoma	Melanoma and infiltrated immune cells	Baseline and relevant peptide	protein	CSV	ftp://ftp.ncbi.nlm.nih.gov/geo/samples/GSM9574nnn/GSM9574595/suppl/GSM9574595_Masopust_053_1b_HTO_FL.csv.gz	SAMN56406518	SRX32430339
GSM9574596	Tumor, relevant (48h) or irrelevant peptide treated (12h), channel 1, HTO	HTO	Masopust_053_2a_HTO_FL	B16 tumors	B16 tumors	B16.F10 melanoma	Melanoma and infiltrated immune cells	Relevant and irrelevant peptide	protein	CSV	ftp://ftp.ncbi.nlm.nih.gov/geo/samples/GSM9574nnn/GSM9574596/suppl/GSM9574596_Masopust_053_2a_HTO_FL.csv.gz	SAMN56406517	SRX32430340
GSM9574597	Tumor, relevant (48h) or irrelevant peptide treated (12h), channel 2, HTO	HTO	Masopust_053_2b_HTO_FL	B16 tumors	B16 tumors	B16.F10 melanoma	Melanoma and infiltrated immune cells	Relevant and irrelevant peptide	protein	CSV	ftp://ftp.ncbi.nlm.nih.gov/geo/samples/GSM9574nnn/GSM9574597/suppl/GSM9574597_Masopust_053_2b_HTO_FL.csv.gz	SAMN56406516	SRX32430341
GSM9574598	Tumor, irrelevant (48h) or relevant peptide treated (12h), channel 1, HTO	HTO	Masopust_053_3a_HTO_FL	B16 tumors	B16 tumors	B16.F10 melanoma	Melanoma and infiltrated immune cells	Relevant and irrelevant peptide	protein	CSV	ftp://ftp.ncbi.nlm.nih.gov/geo/samples/GSM9574nnn/GSM9574598/suppl/GSM9574598_Masopust_053_3a_HTO_FL.csv.gz	SAMN56406515	SRX32430342
GSM9574599	Tumor, irrelevant (48h) or relevant peptide treated (12h), channel 2, HTO	HTO	Masopust_053_3b_HTO_FL	B16 tumors	B16 tumors	B16.F10 melanoma	Melanoma and infiltrated immune cells	Relevant and irrelevant peptide	protein	CSV	ftp://ftp.ncbi.nlm.nih.gov/geo/samples/GSM9574nnn/GSM9574599/suppl/GSM9574599_Masopust_053_3b_HTO_FL.csv.gz	SAMN56406514	SRX32430343
GSM9574600	Tumor, innate agonist treated, channel 1, HTO	HTO	Masopust_053_6a_HTO_FL	B16 tumors	B16 tumors	B16.F10 melanoma	Melanoma and infiltrated immune cells	Innate agonist	protein	CSV	ftp://ftp.ncbi.nlm.nih.gov/geo/samples/GSM9574nnn/GSM9574600/suppl/GSM9574600_Masopust_053_6a_HTO_FL.csv.gz	SAMN56406513	SRX32430344
GSM9574601	Tumor, innate agonist treated, channel 2, HTO	HTO	Masopust_053_6b_HTO_FL	B16 tumors	B16 tumors	B16.F10 melanoma	Melanoma and infiltrated immune cells	Innate agonist	protein	CSV	ftp://ftp.ncbi.nlm.nih.gov/geo/samples/GSM9574nnn/GSM9574601/suppl/GSM9574601_Masopust_053_6b_HTO_FL.csv.gz	SAMN56406512	SRX32430345
GSM9574602	Tumor, relevant peptide treated (12h), RNA	GEX	Masopust_054_A_GEX	B16 tumors	B16 tumors	B16.F10 melanoma	Melanoma and infiltrated immune cells	Relevant peptide	polyA RNA	H5	ftp://ftp.ncbi.nlm.nih.gov/geo/samples/GSM9574nnn/GSM9574602/suppl/GSM9574602_Masopust_054_A_GEX_filtered_feature_bc_matrix.h5	SAMN56406511	SRX32430346
GSM9574603	Tumor, relevant peptide treated (48h), RNA	GEX	Masopust_054_B_GEX	B16 tumors	B16 tumors	B16.F10 melanoma	Melanoma and infiltrated immune cells	Relevant peptide	polyA RNA	H5	ftp://ftp.ncbi.nlm.nih.gov/geo/samples/GSM9574nnn/GSM9574603/suppl/GSM9574603_Masopust_054_B_GEX_filtered_feature_bc_matrix.h5	SAMN56406510	SRX32430347
GSM9574604	Tumor, irrelevant peptide treated (12h), RNA	GEX	Masopust_054_C_GEX	B16 tumors	B16 tumors	B16.F10 melanoma	Melanoma and infiltrated immune cells	Irrelevant peptide	polyA RNA	H5	ftp://ftp.ncbi.nlm.nih.gov/geo/samples/GSM9574nnn/GSM9574604/suppl/GSM9574604_Masopust_054_C_GEX_filtered_feature_bc_matrix.h5	SAMN56406509	SRX32430348
GSM9574605	Tumor, irrelevant peptide treated (48h), RNA	GEX	Masopust_054_D_GEX	B16 tumors	B16 tumors	B16.F10 melanoma	Melanoma and infiltrated immune cells	Irrelevant peptide	polyA RNA	H5	ftp://ftp.ncbi.nlm.nih.gov/geo/samples/GSM9574nnn/GSM9574605/suppl/GSM9574605_Masopust_054_D_GEX_filtered_feature_bc_matrix.h5	SAMN56406508	SRX32430349
GSM9574606	Tumor, innate agonist treated (12h), RNA	GEX	Masopust_054_E_GEX	B16 tumors	B16 tumors	B16.F10 melanoma	Melanoma and infiltrated immune cells	Innate agonist	polyA RNA	H5	ftp://ftp.ncbi.nlm.nih.gov/geo/samples/GSM9574nnn/GSM9574606/suppl/GSM9574606_Masopust_054_E_GEX_filtered_feature_bc_matrix.h5	SAMN56406507	SRX32430350
GSM9574607	Tumor, relevant peptide treated (12h), ADT	ADT	Masopust_054_A_ADT	B16 tumors	B16 tumors	B16.F10 melanoma	Melanoma and infiltrated immune cells	Relevant peptide	protein	CSV	ftp://ftp.ncbi.nlm.nih.gov/geo/samples/GSM9574nnn/GSM9574607/suppl/GSM9574607_Masopust_054_A_ADT.csv.gz	SAMN56406506	SRX32430351
GSM9574608	Tumor, relevant peptide treated (48h), ADT	ADT	Masopust_054_B_ADT	B16 tumors	B16 tumors	B16.F10 melanoma	Melanoma and infiltrated immune cells	Relevant peptide	protein	CSV	ftp://ftp.ncbi.nlm.nih.gov/geo/samples/GSM9574nnn/GSM9574608/suppl/GSM9574608_Masopust_054_B_ADT.csv.gz	SAMN56406505	SRX32430352
GSM9574609	Tumor, irrelevant peptide treated (12h), ADT	ADT	Masopust_054_C_ADT	B16 tumors	B16 tumors	B16.F10 melanoma	Melanoma and infiltrated immune cells	Irrelevant peptide	protein	CSV	ftp://ftp.ncbi.nlm.nih.gov/geo/samples/GSM9574nnn/GSM9574609/suppl/GSM9574609_Masopust_054_C_ADT.csv.gz	SAMN56406504	SRX32430353
GSM9574610	Tumor, irrelevant peptide treated (48h), ADT	ADT	Masopust_054_D_ADT	B16 tumors	B16 tumors	B16.F10 melanoma	Melanoma and infiltrated immune cells	Irrelevant peptide	protein	CSV	ftp://ftp.ncbi.nlm.nih.gov/geo/samples/GSM9574nnn/GSM9574610/suppl/GSM9574610_Masopust_054_D_ADT.csv.gz	SAMN56406503	SRX32430354
GSM9574611	Tumor, innate agonist treated (12h), ADT	ADT	Masopust_054_E_ADT	B16 tumors	B16 tumors	B16.F10 melanoma	Melanoma and infiltrated immune cells	Innate agonist	protein	CSV	ftp://ftp.ncbi.nlm.nih.gov/geo/samples/GSM9574nnn/GSM9574611/suppl/GSM9574611_Masopust_054_E_ADT.csv.gz	SAMN56406502	SRX32430357
GSM9574612	Tumor, relevant peptide treated (12h), HTO	HTO	Masopust_054_A_HTO	B16 tumors	B16 tumors	B16.F10 melanoma	Melanoma and infiltrated immune cells	Relevant peptide	protein	CSV	ftp://ftp.ncbi.nlm.nih.gov/geo/samples/GSM9574nnn/GSM9574612/suppl/GSM9574612_Masopust_054_A_HTO.csv.gz	SAMN56406501	SRX32430356
GSM9574613	Tumor, relevant peptide treated (48h), HTO	HTO	Masopust_054_B_HTO	B16 tumors	B16 tumors	B16.F10 melanoma	Melanoma and infiltrated immune cells	Relevant peptide	protein	CSV	ftp://ftp.ncbi.nlm.nih.gov/geo/samples/GSM9574nnn/GSM9574613/suppl/GSM9574613_Masopust_054_B_HTO.csv.gz	SAMN56406500	SRX32430355
GSM9574614	Tumor, irrelevant peptide treated (12h), HTO	HTO	Masopust_054_C_HTO	B16 tumors	B16 tumors	B16.F10 melanoma	Melanoma and infiltrated immune cells	Irrelevant peptide	protein	CSV	ftp://ftp.ncbi.nlm.nih.gov/geo/samples/GSM9574nnn/GSM9574614/suppl/GSM9574614_Masopust_054_C_HTO.csv.gz	SAMN56406499	SRX32430360
GSM9574615	Tumor, irrelevant peptide treated (48h), HTO	HTO	Masopust_054_D_HTO	B16 tumors	B16 tumors	B16.F10 melanoma	Melanoma and infiltrated immune cells	Irrelevant peptide	protein	CSV	ftp://ftp.ncbi.nlm.nih.gov/geo/samples/GSM9574nnn/GSM9574615/suppl/GSM9574615_Masopust_054_D_HTO.csv.gz	SAMN56406498	SRX32430358
GSM9574616	Tumor, innate agonist treated (12h), HTO	HTO	Masopust_054_E_HTO	B16 tumors	B16 tumors	B16.F10 melanoma	Melanoma and infiltrated immune cells	Innate agonist	protein	CSV	ftp://ftp.ncbi.nlm.nih.gov/geo/samples/GSM9574nnn/GSM9574616/suppl/GSM9574616_Masopust_054_E_HTO.csv.gz	SAMN56406497	SRX32430359
