candidate	candidate_family_id	n_mice	n_mice_supporting	n_mice_opposing	direction_consistency	expected_direction	n_positive	n_negative	n_zero_or_undetermined	mouse_effect_median	mouse_effect_mean	mouse_effect_IQR	mouse_effect_sign	LOOCV_runs	LOOCV_failed_runs	LOOCV_top1_runs	LOOCV_top3_runs	LOOCV_top10_runs	LOOCV_top1_fraction	LOOCV_top10_fraction	LOOCV_top3_fraction	LOOCV_rank_median	LOOCV_rank_mean	LOOCV_rank_min	LOOCV_rank_max	LOOCV_rank_IQR	LOOCV_score_median	LOOCV_score_min	LOOCV_score_max	LOOCV_failure_reason
fibroblast → Col6a2 → Cd44 → CD8	LR|fibroblast|Col6a2	34	0	0		UNRESOLVED	21	12	1	0.0004783697629477565	0.0038264224288178284	0.012041902862171442	positive	34	0	0	0	0	0.0	0.0	0.0	154.5	152.5	141.0	162.0	12.0	0.5956380045260242	0.5956380045260242	0.6006885095765292	
fibroblast → Col1a2 → Cd44 → CD4	LR|fibroblast|Col1a2	34	0	0		UNRESOLVED	15	18	1	-0.00027133361590711834	0.0008366960525162234	0.014585773476121403	negative	34	0	0	0	0	0.0	0.0	0.0	183.0	181.7058823529412	169.0	191.0	12.0	0.5831174953881689	0.5831174953881689	0.588168000438674	
fibroblast → Fbn1 → Itgb1 → CD4	LR|fibroblast|Fbn1	34	0	0		UNRESOLVED	17	16	1	0.00010439975076654744	-2.048209627027826e-05	0.007714603340441337	positive	34	0	0	0	0	0.0	0.0	0.0	267.0	266.97058823529414	261.0	269.0	0.0	0.5129086746957009	0.5129086746957009	0.5129086746957009	
neutrophil → Vegfa → Itgav → CD4	LR|neutrophil|Vegfa	19	0	0		UNRESOLVED	7	11	1	-0.00024222623020508845	-0.0016588001961757325	0.005368085897262835	negative	19	0	0	0	0	0.0	0.0	0.0	126.0	120.21052631578948	106.0	133.0	18.0	0.6023724266003456	0.6023724266003456	0.6116316858596049	
fibroblast → Lama4 → Cd44 → CD4	LR|fibroblast|Lama4	34	0	0		UNRESOLVED	20	13	1	0.000536080758799801	0.002268103746521422	0.005190225195854038	positive	34	0	0	0	0	0.0	0.0	0.0	237.0	236.7058823529412	232.0	243.0	5.5	0.5223482635868578	0.5223482635868578	0.5273987686373629	
neutrophil → Vegfa → Itgb1 → CD4	LR|neutrophil|Vegfa	19	0	0		UNRESOLVED	7	11	1	-0.00024222623020508845	-0.0016588001961757325	0.005368085897262835	negative	19	0	0	0	0	0.0	0.0	0.0	126.0	120.21052631578948	106.0	133.0	18.0	0.6023724266003456	0.6023724266003456	0.6116316858596049	
fibroblast → Hspg2 → Itgb1 → CD8	LR|fibroblast|Hspg2	34	0	0		UNRESOLVED	23	10	1	0.0010059183603885013	0.0031799097331306355	0.005018415279680812	positive	34	0	0	0	0	0.0	0.0	0.0	127.5	127.70588235294117	111.0	142.0	14.0	0.603538526151005	0.603538526151005	0.60858903120151	
fibroblast → Il15 → Il2ra → CD4	LR|fibroblast|Il15	34	0	0		UNRESOLVED	25	8	1	0.0006760824115788775	0.00136190532777686	0.0015537671203812897	positive	34	0	0	0	0	0.0	0.0	0.0	79.0	78.8529411764706	77.0	80.0	0.0	0.6323490527608838	0.6323490527608838	0.6373995578113888	
fibroblast → Hspg2 → Itgb1 → CD4	LR|fibroblast|Hspg2	34	0	0		UNRESOLVED	13	20	1	-0.00022242795386842766	0.0007214179984103339	0.004999803081385203	negative	34	0	0	0	0	0.0	0.0	0.0	164.0	163.14705882352942	154.0	172.0	9.75	0.5914735847509426	0.5914735847509426	0.5965240898014476	
neutrophil → Vegfa → Itgb1 → CD8	LR|neutrophil|Vegfa	19	0	0		UNRESOLVED	7	11	1	-0.0007307604362535989	-0.008330098059982633	0.0133281820814547	negative	19	0	0	0	0	0.0	0.0	0.0	132.0	126.52631578947368	110.0	139.0	16.0	0.6013668001072618	0.6013668001072618	0.6106260593665211	
neutrophil → Lamb3 → Cd44 → CD4	LR|neutrophil|Lamb3	19	0	0		UNRESOLVED	9	9	1	0.0	-0.0013682921629309657	0.0027895622287522114	undetermined	19	0	0	0	0	0.0	0.0	0.0	198.0	197.52631578947367	197.0	198.0	1.0	0.5753237451746552	0.5753237451746552	0.5753237451746552	
neutrophil → Vegfa → Cd44 → CD4	LR|neutrophil|Vegfa	19	0	0		UNRESOLVED	7	11	1	-0.00024222623020508845	-0.0016588001961757325	0.005368085897262835	negative	19	0	0	0	0	0.0	0.0	0.0	126.0	120.21052631578948	106.0	133.0	18.0	0.6023724266003456	0.6023724266003456	0.6116316858596049	
neutrophil → Vegfa → Itgav → CD8	LR|neutrophil|Vegfa	19	0	0		UNRESOLVED	7	11	1	-0.0007307604362535989	-0.008330098059982633	0.0133281820814547	negative	19	0	0	0	0	0.0	0.0	0.0	132.0	126.52631578947368	110.0	139.0	16.0	0.6013668001072618	0.6013668001072618	0.6106260593665211	
neutrophil → Vegfa → Cd44 → CD8	LR|neutrophil|Vegfa	19	0	0		UNRESOLVED	7	11	1	-0.0007307604362535989	-0.008330098059982633	0.0133281820814547	negative	19	0	0	0	0	0.0	0.0	0.0	132.0	126.52631578947368	110.0	139.0	16.0	0.6013668001072618	0.6013668001072618	0.6106260593665211	
fibroblast → Col1a2 → Itgb3 → CD4	LR|fibroblast|Col1a2	34	0	0		UNRESOLVED	15	18	1	-0.00027133361590711834	0.0008366960525162234	0.014585773476121403	negative	34	0	0	0	0	0.0	0.0	0.0	183.0	181.7058823529412	169.0	191.0	12.0	0.5831174953881689	0.5831174953881689	0.588168000438674	
neutrophil → Vegfa → Nrp1 → CD4	LR|neutrophil|Vegfa	19	0	0		UNRESOLVED	7	11	1	-0.00024222623020508845	-0.0016588001961757325	0.005368085897262835	negative	19	0	0	0	0	0.0	0.0	0.0	126.0	120.21052631578948	106.0	133.0	18.0	0.6023724266003456	0.6023724266003456	0.6116316858596049	
neutrophil → Arf6 → Smap1 → CD8	LR|neutrophil|Arf6	19	0	0		UNRESOLVED	12	6	1	0.00025211309831838375	0.002667657039821692	0.003337620352008484	positive	19	0	0	0	0	0.0	0.0	0.0	233.0	231.0	224.0	237.0	8.5	0.5269795320056075	0.5269795320056075	0.5362387912648668	
fibroblast → Il15 → Il15ra_Il2rb_Il2rg → CD4	LR|fibroblast|Il15	34	0	0		UNRESOLVED	25	8	1	0.0006760824115788775	0.00136190532777686	0.0015537671203812897	positive	34	0	0	0	0	0.0	0.0	0.0	79.0	78.8529411764706	77.0	80.0	0.0	0.6323490527608838	0.6323490527608838	0.6373995578113888	
neutrophil → Lamb3 → Itgav_Itgb8 → CD4	LR|neutrophil|Lamb3	19	0	0		UNRESOLVED	9	9	1	0.0	-0.0013682921629309657	0.0027895622287522114	undetermined	19	0	0	0	0	0.0	0.0	0.0	198.0	197.52631578947367	197.0	198.0	1.0	0.5753237451746552	0.5753237451746552	0.5753237451746552	
neutrophil → Vegfa → Itgb3 → CD8	LR|neutrophil|Vegfa	19	0	0		UNRESOLVED	7	11	1	-0.0007307604362535989	-0.008330098059982633	0.0133281820814547	negative	19	0	0	0	0	0.0	0.0	0.0	132.0	126.52631578947368	110.0	139.0	16.0	0.6013668001072618	0.6013668001072618	0.6106260593665211	
fibroblast → Fbn1 → Itgb3 → CD4	LR|fibroblast|Fbn1	34	0	0		UNRESOLVED	17	16	1	0.00010439975076654744	-2.048209627027826e-05	0.007714603340441337	positive	34	0	0	0	0	0.0	0.0	0.0	267.0	266.97058823529414	261.0	269.0	0.0	0.5129086746957009	0.5129086746957009	0.5129086746957009	
fibroblast → Adam10 → Cd44 → CD8	LR|fibroblast|Adam10	34	0	0		UNRESOLVED	18	15	1	8.913457703170935e-05	0.001297350681507404	0.0022922640665812284	positive	34	0	0	0	0	0.0	0.0	0.0	178.0	178.23529411764707	167.0	191.0	14.75	0.5853992658801775	0.5853992658801775	0.5904497709306825	
fibroblast → Lama4 → Itgav_Itgb8 → CD4	LR|fibroblast|Lama4	34	0	0		UNRESOLVED	20	13	1	0.000536080758799801	0.002268103746521422	0.005190225195854038	positive	34	0	0	0	0	0.0	0.0	0.0	237.0	236.7058823529412	232.0	243.0	5.5	0.5223482635868578	0.5223482635868578	0.5273987686373629	
fibroblast → Icam1 → Il2ra → CD8	LR|fibroblast|Icam1	34	0	0		UNRESOLVED	15	18	1	-7.332142990508686e-05	0.0005042480111758149	0.004620096623358503	negative	34	0	0	0	0	0.0	0.0	0.0	157.0	153.23529411764707	144.0	162.0	11.75	0.5943195993456749	0.5943195993456749	0.59937010439618	
neutrophil → Vegfa → Itgb3 → CD4	LR|neutrophil|Vegfa	19	0	0		UNRESOLVED	7	11	1	-0.00024222623020508845	-0.0016588001961757325	0.005368085897262835	negative	19	0	0	0	0	0.0	0.0	0.0	126.0	120.21052631578948	106.0	133.0	18.0	0.6023724266003456	0.6023724266003456	0.6116316858596049	
fibroblast → Hspg2 → Ptprs → CD8	LR|fibroblast|Hspg2	34	0	0		UNRESOLVED	23	10	1	0.0010059183603885013	0.0031799097331306355	0.005018415279680812	positive	34	0	0	0	0	0.0	0.0	0.0	223.0	221.41176470588235	216.0	225.0	5.75	0.5368718594843384	0.5368718594843384	0.5419223645348433	
fibroblast → Col1a2 → Itga1_Itgb1 → CD4	LR|fibroblast|Col1a2	34	0	0		UNRESOLVED	15	18	1	-0.00027133361590711834	0.0008366960525162234	0.014585773476121403	negative	34	0	0	0	0	0.0	0.0	0.0	183.0	181.7058823529412	169.0	191.0	12.0	0.5831174953881689	0.5831174953881689	0.588168000438674	
fibroblast → Col6a2 → Itga1_Itgb1 → CD8	LR|fibroblast|Col6a2	34	0	0		UNRESOLVED	21	12	1	0.0004783697629477565	0.0038264224288178284	0.012041902862171442	positive	34	0	0	0	0	0.0	0.0	0.0	154.5	152.5	141.0	162.0	12.0	0.5956380045260242	0.5956380045260242	0.6006885095765292	
fibroblast → Adam10 → Tspan5 → CD8	LR|fibroblast|Adam10	34	0	0		UNRESOLVED	18	15	1	8.913457703170935e-05	0.001297350681507404	0.0022922640665812284	positive	34	0	0	0	0	0.0	0.0	0.0	245.5	243.61764705882354	236.0	251.0	7.75	0.5187325992135109	0.5187325992135109	0.5237831042640159	
fibroblast → Ccl11 → Cxcr3 → CD4	LR|fibroblast|Ccl11	34	0	0		UNRESOLVED	21	12	1	0.0005430243442201676	0.0029377126017354283	0.0075330282132211645	positive	34	0	0	0	0	0.0	0.0	0.0	106.0	107.58823529411765	104.0	120.0	6.0	0.6107321019706963	0.6107321019706963	0.6157826070212012	
fibroblast → Ccl11 → Ccr2 → CD4	LR|fibroblast|Ccl11	34	0	0		UNRESOLVED	21	12	1	0.0005430243442201676	0.0029377126017354283	0.0075330282132211645	positive	34	0	0	0	0	0.0	0.0	0.0	106.0	107.58823529411765	104.0	120.0	6.0	0.6107321019706963	0.6107321019706963	0.6157826070212012	
fibroblast → Lama4 → Itga6_Itgb1 → CD4	LR|fibroblast|Lama4	34	0	0		UNRESOLVED	20	13	1	0.000536080758799801	0.002268103746521422	0.005190225195854038	positive	34	0	0	0	0	0.0	0.0	0.0	237.0	236.7058823529412	232.0	243.0	5.5	0.5223482635868578	0.5223482635868578	0.5273987686373629	
neutrophil → Lamb3 → Itga6_Itgb1 → CD4	LR|neutrophil|Lamb3	19	0	0		UNRESOLVED	9	9	1	0.0	-0.0013682921629309657	0.0027895622287522114	undetermined	19	0	0	0	0	0.0	0.0	0.0	198.0	197.52631578947367	197.0	198.0	1.0	0.5753237451746552	0.5753237451746552	0.5753237451746552	
neutrophil → Pdcd1lg2 → Pdcd1 → CD4	LR|neutrophil|Pdcd1lg2	19	0	0		UNRESOLVED	5	13	1	-0.00028255596799306746	-0.0021012127233551014	0.0028099116971062924	negative	19	0	0	0	0	0.0	0.0	0.0	83.0	83.36842105263158	77.0	89.0	9.0	0.6265867671831769	0.6265867671831769	0.6358460264424362	
neutrophil → Pdcd1lg2 → Pdcd1 → CD8	LR|neutrophil|Pdcd1lg2	19	0	0		UNRESOLVED	11	7	1	0.00022054965824016724	-0.004217596577624471	0.005209741852205739	positive	19	0	0	0	0	0.0	0.0	0.0	131.0	126.10526315789474	105.0	141.0	24.5	0.601734084700199	0.601734084700199	0.6109933439594583	
fibroblast → Col1a2 → Itgav_Itgb8 → CD4	LR|fibroblast|Col1a2	34	0	0		UNRESOLVED	15	18	1	-0.00027133361590711834	0.0008366960525162234	0.014585773476121403	negative	34	0	0	0	0	0.0	0.0	0.0	183.0	181.7058823529412	169.0	191.0	12.0	0.5831174953881689	0.5831174953881689	0.588168000438674	
neutrophil → Vegfa → Nrp1 → CD8	LR|neutrophil|Vegfa	19	0	0		UNRESOLVED	7	11	1	-0.0007307604362535989	-0.008330098059982633	0.0133281820814547	negative	19	0	0	0	0	0.0	0.0	0.0	132.0	126.52631578947368	110.0	139.0	16.0	0.6013668001072618	0.6013668001072618	0.6106260593665211	
fibroblast → Hspg2 → Ptprs → CD4	LR|fibroblast|Hspg2	34	0	0		UNRESOLVED	13	20	1	-0.00022242795386842766	0.0007214179984103339	0.004999803081385203	negative	34	0	0	0	0	0.0	0.0	0.0	234.0	234.52941176470588	230.0	240.0	6.0	0.5248069180842759	0.5248069180842759	0.5298574231347809	
fibroblast → Adam10 → Tspan14 → CD8	LR|fibroblast|Adam10	34	0	0		UNRESOLVED	18	15	1	8.913457703170935e-05	0.001297350681507404	0.0022922640665812284	positive	34	0	0	0	0	0.0	0.0	0.0	245.5	243.61764705882354	236.0	251.0	7.75	0.5187325992135109	0.5187325992135109	0.5237831042640159	
fibroblast → Ccl11 → Dpp4 → CD4	LR|fibroblast|Ccl11	34	0	0		UNRESOLVED	21	12	1	0.0005430243442201676	0.0029377126017354283	0.0075330282132211645	positive	34	0	0	0	0	0.0	0.0	0.0	106.0	107.58823529411765	104.0	120.0	6.0	0.6107321019706963	0.6107321019706963	0.6157826070212012	
fibroblast → Adam10 → Notch2 → CD8	LR|fibroblast|Adam10	34	0	0		UNRESOLVED	18	15	1	8.913457703170935e-05	0.001297350681507404	0.0022922640665812284	positive	34	0	0	0	0	0.0	0.0	0.0	245.5	243.61764705882354	236.0	251.0	7.75	0.5187325992135109	0.5187325992135109	0.5237831042640159	
fibroblast → Icam1 → Spn → CD8	LR|fibroblast|Icam1	34	0	0		UNRESOLVED	15	18	1	-7.332142990508686e-05	0.0005042480111758149	0.004620096623358503	negative	34	0	0	0	0	0.0	0.0	0.0	157.0	153.23529411764707	144.0	162.0	11.75	0.5943195993456749	0.5943195993456749	0.59937010439618	
fibroblast → Icam1 → Il2rg → CD8	LR|fibroblast|Icam1	34	0	0		UNRESOLVED	15	18	1	-7.332142990508686e-05	0.0005042480111758149	0.004620096623358503	negative	34	0	0	0	0	0.0	0.0	0.0	157.0	153.23529411764707	144.0	162.0	11.75	0.5943195993456749	0.5943195993456749	0.59937010439618	
neutrophil → Lamb3 → Itga3_Itgb1 → CD4	LR|neutrophil|Lamb3	19	0	0		UNRESOLVED	9	9	1	0.0	-0.0013682921629309657	0.0027895622287522114	undetermined	19	0	0	0	0	0.0	0.0	0.0	198.0	197.52631578947367	197.0	198.0	1.0	0.5753237451746552	0.5753237451746552	0.5753237451746552	
fibroblast → Adam10 → Notch1 → CD8	LR|fibroblast|Adam10	34	0	0		UNRESOLVED	18	15	1	8.913457703170935e-05	0.001297350681507404	0.0022922640665812284	positive	34	0	0	0	0	0.0	0.0	0.0	245.5	243.61764705882354	236.0	251.0	7.75	0.5187325992135109	0.5187325992135109	0.5237831042640159	
neutrophil → Pdcd1lg2 → Rgmb → CD8	LR|neutrophil|Pdcd1lg2	19	0	0		UNRESOLVED	11	7	1	0.00022054965824016724	-0.004217596577624471	0.005209741852205739	positive	19	0	0	0	0	0.0	0.0	0.0	131.0	126.10526315789474	105.0	141.0	24.5	0.601734084700199	0.601734084700199	0.6109933439594583	
fibroblast → Ccl11 → Ccr5 → CD4	LR|fibroblast|Ccl11	34	0	0		UNRESOLVED	21	12	1	0.0005430243442201676	0.0029377126017354283	0.0075330282132211645	positive	34	0	0	0	0	0.0	0.0	0.0	106.0	107.58823529411765	104.0	120.0	6.0	0.6107321019706963	0.6107321019706963	0.6157826070212012	
neutrophil → Hdc → Hrh2 → CD8	LR|neutrophil|Hdc	19	0	0		UNRESOLVED	15	3	1	0.005175285634684457	0.014735148892453928	0.020497642977385724	positive	19	0	0	0	0	0.0	0.0	0.0	209.0	208.3684210526316	205.0	210.0	0.0	0.557604950804552	0.557604950804552	0.5668642100638112	
fibroblast → Mfap2 → Notch1 → CD8	LR|fibroblast|Mfap2	34	0	0		UNRESOLVED	19	14	1	0.0001640913470560536	0.0004103280272655613	0.002402357835736003	positive	34	0	0	0	0	0.0	0.0	0.0	182.5	181.85294117647058	170.0	194.0	11.5	0.5837787885804265	0.5837787885804265	0.5888292936309316	
fibroblast → Ccl11 → Ccr3 → CD4	LR|fibroblast|Ccl11	34	0	0		UNRESOLVED	21	12	1	0.0005430243442201676	0.0029377126017354283	0.0075330282132211645	positive	34	0	0	0	0	0.0	0.0	0.0	106.0	107.58823529411765	104.0	120.0	6.0	0.6107321019706963	0.6107321019706963	0.6157826070212012	
fibroblast → Lama4 → Itga3_Itgb1 → CD4	LR|fibroblast|Lama4	34	0	0		UNRESOLVED	20	13	1	0.000536080758799801	0.002268103746521422	0.005190225195854038	positive	34	0	0	0	0	0.0	0.0	0.0	237.0	236.7058823529412	232.0	243.0	5.5	0.5223482635868578	0.5223482635868578	0.5273987686373629	
fibroblast → Icam1 → Itgal_Itgb2 → CD8	LR|fibroblast|Icam1	34	0	0		UNRESOLVED	15	18	1	-7.332142990508686e-05	0.0005042480111758149	0.004620096623358503	negative	34	0	0	0	0	0.0	0.0	0.0	157.0	153.23529411764707	144.0	162.0	11.75	0.5943195993456749	0.5943195993456749	0.59937010439618	
neutrophil → Vegfa → Itga9 → CD4	LR|neutrophil|Vegfa	19	0	0		UNRESOLVED	7	11	1	-0.00024222623020508845	-0.0016588001961757325	0.005368085897262835	negative	19	0	0	0	0	0.0	0.0	0.0	126.0	120.21052631578948	106.0	133.0	18.0	0.6023724266003456	0.6023724266003456	0.6116316858596049	
neutrophil → Vegfa → Ret → CD8	LR|neutrophil|Vegfa	19	0	0		UNRESOLVED	7	11	1	-0.0007307604362535989	-0.008330098059982633	0.0133281820814547	negative	19	0	0	0	0	0.0	0.0	0.0	251.0	245.31578947368422	233.0	256.0	18.0	0.517867046508712	0.517867046508712	0.5271263057679713	
neutrophil → Lamb3 → Itga9_Itgb1 → CD4	LR|neutrophil|Lamb3	19	0	0		UNRESOLVED	9	9	1	0.0	-0.0013682921629309657	0.0027895622287522114	undetermined	19	0	0	0	0	0.0	0.0	0.0	202.0	201.52631578947367	201.0	202.0	1.0	0.5750530996431787	0.5750530996431787	0.5750530996431787	
neutrophil → Ccl25 → Ccr10 → CD4	LR|neutrophil|Ccl25	19	0	0		UNRESOLVED	5	13	1	-0.0003274697437863594	-0.00020019346624734676	0.0008245167638971105	negative	19	0	0	0	0	0.0	0.0	0.0	92.0	90.36842105263158	82.0	99.0	13.5	0.6199526932573939	0.6199526932573939	0.6292119525166532	
neutrophil → Gpi1 → Amfr → CD8	LR|neutrophil|Gpi1	19	0	0		UNRESOLVED	1	17	1	-0.002426771824070706	-0.00455875849987129	0.005559319343528804	negative	19	0	0	0	0	0.0	0.0	0.0	203.0	202.68421052631578	195.0	204.0	1.0	0.5717069188213978	0.5717069188213978	0.5809661780806571	
fibroblast → Adam10 → Il6ra → CD8	LR|fibroblast|Adam10	34	0	0		UNRESOLVED	18	15	1	8.913457703170935e-05	0.001297350681507404	0.0022922640665812284	positive	34	0	0	0	0	0.0	0.0	0.0	258.5	255.55882352941177	249.0	260.0	8.0	0.5140718831418017	0.5140718831418017	0.5191223881923067	
neutrophil → Pdcd1lg2 → Pdcd2 → CD4	LR|neutrophil|Pdcd1lg2	19	0	0		UNRESOLVED	5	13	1	-0.00028255596799306746	-0.0021012127233551014	0.0028099116971062924	negative	19	0	0	0	0	0.0	0.0	0.0	222.0	219.78947368421052	213.0	223.0	6.5	0.5382281597963261	0.5382281597963261	0.5474874190555854	
neutrophil → Pdcd1lg2 → Pdcd2 → CD8	LR|neutrophil|Pdcd1lg2	19	0	0		UNRESOLVED	11	7	1	0.00022054965824016724	-0.004217596577624471	0.005209741852205739	positive	19	0	0	0	0	0.0	0.0	0.0	269.0	258.63157894736844	241.0	271.0	25.5	0.5122468058678133	0.5122468058678133	0.5215060651270726	
fibroblast → Igsf10 → Cd200r4 → CD4	LR|fibroblast|Igsf10	34	0	0		UNRESOLVED	16	17	1	-2.9420063922148034e-05	0.001199568520326817	0.006301972601936533	negative	34	0	0	0	0	0.0	0.0	0.0	203.0	203.0	202.0	204.0	0.0	0.5724960464330304	0.5724960464330304	0.5724960464330304	
neutrophil → Lamb3 → Itga2_Itgb1 → CD4	LR|neutrophil|Lamb3	19	0	0		UNRESOLVED	9	9	1	0.0	-0.0013682921629309657	0.0027895622287522114	undetermined	19	0	0	0	0	0.0	0.0	0.0	206.0	206.42105263157896	206.0	207.0	1.0	0.5663916582366777	0.5663916582366777	0.5663916582366777	
fibroblast → Hspg2 → Itga2 → CD8	LR|fibroblast|Hspg2	34	0	0		UNRESOLVED	23	10	1	0.0010059183603885013	0.0031799097331306355	0.005018415279680812	positive	34	0	0	0	0	0.0	0.0	0.0	161.0	159.2941176470588	148.0	167.0	9.25	0.5932040723669275	0.5932040723669275	0.5982545774174327	
neutrophil → Pdcd1lg2 → Rgmb → CD4	LR|neutrophil|Pdcd1lg2	19	0	0		UNRESOLVED	5	13	1	-0.00028255596799306746	-0.0021012127233551014	0.0028099116971062924	negative	19	0	0	0	0	0.0	0.0	0.0	103.0	97.36842105263158	84.0	103.0	15.5	0.6162143578258211	0.6162143578258211	0.6254736170850804	
fibroblast → Col6a2 → Itga2_Itgb1 → CD8	LR|fibroblast|Col6a2	34	0	0		UNRESOLVED	21	12	1	0.0004783697629477565	0.0038264224288178284	0.012041902862171442	positive	34	0	0	0	0	0.0	0.0	0.0	181.0	181.91176470588235	169.0	194.0	13.5	0.584094720712335	0.584094720712335	0.5891452257628401	
neutrophil → Vegfa → Sirpa → CD8	LR|neutrophil|Vegfa	19	0	0		UNRESOLVED	7	11	1	-0.0007307604362535989	-0.008330098059982633	0.0133281820814547	negative	19	0	0	0	0	0.0	0.0	0.0	270.0	265.7368421052632	255.0	276.0	15.5	0.5058354854661244	0.5058354854661244	0.5150947447253837	
fibroblast → Col1a2 → Itga3_Itgb1 → CD4	LR|fibroblast|Col1a2	34	0	0		UNRESOLVED	15	18	1	-0.00027133361590711834	0.0008366960525162234	0.014585773476121403	negative	34	0	0	0	0	0.0	0.0	0.0	204.0	201.88235294117646	197.0	204.0	2.0	0.5708413919440346	0.5708413919440346	0.5758918969945397	
fibroblast → Adam10 → Axl → CD8	LR|fibroblast|Adam10	34	0	0		UNRESOLVED	18	15	1	8.913457703170935e-05	0.001297350681507404	0.0022922640665812284	positive	34	0	0	0	0	0.0	0.0	0.0	271.0	271.4117647058824	269.0	275.0	4.0	0.5061708681569671	0.5061708681569671	0.5112213732074721	
neutrophil → Lamb3 → Dag1 → CD4	LR|neutrophil|Lamb3	19	0	0		UNRESOLVED	9	9	1	0.0	-0.0013682921629309657	0.0027895622287522114	undetermined	19	0	0	0	0	0.0	0.0	0.0	208.0	208.21052631578948	208.0	209.0	0.0	0.56251019257675	0.56251019257675	0.56251019257675	
neutrophil → Vegfa → Gpc1 → CD4	LR|neutrophil|Vegfa	19	0	0		UNRESOLVED	7	11	1	-0.00024222623020508845	-0.0016588001961757325	0.005368085897262835	negative	19	0	0	0	0	0.0	0.0	0.0	271.0	267.1578947368421	259.0	275.0	12.0	0.5050188419065124	0.5050188419065124	0.5142781011657717	
neutrophil → Hdc → Hrh4 → CD8	LR|neutrophil|Hdc	19	0	0		UNRESOLVED	15	3	1	0.005175285634684457	0.014735148892453928	0.020497642977385724	positive	19	0	0	0	0	0.0	0.0	0.0	215.0	215.0	212.0	217.0	1.0	0.5428209407273891	0.5428209407273891	0.5520801999866483	
neutrophil → Vegfa → Gpc1 → CD8	LR|neutrophil|Vegfa	19	0	0		UNRESOLVED	7	11	1	-0.0007307604362535989	-0.008330098059982633	0.0133281820814547	negative	19	0	0	0	0	0.0	0.0	0.0	274.0	273.36842105263156	270.0	277.0	4.5	0.5029688102810096	0.5029688102810096	0.5122280695402689	
neutrophil → Vegfa → Nrp2 → CD4	LR|neutrophil|Vegfa	19	0	0		UNRESOLVED	7	11	1	-0.00024222623020508845	-0.0016588001961757325	0.005368085897262835	negative	19	0	0	0	0	0.0	0.0	0.0	172.0	167.3684210526316	153.0	184.0	21.0	0.5869762424764349	0.5869762424764349	0.5962355017356942	
fibroblast → Col7a1 → Itga1_Itgb1 → CD8	LR|fibroblast|Col7a1	34	0	0		UNRESOLVED	10	23	1	-0.0011259341694847237	-0.0022405660496279	0.002820512441803561	negative	34	0	0	0	0	0.0	0.0	0.0	173.5	172.85294117647058	162.0	183.0	13.75	0.5878029452546286	0.5878029452546286	0.5928534503051338	
neutrophil → Vegfa → Sirpa → CD4	LR|neutrophil|Vegfa	19	0	0		UNRESOLVED	7	11	1	-0.00024222623020508845	-0.0016588001961757325	0.005368085897262835	negative	19	0	0	0	0	0.0	0.0	0.0	273.0	272.2631578947368	269.0	276.0	4.0	0.5030300307277384	0.5030300307277384	0.5122892899869976	
neutrophil → Vegfa → Nrp2 → CD8	LR|neutrophil|Vegfa	19	0	0		UNRESOLVED	7	11	1	-0.0007307604362535989	-0.008330098059982633	0.0133281820814547	negative	19	0	0	0	0	0.0	0.0	0.0	179.0	171.52631578947367	156.0	185.0	21.0	0.5852924378225771	0.5852924378225771	0.5945516970818364	
neutrophil → Lamb3 → Cd151 → CD4	LR|neutrophil|Lamb3	19	0	0		UNRESOLVED	9	9	1	0.0	-0.0013682921629309657	0.0027895622287522114	undetermined	19	0	0	0	0	0.0	0.0	0.0	278.0	278.0	278.0	278.0	0.0	0.49236929304941857	0.49236929304941857	0.49236929304941857	
fibroblast → Adam10 → Gpnmb → CD8	LR|fibroblast|Adam10	34	0	0		UNRESOLVED	18	15	1	8.913457703170935e-05	0.001297350681507404	0.0022922640665812284	positive	34	0	0	0	0	0.0	0.0	0.0	275.0	274.61764705882354	270.0	277.0	3.0	0.5024434737805498	0.5024434737805498	0.5074939788310548	
fibroblast → Lama4 → Itga9_Itgb1 → CD4	LR|fibroblast|Lama4	34	0	0		UNRESOLVED	20	13	1	0.000536080758799801	0.002268103746521422	0.005190225195854038	positive	34	0	0	0	0	0.0	0.0	0.0	273.0	272.5	269.0	276.0	3.75	0.50469762251391	0.50469762251391	0.5097481275644151	
neutrophil → Vegfa → Tyro3 → CD4	LR|neutrophil|Vegfa	19	0	0		UNRESOLVED	7	11	1	-0.00024222623020508845	-0.0016588001961757325	0.005368085897262835	negative	19	0	0	0	0	0.0	0.0	0.0	180.0	174.42105263157896	161.0	187.0	20.5	0.5845825425564268	0.5845825425564268	0.5938418018156861	
neutrophil → Hdc → Hrh1 → CD8	LR|neutrophil|Hdc	19	0	0		UNRESOLVED	15	3	1	0.005175285634684457	0.014735148892453928	0.020497642977385724	positive	19	0	0	0	0	0.0	0.0	0.0	219.0	218.52631578947367	214.0	223.0	2.0	0.5392837866756066	0.5392837866756066	0.5485430459348658	
neutrophil → Vegfa → Tyro3 → CD8	LR|neutrophil|Vegfa	19	0	0		UNRESOLVED	7	11	1	-0.0007307604362535989	-0.008330098059982633	0.0133281820814547	negative	19	0	0	0	0	0.0	0.0	0.0	185.0	178.8421052631579	165.0	190.0	19.0	0.5828925242601057	0.5828925242601057	0.592151783519365	
neutrophil → Vegfa → Ephb2 → CD4	LR|neutrophil|Vegfa	19	0	0		UNRESOLVED	7	11	1	-0.00024222623020508845	-0.0016588001961757325	0.005368085897262835	negative	19	0	0	0	0	0.0	0.0	0.0	182.0	175.89473684210526	163.0	188.0	21.0	0.5838749014535297	0.5838749014535297	0.5931341607127889	
neutrophil → Lamb3 → Itga7_Itgb1 → CD4	LR|neutrophil|Lamb3	19	0	0		UNRESOLVED	9	9	1	0.0	-0.0013682921629309657	0.0027895622287522114	undetermined	19	0	0	0	0	0.0	0.0	0.0	210.0	210.21052631578948	210.0	211.0	0.0	0.5564999615205809	0.5564999615205809	0.5564999615205809	
neutrophil → Vegfa → Egfr → CD4	LR|neutrophil|Vegfa	19	0	0		UNRESOLVED	7	11	1	-0.00024222623020508845	-0.0016588001961757325	0.005368085897262835	negative	19	0	0	0	0	0.0	0.0	0.0	183.0	177.42105263157896	164.0	189.0	20.0	0.5833539025549229	0.5833539025549229	0.5926131618141821	
neutrophil → Vegfa → Itga9 → CD8	LR|neutrophil|Vegfa	19	0	0		UNRESOLVED	7	11	1	-0.0007307604362535989	-0.008330098059982633	0.0133281820814547	negative	19	0	0	0	0	0.0	0.0	0.0	187.0	180.57894736842104	166.0	192.0	19.0	0.5823238558987303	0.5823238558987303	0.5915831151579894	
neutrophil → Hdc → Hrh3 → CD8	LR|neutrophil|Hdc	19	0	0		UNRESOLVED	15	3	1	0.005175285634684457	0.014735148892453928	0.020497642977385724	positive	19	0	0	0	0	0.0	0.0	0.0	221.0	220.31578947368422	215.0	225.0	2.0	0.5382862983399492	0.5382862983399492	0.5475455575992084	
neutrophil → Vegfa → Ret → CD4	LR|neutrophil|Vegfa	19	0	0		UNRESOLVED	7	11	1	-0.00024222623020508845	-0.0016588001961757325	0.005368085897262835	negative	19	0	0	0	0	0.0	0.0	0.0	277.0	275.2631578947368	271.0	277.0	3.5	0.4995731348062713	0.4995731348062713	0.5088323940655305	
neutrophil → Vegfa → Grin2b → CD4	LR|neutrophil|Vegfa	19	0	0		UNRESOLVED	7	11	1	-0.00024222623020508845	-0.0016588001961757325	0.005368085897262835	negative	19	0	0	0	0	0.0	0.0	0.0	186.0	181.0	169.0	193.0	19.5	0.5828496365173792	0.5828496365173792	0.5921088957766385	
neutrophil → Vegfa → Ephb2 → CD8	LR|neutrophil|Vegfa	19	0	0		UNRESOLVED	7	11	1	-0.0007307604362535989	-0.008330098059982633	0.0133281820814547	negative	19	0	0	0	0	0.0	0.0	0.0	189.0	182.73684210526315	169.0	193.0	17.0	0.5816223041591471	0.5816223041591471	0.5908815634184063	
neutrophil → Vegfa → Flt1_Kdr → CD4	LR|neutrophil|Vegfa	19	0	0		UNRESOLVED	7	11	1	-0.00024222623020508845	-0.0016588001961757325	0.005368085897262835	negative	19	0	0	0	0	0.0	0.0	0.0	188.0	183.0	171.0	195.0	18.5	0.5821172242464562	0.5821172242464562	0.5913764835057155	
neutrophil → Ccl25 → Ccr9 → CD4	LR|neutrophil|Ccl25	19	0	0		UNRESOLVED	5	13	1	-0.0003274697437863594	-0.00020019346624734676	0.0008245167638971105	negative	19	0	0	0	0	0.0	0.0	0.0	140.0	135.94736842105263	117.0	144.0	12.0	0.6006337654613718	0.6006337654613718	0.609893024720631	
neutrophil → Vegfa → Egfr → CD8	LR|neutrophil|Vegfa	19	0	0		UNRESOLVED	7	11	1	-0.0007307604362535989	-0.008330098059982633	0.0133281820814547	negative	19	0	0	0	0	0.0	0.0	0.0	193.0	185.47368421052633	170.0	195.0	19.0	0.581076314650613	0.581076314650613	0.5903355739098723	
neutrophil → Vegfa → Grin2b → CD8	LR|neutrophil|Vegfa	19	0	0		UNRESOLVED	7	11	1	-0.0007307604362535989	-0.008330098059982633	0.0133281820814547	negative	19	0	0	0	0	0.0	0.0	0.0	194.0	186.47368421052633	171.0	196.0	19.0	0.5810410852928315	0.5810410852928315	0.5903003445520908	
neutrophil → Ccl25 → Grm7 → CD4	LR|neutrophil|Ccl25	19	0	0		UNRESOLVED	5	13	1	-0.0003274697437863594	-0.00020019346624734676	0.0008245167638971105	negative	19	0	0	0	0	0.0	0.0	0.0	141.0	136.94736842105263	118.0	145.0	12.0	0.600217507940489	0.600217507940489	0.6094767671997482	
neutrophil → Ccl25 → Ackr4 → CD4	LR|neutrophil|Ccl25	19	0	0		UNRESOLVED	5	13	1	-0.0003274697437863594	-0.00020019346624734676	0.0008245167638971105	negative	19	0	0	0	0	0.0	0.0	0.0	142.0	137.94736842105263	119.0	146.0	12.0	0.6001613936783224	0.6001613936783224	0.6094206529375817	
neutrophil → Lamb3 → Itga6_Itgb4 → CD4	LR|neutrophil|Lamb3	19	0	0		UNRESOLVED	9	9	1	0.0	-0.0013682921629309657	0.0027895622287522114	undetermined	19	0	0	0	0	0.0	0.0	0.0	279.0	279.0	279.0	279.0	0.0	0.48784168290720925	0.48784168290720925	0.48784168290720925	
fibroblast → Lama4 → Itga2_Itgb1 → CD4	LR|fibroblast|Lama4	34	0	0		UNRESOLVED	20	13	1	0.000536080758799801	0.002268103746521422	0.005190225195854038	positive	34	0	0	0	0	0.0	0.0	0.0	276.0	275.7647058823529	270.0	277.0	1.0	0.5013674277583032	0.5013674277583032	0.5064179328088083	
neutrophil → Ccl25 → Adra2a → CD4	LR|neutrophil|Ccl25	19	0	0		UNRESOLVED	5	13	1	-0.0003274697437863594	-0.00020019346624734676	0.0008245167638971105	negative	19	0	0	0	0	0.0	0.0	0.0	143.0	139.05263157894737	121.0	147.0	12.0	0.5998117046893987	0.5998117046893987	0.6090709639486579	
neutrophil → Ccl25 → Mtnr1a → CD4	LR|neutrophil|Ccl25	19	0	0		UNRESOLVED	5	13	1	-0.0003274697437863594	-0.00020019346624734676	0.0008245167638971105	negative	19	0	0	0	0	0.0	0.0	0.0	144.0	140.05263157894737	122.0	148.0	12.0	0.5997195847188507	0.5997195847188507	0.60897884397811	
Nrip1	INTRINSIC|Nrip1	47	0	0		UNRESOLVED	42	5	0	0.7352075576782227	0.5847061644209192	0.6100864410400391	positive	47	0	0	0	47	0.0	1.0	0.0	8.0	8.27659574468085	7.0	10.0	1.0	0.7318840579710145	0.7318840579710145	0.7355072463768115	
Neb	INTRINSIC|Neb	47	0	0		UNRESOLVED	33	13	1	0.5119304656982422	0.9931682779433879	1.6770126819610596	positive	47	0	0	0	0	0.0	0.0	0.0	71.0	71.17021276595744	71.0	72.0	0.0	0.6602386620517512	0.6602386620517512	0.6638618504575482	
Ndrg1	INTRINSIC|Ndrg1	47	0	0		UNRESOLVED	41	4	2	0.9662246704101562	1.5283100097737414	1.5563175678253174	positive	47	0	0	0	0	0.0	0.0	0.0	43.0	41.829787234042556	31.0	45.0	2.0	0.7058066816603569	0.7058066816603569	0.7094298700661539	
Ncoa7	INTRINSIC|Ncoa7	42	0	0		UNRESOLVED	10	32	0	-0.4185981750488281	-0.5973984457197643	0.7466907501220703	negative	42	0	0	0	0	0.0	0.0	0.0	31.0	30.833333333333332	26.0	35.0	1.75	0.709349593495935	0.709349593495935	0.7134146341463414	
Tsc22d3	INTRINSIC|Tsc22d3	42	0	0		UNRESOLVED	33	9	0	0.5301661491394043	0.4683327561333066	0.8482295274734497	positive	42	0	0	0	0	0.0	0.0	0.0	26.0	25.071428571428573	18.0	28.0	1.0	0.7134146341463414	0.7134146341463414	0.7174796747967479	
Spata6	INTRINSIC|Spata6	42	0	0		UNRESOLVED	13	29	0	-0.2693452835083008	-0.3005309331984747	0.6255738735198975	negative	42	0	0	0	0	0.0	0.0	0.0	50.0	49.976190476190474	47.0	53.0	2.0	0.6971544715447155	0.6971544715447155	0.7012195121951219	
Ero1l	INTRINSIC|Ero1l	47	0	0		UNRESOLVED	34	13	0	0.4525456428527832	0.3641410989964262	1.1313765048980713	positive	47	0	0	0	0	0.0	0.0	0.0	44.0	43.06382978723404	37.0	47.0	5.0	0.7028985507246377	0.7028985507246377	0.7065217391304347	
Ncapg2	INTRINSIC|Ncapg2	42	0	0		UNRESOLVED	9	33	0	-0.6162676811218262	-0.8828578392664591	0.8762342929840088	negative	42	0	0	0	0	0.0	0.0	0.0	62.0	61.785714285714285	61.0	62.0	0.0	0.6821586289277235	0.6821586289277235	0.6862236695781299	
Errfi1	INTRINSIC|Errfi1	42	0	0		UNRESOLVED	38	4	0	0.6671466827392578	0.7977801391056606	0.6636515855789185	positive	42	0	0	0	0	0.0	0.0	0.0	37.0	36.54761904761905	28.0	40.0	1.75	0.7066881627143026	0.7066881627143026	0.7107532033647089	
Spry1	INTRINSIC|Spry1	47	0	0		UNRESOLVED	35	11	1	1.0403380393981934	1.0936454509166962	1.8636196851730347	positive	47	0	0	0	0	0.0	0.0	0.0	38.0	36.212765957446805	27.0	42.0	4.0	0.7065217391304347	0.7065217391304347	0.7101449275362319	
N4bp1	INTRINSIC|N4bp1	42	0	0		UNRESOLVED	32	10	0	0.5680170059204102	0.4080475284939721	0.8231308460235596	positive	42	0	0	0	0	0.0	0.0	0.0	32.0	31.071428571428573	26.0	35.0	2.75	0.709349593495935	0.709349593495935	0.7134146341463414	
Eya2	INTRINSIC|Eya2	42	0	0		UNRESOLVED	13	29	0	-0.5254523754119873	-0.8447821424120948	1.4812976121902466	negative	42	0	0	0	0	0.0	0.0	0.0	50.0	49.92857142857143	47.0	53.0	2.0	0.6971544715447155	0.6971544715447155	0.7012195121951219	
Ezh2	INTRINSIC|Ezh2	47	0	0		UNRESOLVED	14	33	0	-0.4007701873779297	-0.37224259275071164	0.8871099948883057	negative	47	0	0	0	0	0.0	0.0	0.0	75.0	74.97872340425532	74.0	76.0	0.0	0.6426788304113301	0.6426788304113301	0.6463020188171272	
Myo1f	INTRINSIC|Myo1f	42	0	0		UNRESOLVED	5	37	0	-0.5580644607543945	-0.6930156378518968	0.6458902359008789	negative	42	0	0	0	5	0.0	0.11904761904761904	0.0	11.0	10.666666666666666	7.0	12.0	0.0	0.7296747967479674	0.7296747967479674	0.733739837398374	
Fam117b	INTRINSIC|Fam117b	42	0	0		UNRESOLVED	13	29	0	-0.35390162467956543	-0.38399860972449895	0.7474061250686646	negative	42	0	0	0	0	0.0	0.0	0.0	54.0	53.976190476190474	50.0	58.0	4.0	0.693319435189606	0.693319435189606	0.6973844758400126	
Nebl	INTRINSIC|Nebl	47	0	0		UNRESOLVED	44	3	0	1.3467845916748047	1.4643303079808012	0.7949337959289551	positive	47	0	0	0	0	0.0	0.0	0.0	36.0	36.08510638297872	27.0	41.0	1.0	0.7077109971285126	0.7077109971285126	0.7113341855343096	
Nlk	INTRINSIC|Nlk	47	0	0		UNRESOLVED	8	39	0	-0.42690515518188477	-0.41543680556277013	0.4401848316192627	negative	47	0	0	0	0	0.0	0.0	0.0	18.0	17.340425531914892	13.0	21.0	1.0	0.7210144927536232	0.7210144927536232	0.7246376811594203	
Ece1	INTRINSIC|Ece1	42	0	0		UNRESOLVED	31	11	0	0.588947057723999	0.6807972817193895	1.5852208137512207	positive	42	0	0	0	0	0.0	0.0	0.0	43.0	41.023809523809526	30.0	45.0	7.0	0.7052845528455284	0.7052845528455284	0.709349593495935	
Nfkbiz	INTRINSIC|Nfkbiz	42	0	0		UNRESOLVED	41	1	0	1.5138304233551025	1.4553562573024206	0.6819977760314941	positive	42	0	1	42	42	0.023809523809523808	1.0	1.0	2.0	2.0238095238095237	1.0	3.0	0.0	0.7459349593495935	0.7459349593495935	0.75	
Eea1	INTRINSIC|Eea1	42	0	0		UNRESOLVED	34	8	0	0.8366091251373291	0.8099770205361503	1.1405184268951416	positive	42	0	0	0	0	0.0	0.0	0.0	19.0	18.38095238095238	15.0	22.0	1.0	0.7174796747967479	0.7174796747967479	0.7215447154471545	
Efcab11	INTRINSIC|Efcab11	47	0	0		UNRESOLVED	7	32	8	-0.5580878257751465	-1.245930220218415	2.9466437101364136	negative	47	0	0	0	0	0.0	0.0	0.0	83.0	83.19148936170212	81.0	88.0	1.0	0.6268600845587756	0.6268600845587756	0.6304832729645727	
Egr2	INTRINSIC|Egr2	47	0	0		UNRESOLVED	35	8	4	1.5579217672348022	1.805566336246247	3.377386212348938	positive	47	0	0	0	0	0.0	0.0	0.0	59.0	59.191489361702125	57.0	61.0	1.0	0.6890982629166554	0.6890982629166554	0.6927214513224526	
Nfkbid	INTRINSIC|Nfkbid	42	0	0		UNRESOLVED	41	1	0	1.4514312744140625	1.586978412809826	0.7447304725646973	positive	42	0	1	42	42	0.023809523809523808	1.0	1.0	2.0	2.0238095238095237	1.0	3.0	0.0	0.7459349593495935	0.7459349593495935	0.75	
Nfkbia	INTRINSIC|Nfkbia	42	0	0		UNRESOLVED	42	0	0	1.7529881000518799	1.7939482189360119	0.6333084106445312	positive	42	0	42	42	42	1.0	1.0	1.0	1.0	1.0	1.0	1.0	0.0	0.75	0.75	0.75	
Eif2ak3	INTRINSIC|Eif2ak3	42	0	0		UNRESOLVED	4	38	0	-0.5267231464385986	-0.753412854103815	0.9302264451980591	negative	42	0	0	0	42	0.0	1.0	0.0	7.0	7.0476190476190474	5.0	9.0	0.0	0.733739837398374	0.733739837398374	0.7378048780487805	
Nfatc2	INTRINSIC|Nfatc2	47	0	0		UNRESOLVED	40	7	0	0.7427020072937012	0.708875189436243	0.6341629028320312	positive	47	0	0	0	0	0.0	0.0	0.0	13.0	13.361702127659575	13.0	14.0	1.0	0.7246376811594203	0.7246376811594203	0.7282608695652174	
Nfat5	INTRINSIC|Nfat5	42	0	0		UNRESOLVED	39	3	0	0.5858545303344727	0.7185845147995722	0.7376937866210938	positive	42	0	0	0	42	0.0	1.0	0.0	5.0	5.071428571428571	5.0	6.0	0.0	0.7378048780487805	0.7378048780487805	0.741869918699187	
Elovl5	INTRINSIC|Elovl5	42	0	0		UNRESOLVED	35	7	0	0.7266881465911865	0.5356890133449009	0.7764263153076172	positive	42	0	0	0	0	0.0	0.0	0.0	15.0	14.928571428571429	13.0	17.0	0.0	0.7215447154471545	0.7215447154471545	0.725609756097561	
Emp1	INTRINSIC|Emp1	47	0	0		UNRESOLVED	41	6	0	0.8128318786621094	0.7458237181318567	0.8567750453948975	positive	47	0	0	0	0	0.0	0.0	0.0	67.0	67.2127659574468	65.0	69.0	1.0	0.6670916614223751	0.6670916614223751	0.6707148498281722	
Myo10	INTRINSIC|Myo10	42	0	0		UNRESOLVED	28	14	0	0.6891367435455322	1.3946547167641776	2.272946536540985	positive	42	0	0	0	0	0.0	0.0	0.0	55.0	54.142857142857146	49.0	57.0	4.0	0.6930894308943089	0.6930894308943089	0.6971544715447155	
Trps1	INTRINSIC|Trps1	42	0	0		UNRESOLVED	34	8	0	0.40811800956726074	0.36841544650849845	0.5105905532836914	positive	42	0	0	0	0	0.0	0.0	0.0	19.0	18.38095238095238	15.0	22.0	1.0	0.7174796747967479	0.7174796747967479	0.7215447154471545	
E130308A19Rik	INTRINSIC|E130308A19Rik	47	0	0		UNRESOLVED	12	35	0	-0.7480764389038086	-0.6826058702265962	1.6792399883270264	negative	47	0	0	0	0	0.0	0.0	0.0	66.0	65.31914893617021	63.0	67.0	1.5	0.6695180786769086	0.6695180786769086	0.6731412670827056	
Fgl2	INTRINSIC|Fgl2	42	0	0		UNRESOLVED	12	30	0	-0.4920775890350342	-0.5487077065876552	1.086255431175232	negative	42	0	0	0	0	0.0	0.0	0.0	47.0	46.404761904761905	43.0	48.0	2.0	0.7012195121951219	0.7012195121951219	0.7052845528455284	
Mir155hg	INTRINSIC|Mir155hg	47	0	0		UNRESOLVED	42	5	0	1.037524700164795	1.1056458645678582	1.2354133129119873	positive	47	0	0	0	47	0.0	1.0	0.0	8.0	8.25531914893617	7.0	10.0	1.0	0.7318840579710145	0.7318840579710145	0.7355072463768115	
St3gal1	INTRINSIC|St3gal1	47	0	0		UNRESOLVED	40	7	0	0.8189201354980469	0.9495782446353993	0.9793345928192139	positive	47	0	0	0	0	0.0	0.0	0.0	13.0	13.361702127659575	13.0	14.0	1.0	0.7246376811594203	0.7246376811594203	0.7282608695652174	
Flnb	INTRINSIC|Flnb	47	0	0		UNRESOLVED	40	7	0	0.775261402130127	0.8841937602834499	1.1451337337493896	positive	47	0	0	0	0	0.0	0.0	0.0	69.0	68.87234042553192	67.0	70.0	0.0	0.6657979751046494	0.6657979751046494	0.6694211635104464	
Mgat5	INTRINSIC|Mgat5	42	0	0		UNRESOLVED	35	7	0	0.34377098083496094	0.4385706243060884	0.451946496963501	positive	42	0	0	0	0	0.0	0.0	0.0	35.0	34.54761904761905	27.0	40.0	2.0	0.7093054215826383	0.7093054215826383	0.713370462233045	
Fnip1	INTRINSIC|Fnip1	42	0	0		UNRESOLVED	32	10	0	0.3660705089569092	0.36216834613255094	0.6187717914581299	positive	42	0	0	0	0	0.0	0.0	0.0	76.0	75.83333333333333	75.0	76.0	0.0	0.639897110091664	0.639897110091664	0.6439621507420704	
Mfsd6	INTRINSIC|Mfsd6	47	0	0		UNRESOLVED	11	36	0	-0.5388221740722656	-0.45386989573214914	0.8775913715362549	negative	47	0	0	0	0	0.0	0.0	0.0	28.0	28.23404255319149	25.0	33.0	2.0	0.7101449275362319	0.7101449275362319	0.7137681159420289	
Mfhas1	INTRINSIC|Mfhas1	42	0	0		UNRESOLVED	33	9	0	0.38065624237060547	0.7062295788810367	0.8270622491836548	positive	42	0	0	0	0	0.0	0.0	0.0	60.0	59.61904761904762	57.0	61.0	0.0	0.6888743926272364	0.6888743926272364	0.692939433277643	
Foxp3	INTRINSIC|Foxp3	47	0	0		UNRESOLVED	42	5	0	1.0550990104675293	1.458363837384163	1.2305595874786377	positive	47	0	0	0	0	0.0	0.0	0.0	42.0	41.255319148936174	30.0	44.0	2.0	0.7061272873494447	0.7061272873494447	0.7097504757552419	
Trat1	INTRINSIC|Trat1	47	0	0		UNRESOLVED	34	13	0	0.6469287872314453	0.5505756824574572	1.1331634521484375	positive	47	0	0	0	0	0.0	0.0	0.0	53.0	52.57446808510638	48.0	55.0	3.0	0.6964415909045801	0.6964415909045801	0.7000647793103774	
Frmd4b	INTRINSIC|Frmd4b	42	0	0		UNRESOLVED	34	8	0	0.8184210062026978	0.6903511229015532	1.086921513080597	positive	42	0	0	0	0	0.0	0.0	0.0	64.0	64.19047619047619	63.0	65.0	1.0	0.6710717993610215	0.6710717993610215	0.675136840011428	
Metrnl	INTRINSIC|Metrnl	47	0	0		UNRESOLVED	40	7	0	0.9135432243347168	1.430352495071736	1.5745911598205566	positive	47	0	0	0	0	0.0	0.0	0.0	70.0	69.63829787234043	67.0	70.0	0.0	0.66426977661549	0.66426977661549	0.6678929650212871	
Mdfic	INTRINSIC|Mdfic	42	0	0		UNRESOLVED	35	7	0	0.5494933128356934	0.5740668433053153	0.7544567584991455	positive	42	0	0	0	0	0.0	0.0	0.0	15.0	14.976190476190476	13.0	17.0	0.0	0.7215447154471545	0.7215447154471545	0.725609756097561	
Furin	INTRINSIC|Furin	42	0	0		UNRESOLVED	39	3	0	1.2076239585876465	1.4053481306348528	1.023097276687622	positive	42	0	0	0	42	0.0	1.0	0.0	5.0	5.071428571428571	5.0	6.0	0.0	0.7378048780487805	0.7378048780487805	0.741869918699187	
Mcu	INTRINSIC|Mcu	47	0	0		UNRESOLVED	34	13	0	0.22579717636108398	0.20490480991120033	0.5381171703338623	positive	47	0	0	0	0	0.0	0.0	0.0	44.0	43.12765957446808	37.0	47.0	4.5	0.7028985507246377	0.7028985507246377	0.7065217391304347	
Gab3	INTRINSIC|Gab3	42	0	0		UNRESOLVED	13	29	0	-0.4131457805633545	-0.7058308238074893	1.2622798681259155	negative	42	0	0	0	0	0.0	0.0	0.0	50.0	49.76190476190476	47.0	53.0	2.75	0.6971544715447155	0.6971544715447155	0.7012195121951219	
Fam126a	INTRINSIC|Fam126a	47	0	0		UNRESOLVED	40	7	0	0.6239356994628906	0.6531238454453488	0.8976118564605713	positive	47	0	0	0	0	0.0	0.0	0.0	63.0	63.48936170212766	63.0	64.0	1.0	0.6720716384695224	0.6720716384695224	0.6756948268753195	
Mkl2	INTRINSIC|Mkl2	42	0	0		UNRESOLVED	11	31	0	-0.385831356048584	-0.38872974259512766	0.6415188312530518	negative	42	0	0	0	0	0.0	0.0	0.0	72.0	71.97619047619048	71.0	73.0	0.0	0.6591051876104437	0.6591051876104437	0.6631702282608501	
Myadm	INTRINSIC|Myadm	47	0	0		UNRESOLVED	42	4	1	1.8736352920532227	1.9398881628158244	1.59233820438385	positive	47	0	0	0	0	0.0	0.0	0.0	65.0	65.19148936170212	63.0	67.0	1.0	0.6698906430494752	0.6698906430494752	0.6735138314552724	
Fam168a	INTRINSIC|Fam168a	47	0	0		UNRESOLVED	12	35	0	-0.446382999420166	-0.3506245714552859	0.7167956829071045	negative	47	0	0	0	0	0.0	0.0	0.0	57.0	57.04255319148936	54.0	59.0	1.5	0.6921596011879902	0.6921596011879902	0.6957827895937875	
Mxi1	INTRINSIC|Mxi1	47	0	0		UNRESOLVED	36	11	0	0.5320863723754883	0.4915452409297862	0.907024621963501	positive	47	0	0	0	0	0.0	0.0	0.0	28.0	28.127659574468087	25.0	33.0	2.0	0.7101449275362319	0.7101449275362319	0.7137681159420289	
Mxd4	INTRINSIC|Mxd4	42	0	0		UNRESOLVED	14	28	0	-0.25758934020996094	-0.5937642653783163	0.9241047501564026	negative	42	0	0	0	0	0.0	0.0	0.0	55.0	54.45238095238095	50.0	58.0	3.0	0.6930894308943089	0.6930894308943089	0.6971544715447155	
Srgap3	INTRINSIC|Srgap3	42	0	0		UNRESOLVED	34	8	0	0.5232186317443848	1.054014728182838	1.2655367255210876	positive	42	0	0	0	0	0.0	0.0	0.0	19.0	18.476190476190474	15.0	22.0	1.0	0.7174796747967479	0.7174796747967479	0.7215447154471545	
Mxd1	INTRINSIC|Mxd1	42	0	0		UNRESOLVED	34	8	0	0.6027035713195801	0.5383565539405459	0.6446061134338379	positive	42	0	0	0	0	0.0	0.0	0.0	19.0	18.523809523809526	15.0	22.0	1.75	0.7174796747967479	0.7174796747967479	0.7215447154471545	
Fam46a	INTRINSIC|Fam46a	47	0	0		UNRESOLVED	35	12	0	0.7952356338500977	0.6757087707519531	1.2303671836853027	positive	47	0	0	0	0	0.0	0.0	0.0	61.0	60.808510638297875	59.0	62.0	0.0	0.6854886266332185	0.6854886266332185	0.6891118150390158	
Fam49a	INTRINSIC|Fam49a	47	0	0		UNRESOLVED	12	35	0	-0.4848475456237793	-0.39106429891383393	0.936049222946167	negative	47	0	0	0	0	0.0	0.0	0.0	38.0	36.06382978723404	28.0	40.0	3.0	0.7065217391304347	0.7065217391304347	0.7101449275362319	
Fam69a	INTRINSIC|Fam69a	47	0	0		UNRESOLVED	9	38	0	-0.5805964469909668	-0.46514692712337413	0.7265393733978271	negative	47	0	0	0	0	0.0	0.0	0.0	24.0	23.06382978723404	17.0	25.0	0.0	0.7173913043478262	0.7173913043478262	0.7210144927536232	
Msrb3	INTRINSIC|Msrb3	47	0	0		UNRESOLVED	40	7	0	1.1067681312561035	1.622050975231414	1.5078353881835938	positive	47	0	0	0	0	0.0	0.0	0.0	73.0	72.85106382978724	71.0	73.0	0.0	0.6590610237983158	0.6590610237983158	0.6626842122041129	
Fbxl20	INTRINSIC|Fbxl20	42	0	0		UNRESOLVED	10	32	0	-0.31418633460998535	-0.5374989282517206	1.0559223890304565	negative	42	0	0	0	0	0.0	0.0	0.0	31.0	30.928571428571427	26.0	35.0	2.75	0.709349593495935	0.709349593495935	0.7134146341463414	
Fbxo32	INTRINSIC|Fbxo32	47	0	0		UNRESOLVED	10	37	0	-0.7649574279785156	-0.8292546982460833	1.2189539670944214	negative	47	0	0	0	0	0.0	0.0	0.0	68.0	68.06382978723404	67.0	70.0	0.0	0.6658061153445824	0.6658061153445824	0.6694293037503796	
Mpp7	INTRINSIC|Mpp7	47	0	0		UNRESOLVED	46	1	0	1.325789451599121	1.4481025249400037	0.8325099945068359	positive	47	0	0	1	47	0.0	1.0	0.02127659574468085	4.0	3.9574468085106385	2.0	4.0	0.0	0.7430740023086142	0.7430740023086142	0.7466971907144112	
Fchsd2	INTRINSIC|Fchsd2	47	0	0		UNRESOLVED	31	16	0	0.29125261306762695	0.2555984639106913	0.7424325942993164	positive	47	0	0	0	0	0.0	0.0	0.0	58.0	57.361702127659576	54.0	60.0	2.0	0.6920289855072465	0.6920289855072465	0.6956521739130435	
Dusp5	INTRINSIC|Dusp5	47	0	0		UNRESOLVED	42	5	0	0.5806488990783691	0.6124947730531084	0.6478462219238281	positive	47	0	0	0	46	0.0	0.9787234042553191	0.0	8.0	8.319148936170214	7.0	11.0	1.0	0.7318840579710145	0.7318840579710145	0.7355072463768115	
Mctp2	INTRINSIC|Mctp2	47	0	0		UNRESOLVED	10	37	0	-0.44983720779418945	-0.6529086599958703	0.9808859825134277	negative	47	0	0	0	0	0.0	0.0	0.0	25.0	25.085106382978722	24.0	26.0	0.0	0.7137681159420289	0.7137681159420289	0.7173913043478262	
Parp14	INTRINSIC|Parp14	47	0	0		UNRESOLVED	35	12	0	0.2671985626220703	0.30921552536335395	0.6094512939453125	positive	47	0	0	0	0	0.0	0.0	0.0	38.0	35.91489361702128	27.0	40.0	3.0	0.7065217391304347	0.7065217391304347	0.7101449275362319	
Ugcg	INTRINSIC|Ugcg	47	0	0		UNRESOLVED	12	35	0	-0.4003462791442871	-0.535435788174893	0.9406485557556152	negative	47	0	0	0	0	0.0	0.0	0.0	38.0	35.787234042553195	27.0	40.0	3.5	0.7065217391304347	0.7065217391304347	0.7101449275362319	
Cryl1	INTRINSIC|Cryl1	42	0	0		UNRESOLVED	9	31	2	-0.5271790027618408	-1.093121744337536	1.390514612197876	negative	42	0	0	0	0	0.0	0.0	0.0	78.0	78.0	77.0	80.0	0.0	0.6338560070883972	0.6338560070883972	0.6379210477388036	
Csf1	INTRINSIC|Csf1	47	0	0		UNRESOLVED	35	12	0	0.9551858901977539	1.1102288022954414	2.6768680810928345	positive	47	0	0	0	0	0.0	0.0	0.0	74.0	74.17021276595744	74.0	75.0	0.0	0.6451342626160286	0.6451342626160286	0.6487574510218256	
Pard3	INTRINSIC|Pard3	47	0	0		UNRESOLVED	33	14	0	0.7024359703063965	0.6475633864707135	1.9413011074066162	positive	47	0	0	0	0	0.0	0.0	0.0	82.0	82.87234042553192	81.0	89.0	2.0	0.6271139861616846	0.6271139861616846	0.6307371745674817	
Pacs1	INTRINSIC|Pacs1	42	0	0		UNRESOLVED	10	32	0	-0.16785430908203125	-0.2737221604301816	0.5787404775619507	negative	42	0	0	0	0	0.0	0.0	0.0	31.0	30.785714285714285	26.0	35.0	1.75	0.709349593495935	0.709349593495935	0.7134146341463414	
Ctla4	INTRINSIC|Ctla4	47	0	0		UNRESOLVED	34	13	0	0.3646097183227539	0.4059561465648895	0.7536659240722656	positive	47	0	0	0	0	0.0	0.0	0.0	44.0	43.276595744680854	38.0	47.0	4.0	0.7028985507246377	0.7028985507246377	0.7065217391304347	
Ctse	INTRINSIC|Ctse	47	0	0		UNRESOLVED	14	33	0	-0.2692704200744629	-0.3000403769472812	0.7177557945251465	negative	47	0	0	0	0	0.0	0.0	0.0	48.0	47.93617021276596	44.0	52.0	2.5	0.6992753623188405	0.6992753623188405	0.7028985507246377	
Ubash3b	INTRINSIC|Ubash3b	42	0	0		UNRESOLVED	37	5	0	0.40496063232421875	0.462167637688773	0.6152650117874146	positive	42	0	0	0	5	0.0	0.11904761904761904	0.0	11.0	10.69047619047619	7.0	12.0	0.0	0.7296747967479674	0.7296747967479674	0.733739837398374	
Txnip	INTRINSIC|Txnip	42	0	0		UNRESOLVED	8	34	0	-0.5891411304473877	-0.6727389948708671	0.9299013614654541	negative	42	0	0	0	0	0.0	0.0	0.0	19.0	18.357142857142858	15.0	22.0	1.0	0.7174796747967479	0.7174796747967479	0.7215447154471545	
Cxcl9	INTRINSIC|Cxcl9	47	0	0		UNRESOLVED	30	5	12	0.16874146461486816	0.7516906210716735	1.317818522453308	positive	47	0	0	0	0	0.0	0.0	0.0	91.0	92.0	89.0	101.0	4.5	0.6198209640845231	0.6198209640845231	0.6234441524903203	
Cxcr4	INTRINSIC|Cxcr4	47	0	0		UNRESOLVED	36	11	0	0.4534931182861328	0.3567727271546709	0.7354962825775146	positive	47	0	0	0	0	0.0	0.0	0.0	28.0	28.085106382978722	25.0	33.0	2.0	0.7101449275362319	0.7101449275362319	0.7137681159420289	
Osbpl3	INTRINSIC|Osbpl3	42	0	0		UNRESOLVED	34	8	0	0.3197908401489258	0.3392937013081142	0.4621790647506714	positive	42	0	0	0	0	0.0	0.0	0.0	19.0	18.30952380952381	15.0	21.0	1.0	0.7174796747967479	0.7174796747967479	0.7215447154471545	
T_cell → Pkm → Cd44 → CD8	MULTI|T_cell|Pkm	47	0	0		UNRESOLVED	11	35	1	-0.001090316376403312	-0.004336652584530105	0.006490864008597006	negative	47	0	0	0	0	0.0	0.0	0.0	77.0	77.68085106382979	77.0	81.0	1.0	0.634889551321433	0.634889551321433	0.6385127397272301	
NK → Tnfsf4 → Tnfrsf4 → CD8	MULTI|NK|Tnfsf4	43	11	31	0.2558139534883721	POSITIVE_ACTIVATION	11	31	1	-0.00018636739009191697	-0.0015318403487175416	0.001878532122955499	negative	43	0	0	0	0	0.0	0.0	0.0	50.0	50.86046511627907	49.0	55.0	3.0	0.6985662511950173	0.6965821242108904	0.6985662511950173	
NK → Tnfsf4 → Traf2 → CD8	MULTI|NK|Tnfsf4	43	0	0		UNRESOLVED	11	31	1	-0.00018636739009191697	-0.0015318403487175416	0.001878532122955499	negative	43	0	0	0	0	0.0	0.0	0.0	94.0	94.4186046511628	89.0	103.0	5.5	0.6187304325260456	0.6187304325260456	0.6226986864942996	
T_cell → Vim → Cd44 → CD4	MULTI|T_cell|Vim	47	0	0		UNRESOLVED	31	15	1	0.0014664779767138971	0.00448337167821591	0.010285203883173227	positive	47	0	0	0	0	0.0	0.0	0.0	128.0	125.59574468085107	111.0	139.0	9.0	0.6054854554808025	0.6054854554808025	0.6091086438865996	
T_cell → Adam9 → Itgav → CD4	MULTI|T_cell|Adam9	47	0	0		UNRESOLVED	25	21	1	9.747345933624002e-05	0.0005666713132620318	0.0028001499872372347	positive	47	0	0	0	0	0.0	0.0	0.0	249.0	248.63829787234042	243.0	254.0	4.0	0.5170796583793532	0.5170796583793532	0.5207028467851503	
T_cell → Pkm → Cd44 → CD4	MULTI|T_cell|Pkm	47	0	0		UNRESOLVED	21	25	1	-5.274926972460974e-05	0.00029155043224360057	0.003777666491397161	negative	47	0	0	0	0	0.0	0.0	0.0	242.0	240.10638297872342	234.0	247.0	6.0	0.5213698333667901	0.5213698333667901	0.5249930217725872	
NK → Ccl4 → Ccr5 → CD8	MULTI|NK|Ccl4	43	0	0		UNRESOLVED	26	16	1	0.0006141961162339867	0.015198684949168576	0.01668097758286046	positive	43	0	0	0	0	0.0	0.0	0.0	112.0	114.11627906976744	105.0	134.0	7.5	0.6080676611560595	0.6080676611560595	0.6120359151243134	
T_cell → Itgav → Thy1 → CD4	MULTI|T_cell|Itgav	47	0	0		UNRESOLVED	29	17	1	0.0003951745843809082	0.00232003369144053	0.00807391531916683	positive	47	0	0	0	0	0.0	0.0	0.0	221.0	220.04255319148936	216.0	224.0	5.0	0.5383939689622592	0.5383939689622592	0.5420171573680563	
T_cell → Tgfb1 → Itgb1 → CD4	MULTI|T_cell|Tgfb1	47	0	0		UNRESOLVED	28	18	1	0.0001714226677706311	0.00021430143249818225	0.002259837218626822	positive	47	0	0	0	0	0.0	0.0	0.0	113.0	114.02127659574468	105.0	130.0	4.0	0.607548087917117	0.607548087917117	0.6111712763229141	
T_cell → Cd80 → Ctla4 → CD4	MULTI|T_cell|Cd80	47	0	0		UNRESOLVED	24	22	1	7.401380327290782e-06	0.00016137350806789516	0.0016774331118003716	positive	47	0	0	0	0	0.0	0.0	0.0	227.0	226.6595744680851	224.0	231.0	3.0	0.5324857165653677	0.5324857165653677	0.5361089049711648	
melanoma → App → Rpsa → CD8	MULTI|melanoma|App	42	0	0		UNRESOLVED	21	20	1	5.387431981160311e-05	0.0027189444783992855	0.006295953559909289	positive	42	0	0	0	0	0.0	0.0	0.0	148.5	149.16666666666666	145.0	154.0	4.0	0.5983043932519488	0.5983043932519488	0.5983043932519488	
NK → Pkm → Cd44 → CD8	MULTI|NK|Pkm	43	0	0		UNRESOLVED	11	31	1	-0.0008699030783244486	-0.0055530973480991275	0.011454686585582772	negative	43	0	0	0	0	0.0	0.0	0.0	213.0	213.3953488372093	212.0	218.0	0.0	0.5457884734172396	0.5457884734172396	0.5497567273854935	
melanoma → Vim → Cd44 → CD8	MULTI|melanoma|Vim	42	0	0		UNRESOLVED	16	25	1	-0.000631361929495754	0.0017118701098280632	0.004168229718147665	negative	42	0	0	0	0	0.0	0.0	0.0	165.0	165.28571428571428	156.0	177.0	4.0	0.590919218716446	0.590919218716446	0.5949842593668525	
melanoma → B2m → Cd3d → CD4	MULTI|melanoma|B2m	42	0	0		UNRESOLVED	20	21	1	-9.691029199521444e-05	0.002839574192328487	0.010336550635600546	negative	42	0	0	0	0	0.0	0.0	0.0	261.0	261.1190476190476	260.0	263.0	0.0	0.5134702618153502	0.5134702618153502	0.5134702618153502	
monocyte_macrophage → Cd80 → Cd28 → CD8	MULTI|monocyte_macrophage|Cd80	45	0	0		UNRESOLVED	14	30	1	-0.0007470268383185907	-0.0035497215777359364	0.0057766196029340675	negative	45	0	0	0	0	0.0	0.0	0.0	93.0	94.11111111111111	89.0	102.0	7.0	0.6190350491554405	0.6190350491554405	0.6228229279433193	
melanoma → B2m → Cd247 → CD4	MULTI|melanoma|B2m	42	0	0		UNRESOLVED	20	21	1	-9.691029199521444e-05	0.002839574192328487	0.010336550635600546	negative	42	0	0	0	0	0.0	0.0	0.0	261.0	261.1190476190476	260.0	263.0	0.0	0.5134702618153502	0.5134702618153502	0.5134702618153502	
T_cell → Tgfb1 → Itgb8 → CD4	MULTI|T_cell|Tgfb1	47	0	0		UNRESOLVED	28	18	1	0.0001714226677706311	0.00021430143249818225	0.002259837218626822	positive	47	0	0	0	0	0.0	0.0	0.0	113.0	114.02127659574468	105.0	130.0	4.0	0.607548087917117	0.607548087917117	0.6111712763229141	
melanoma → Gnas → Adcy7 → CD8	MULTI|melanoma|Gnas	42	0	0		UNRESOLVED	18	23	1	-8.877324839384478e-05	0.0020038019618491888	0.0054792393406435935	negative	42	0	0	0	0	0.0	0.0	0.0	258.0	256.2142857142857	250.0	261.0	5.0	0.5145758785285074	0.5145758785285074	0.5186409191789139	
T_cell → Cd80 → Cd28 → CD4	MULTI|T_cell|Cd80	47	0	0		UNRESOLVED	24	22	1	7.401380327290782e-06	0.00016137350806789516	0.0016774331118003716	positive	47	0	0	0	0	0.0	0.0	0.0	103.0	100.0	91.0	104.0	7.0	0.615819049898701	0.615819049898701	0.6194422383044981	
melanoma → Mfge8 → Itgav → CD8	MULTI|melanoma|Mfge8	42	0	0		UNRESOLVED	22	19	1	2.481033466963824e-05	0.00021379625167418858	0.0011579355143598632	positive	42	0	0	0	0	0.0	0.0	0.0	196.0	196.07142857142858	190.0	201.0	8.0	0.5774275560193801	0.5774275560193801	0.5814925966697867	
T_cell → Lamc1 → Cd44 → CD4	MULTI|T_cell|Lamc1	47	0	0		UNRESOLVED	30	16	1	0.00037084345773236795	0.0032878392445278926	0.008147184960857522	positive	47	0	0	0	0	0.0	0.0	0.0	96.0	94.87234042553192	89.0	99.0	5.0	0.6172531192261292	0.6172531192261292	0.6208763076319262	
monocyte_macrophage → Cd80 → Ctla4 → CD8	MULTI|monocyte_macrophage|Cd80	45	0	0		UNRESOLVED	14	30	1	-0.0007470268383185907	-0.0035497215777359364	0.0057766196029340675	negative	45	0	0	0	0	0.0	0.0	0.0	225.0	224.0888888888889	220.0	226.0	3.0	0.5357017158221072	0.5357017158221072	0.5394895946099859	
T_cell → Cd28 → Cd80 → CD8	MULTI|T_cell|Cd28	47	0	0		UNRESOLVED	26	20	1	0.001083116756158653	0.0036706606328282313	0.007369115403987348	positive	47	0	0	0	0	0.0	0.0	0.0	131.0	130.5531914893617	119.0	143.0	14.0	0.6034026655704444	0.6034026655704444	0.6070258539762415	
melanoma → B2m → Cd3g → CD4	MULTI|melanoma|B2m	42	0	0		UNRESOLVED	20	21	1	-9.691029199521444e-05	0.002839574192328487	0.010336550635600546	negative	42	0	0	0	0	0.0	0.0	0.0	261.0	261.1190476190476	260.0	263.0	0.0	0.5134702618153502	0.5134702618153502	0.5134702618153502	
melanoma → Hsp90aa1 → Itgb3 → CD8	MULTI|melanoma|Hsp90aa1	42	0	0		UNRESOLVED	18	23	1	-0.00045500386852651573	0.0055913182434074804	0.010553836100758166	negative	42	0	0	0	0	0.0	0.0	0.0	255.0	252.5	243.0	257.0	7.0	0.515449603874049	0.515449603874049	0.5195146445244555	
T_cell → Lamc1 → Itgav_Itgb8 → CD4	MULTI|T_cell|Lamc1	47	0	0		UNRESOLVED	30	16	1	0.00037084345773236795	0.0032878392445278926	0.008147184960857522	positive	47	0	0	0	0	0.0	0.0	0.0	96.0	94.87234042553192	89.0	99.0	5.0	0.6172531192261292	0.6172531192261292	0.6208763076319262	
T_cell → Adam9 → Itgb1 → CD4	MULTI|T_cell|Adam9	47	0	0		UNRESOLVED	25	21	1	9.747345933624002e-05	0.0005666713132620318	0.0028001499872372347	positive	47	0	0	0	0	0.0	0.0	0.0	249.0	248.63829787234042	243.0	254.0	4.0	0.5170796583793532	0.5170796583793532	0.5207028467851503	
NK → Itgav → Thy1 → CD8	MULTI|NK|Itgav	43	0	0		UNRESOLVED	8	34	1	-0.003465372173287927	-0.009769407157409074	0.014522671021343119	negative	43	0	0	0	0	0.0	0.0	0.0	208.0	207.32558139534885	205.0	208.0	1.0	0.5647286638709377	0.5647286638709377	0.5686969178391916	
NK → Lgals3bp → Itgb1 → CD8	MULTI|NK|Lgals3bp	43	0	0		UNRESOLVED	10	32	1	-0.00042755598324476115	-0.0022664641311454115	0.003301896654589273	negative	43	0	0	0	0	0.0	0.0	0.0	212.0	212.09302325581396	212.0	213.0	0.0	0.5497567273854935	0.5497567273854935	0.5537249813537475	
monocyte_macrophage → Plau → Itgb1 → CD8	MULTI|monocyte_macrophage|Plau	45	0	0		UNRESOLVED	25	19	1	0.00014558802998508277	0.0007747108674579214	0.0056462367781572155	positive	45	0	0	0	0	0.0	0.0	0.0	138.0	138.44444444444446	127.0	145.0	8.0	0.6009340006824475	0.6009340006824475	0.6047218794703263	
melanoma → B2m → Klrd1 → CD4	MULTI|melanoma|B2m	42	0	0		UNRESOLVED	20	21	1	-9.691029199521444e-05	0.002839574192328487	0.010336550635600546	negative	42	0	0	0	0	0.0	0.0	0.0	261.0	261.1190476190476	260.0	263.0	0.0	0.5134702618153502	0.5134702618153502	0.5134702618153502	
T_cell → Cd80 → Cd28 → CD8	MULTI|T_cell|Cd80	47	0	0		UNRESOLVED	16	30	1	-0.0002971439368255928	-0.001432080536693574	0.0025444002978997444	negative	47	0	0	0	0	0.0	0.0	0.0	102.0	99.44680851063829	90.0	104.0	7.5	0.6170776960654046	0.6170776960654046	0.6207008844712018	
T_cell → Timp2 → Itga3 → CD4	MULTI|T_cell|Timp2	47	0	0		UNRESOLVED	28	18	1	0.00020630890160653148	0.0006727213670561855	0.0012041715081559266	positive	47	0	0	0	0	0.0	0.0	0.0	162.0	161.4468085106383	154.0	167.0	4.5	0.5924275499669648	0.5924275499669648	0.5960507383727619	
T_cell → Tgfb1 → Itgb3 → CD4	MULTI|T_cell|Tgfb1	47	0	0		UNRESOLVED	28	18	1	0.0001714226677706311	0.00021430143249818225	0.002259837218626822	positive	47	0	0	0	0	0.0	0.0	0.0	113.0	114.02127659574468	105.0	130.0	4.0	0.607548087917117	0.607548087917117	0.6111712763229141	
NK → Tnfsf4 → Tnfrsf4 → CD4	MULTI|NK|Tnfsf4	43	0	0		UNRESOLVED	19	23	1	-0.00022015198072575446	-0.0004800023898778087	0.001543793266734953	negative	43	0	0	0	0	0.0	0.0	0.0	147.0	147.1860465116279	132.0	158.0	11.0	0.5979950347849816	0.5979950347849816	0.6019632887532357	
T_cell → Cd80 → Ctla4 → CD8	MULTI|T_cell|Cd80	47	0	0		UNRESOLVED	16	30	1	-0.0002971439368255928	-0.001432080536693574	0.0025444002978997444	negative	47	0	0	0	0	0.0	0.0	0.0	227.0	226.06382978723406	222.0	229.0	3.0	0.5337443627320714	0.5337443627320714	0.5373675511378685	
T_cell → Tgfb1 → Cxcr4 → CD4	MULTI|T_cell|Tgfb1	47	0	0		UNRESOLVED	28	18	1	0.0001714226677706311	0.00021430143249818225	0.002259837218626822	positive	47	0	0	0	0	0.0	0.0	0.0	113.0	114.02127659574468	105.0	130.0	4.0	0.607548087917117	0.607548087917117	0.6111712763229141	
T_cell → Cd28 → Cd80 → CD4	MULTI|T_cell|Cd28	47	0	0		UNRESOLVED	22	24	1	-0.0002668701425214733	0.0010218665492841845	0.006110617464085139	negative	47	0	0	0	0	0.0	0.0	0.0	148.0	147.63829787234042	137.0	159.0	11.0	0.5973658376713493	0.5973658376713493	0.6009890260771464	
melanoma → B2m → Klrc1 → CD4	MULTI|melanoma|B2m	42	0	0		UNRESOLVED	20	21	1	-9.691029199521444e-05	0.002839574192328487	0.010336550635600546	negative	42	0	0	0	0	0.0	0.0	0.0	261.0	261.1190476190476	260.0	263.0	0.0	0.5134702618153502	0.5134702618153502	0.5134702618153502	
NK → Spp1 → Cd44 → CD8	MULTI|NK|Spp1	43	0	0		UNRESOLVED	12	30	1	-0.0028677550581524716	-0.009536125369665326	0.014693495154123574	negative	43	0	0	0	0	0.0	0.0	0.0	84.0	83.67441860465117	81.0	86.0	0.5	0.6245907550109892	0.6245907550109892	0.6285590089792431	
T_cell → Adam17 → Itgb1 → CD8	MULTI|T_cell|Adam17	47	0	0		UNRESOLVED	9	37	1	-0.0007124842846794067	-0.002242639290195246	0.0038339682971971724	negative	47	0	0	0	0	0.0	0.0	0.0	206.0	206.10638297872342	205.0	208.0	2.0	0.5663963982569388	0.5663963982569388	0.5700195866627359	
T_cell → Tgfb1 → Lpp → CD4	MULTI|T_cell|Tgfb1	47	0	0		UNRESOLVED	28	18	1	0.0001714226677706311	0.00021430143249818225	0.002259837218626822	positive	47	0	0	0	0	0.0	0.0	0.0	235.0	236.2340425531915	232.0	242.0	6.0	0.5242147545837836	0.5242147545837836	0.5278379429895808	
T_cell → Adam9 → Itga3 → CD4	MULTI|T_cell|Adam9	47	0	0		UNRESOLVED	25	21	1	9.747345933624002e-05	0.0005666713132620318	0.0028001499872372347	positive	47	0	0	0	0	0.0	0.0	0.0	249.0	248.63829787234042	243.0	254.0	4.0	0.5170796583793532	0.5170796583793532	0.5207028467851503	
T_cell → Col18a1 → Itga3 → CD4	MULTI|T_cell|Col18a1	47	0	0		UNRESOLVED	26	20	1	2.0849990584546088e-05	0.00013895489067225426	0.00042109454237233384	positive	47	0	0	0	0	0.0	0.0	0.0	169.0	168.89361702127658	161.0	181.0	5.0	0.5888546673483851	0.5888546673483851	0.5924778557541822	
monocyte_macrophage → Cd38 → Pecam1 → CD8	MULTI|monocyte_macrophage|Cd38	45	0	0		UNRESOLVED	14	30	1	-0.001180879774270614	-0.005019555127875088	0.006617609185880317	negative	45	0	0	0	0	0.0	0.0	0.0	219.0	218.9777777777778	215.0	223.0	4.0	0.5399034492237278	0.5399034492237278	0.5436913280116066	
melanoma → Adam9 → Itgb1 → CD8	MULTI|melanoma|Adam9	42	0	0		UNRESOLVED	15	26	1	-0.00016854204402135756	0.00027229788862467093	0.0023909823085252876	negative	42	0	0	0	0	0.0	0.0	0.0	231.0	230.11904761904762	228.0	232.0	2.0	0.5286274342070795	0.5286274342070795	0.5326924748574859	
T_cell → Il10 → Cd70 → CD4	MULTI|T_cell|Il10	47	0	0		UNRESOLVED	21	25	1	-1.901857097662024e-05	-0.0001227322290676786	0.0014128961100405152	negative	47	0	0	0	0	0.0	0.0	0.0	254.0	252.10638297872342	244.0	258.0	7.5	0.5158038438638104	0.5158038438638104	0.5194270322696074	
NK → Spp1 → Itga4_Itgb1 → CD8	MULTI|NK|Spp1	43	0	0		UNRESOLVED	12	30	1	-0.0028677550581524716	-0.009536125369665326	0.014693495154123574	negative	43	0	0	0	0	0.0	0.0	0.0	84.0	83.67441860465117	81.0	86.0	0.5	0.6245907550109892	0.6245907550109892	0.6285590089792431	
T_cell → Timp2 → Itgb1 → CD4	MULTI|T_cell|Timp2	47	0	0		UNRESOLVED	28	18	1	0.00020630890160653148	0.0006727213670561855	0.0012041715081559266	positive	47	0	0	0	0	0.0	0.0	0.0	162.0	161.4468085106383	154.0	167.0	4.5	0.5924275499669648	0.5924275499669648	0.5960507383727619	
NK → Spp1 → Ptger4 → CD8	MULTI|NK|Spp1	43	0	0		UNRESOLVED	12	30	1	-0.0028677550581524716	-0.009536125369665326	0.014693495154123574	negative	43	0	0	0	0	0.0	0.0	0.0	84.0	83.67441860465117	81.0	86.0	0.5	0.6245907550109892	0.6245907550109892	0.6285590089792431	
T_cell → Lamc1 → Itga1 → CD4	MULTI|T_cell|Lamc1	47	0	0		UNRESOLVED	30	16	1	0.00037084345773236795	0.0032878392445278926	0.008147184960857522	positive	47	0	0	0	0	0.0	0.0	0.0	96.0	94.87234042553192	89.0	99.0	5.0	0.6172531192261292	0.6172531192261292	0.6208763076319262	
melanoma → Adam9 → Itgav → CD8	MULTI|melanoma|Adam9	42	0	0		UNRESOLVED	15	26	1	-0.00016854204402135756	0.00027229788862467093	0.0023909823085252876	negative	42	0	0	0	0	0.0	0.0	0.0	231.0	230.11904761904762	228.0	232.0	2.0	0.5286274342070795	0.5286274342070795	0.5326924748574859	
melanoma → Col4a4 → Cd47 → CD8	MULTI|melanoma|Col4a4	42	0	0		UNRESOLVED	18	23	1	-2.4548307397904267e-05	0.000505872170658809	0.000755912502270643	negative	42	0	0	0	0	0.0	0.0	0.0	190.0	188.0	175.0	193.0	7.0	0.5814925966697867	0.5814925966697867	0.5855576373201932	
T_cell → Timp2 → Cd44 → CD4	MULTI|T_cell|Timp2	47	0	0		UNRESOLVED	28	18	1	0.00020630890160653148	0.0006727213670561855	0.0012041715081559266	positive	47	0	0	0	0	0.0	0.0	0.0	162.0	161.4468085106383	154.0	167.0	4.5	0.5924275499669648	0.5924275499669648	0.5960507383727619	
melanoma → Agrn → Itgb1 → CD8	MULTI|melanoma|Agrn	42	0	0		UNRESOLVED	19	22	1	-2.513721084617283e-05	3.680250814687826e-05	0.0010632036550069293	negative	42	0	0	0	0	0.0	0.0	0.0	156.0	154.23809523809524	145.0	164.0	9.0	0.5947178965569758	0.5947178965569758	0.5987829372073824	
T_cell → Grn → Tnfrsf1b → CD8	MULTI|T_cell|Grn	47	0	0		UNRESOLVED	15	31	1	-0.00038386369191640006	-0.0009889303767122407	0.001619942332338806	negative	47	0	0	0	0	0.0	0.0	0.0	223.0	222.36170212765958	217.0	226.0	3.5	0.5368215459727221	0.5368215459727221	0.5404447343785193	
melanoma → B2m → Tfrc → CD4	MULTI|melanoma|B2m	42	0	0		UNRESOLVED	20	21	1	-9.691029199521444e-05	0.002839574192328487	0.010336550635600546	negative	42	0	0	0	0	0.0	0.0	0.0	261.0	261.1190476190476	260.0	263.0	0.0	0.5134702618153502	0.5134702618153502	0.5134702618153502	
T_cell → Lamc1 → Itga6_Itgb1 → CD4	MULTI|T_cell|Lamc1	47	0	0		UNRESOLVED	30	16	1	0.00037084345773236795	0.0032878392445278926	0.008147184960857522	positive	47	0	0	0	0	0.0	0.0	0.0	96.0	94.87234042553192	89.0	99.0	5.0	0.6172531192261292	0.6172531192261292	0.6208763076319262	
T_cell → Lamc1 → Itga3_Itgb1 → CD4	MULTI|T_cell|Lamc1	47	0	0		UNRESOLVED	30	16	1	0.00037084345773236795	0.0032878392445278926	0.008147184960857522	positive	47	0	0	0	0	0.0	0.0	0.0	96.0	94.87234042553192	89.0	99.0	5.0	0.6172531192261292	0.6172531192261292	0.6208763076319262	
T_cell → Cd200 → Cd200r1 → CD4	MULTI|T_cell|Cd200	47	0	0		UNRESOLVED	22	24	1	-2.2606048348374885e-06	0.00015915945511292434	0.0007689817835870379	negative	47	0	0	0	0	0.0	0.0	0.0	195.0	195.59574468085106	187.0	201.0	7.0	0.5788473221246799	0.5788473221246799	0.582470510530477	
NK → Spp1 → Itgav_Itgb3 → CD8	MULTI|NK|Spp1	43	0	0		UNRESOLVED	12	30	1	-0.0028677550581524716	-0.009536125369665326	0.014693495154123574	negative	43	0	0	0	0	0.0	0.0	0.0	84.0	83.67441860465117	81.0	86.0	0.5	0.6245907550109892	0.6245907550109892	0.6285590089792431	
melanoma → Col4a4 → Cd44 → CD8	MULTI|melanoma|Col4a4	42	0	0		UNRESOLVED	18	23	1	-2.4548307397904267e-05	0.000505872170658809	0.000755912502270643	negative	42	0	0	0	0	0.0	0.0	0.0	190.0	188.0	175.0	193.0	7.0	0.5814925966697867	0.5814925966697867	0.5855576373201932	
NK → Thy1 → Itgav_Itgb3 → CD8	MULTI|NK|Thy1	43	0	0		UNRESOLVED	10	32	1	-0.0015276517692789267	-0.00670044423144963	0.012593417895086651	negative	43	0	0	0	0	0.0	0.0	0.0	95.0	95.46511627906976	90.0	102.0	7.0	0.618050351873538	0.618050351873538	0.6220186058417919	
T_cell → Col18a1 → Ptprs → CD4	MULTI|T_cell|Col18a1	47	0	0		UNRESOLVED	26	20	1	2.0849990584546088e-05	0.00013895489067225426	0.00042109454237233384	positive	47	0	0	0	0	0.0	0.0	0.0	240.0	239.36170212765958	233.0	246.0	6.0	0.5221880006817184	0.5221880006817184	0.5258111890875156	
melanoma → Lama4 → Cd44 → CD8	MULTI|melanoma|Lama4	42	0	0		UNRESOLVED	19	22	1	-8.033537009463679e-05	0.0003925453887112142	0.0033433052860556965	negative	42	0	0	0	0	0.0	0.0	0.0	260.0	257.23809523809524	249.0	261.0	5.0	0.5136694244077308	0.5136694244077308	0.5177344650581374	
T_cell → Tnfsf4 → Tnfrsf4 → CD8	MULTI|T_cell|Tnfsf4	47	0	0		UNRESOLVED	19	27	1	-1.6798504130284953e-05	-0.00027801636398303405	0.0012034594935429479	negative	47	0	0	0	0	0.0	0.0	0.0	128.0	129.04255319148936	119.0	139.0	15.0	0.6034803783699697	0.6034803783699697	0.6071035667757668	
T_cell → Fam3c → Pdcd1 → CD4	MULTI|T_cell|Fam3c	47	0	0		UNRESOLVED	27	19	1	8.467463242669776e-05	0.0006081615852683776	0.0021497152240829275	positive	47	0	0	0	0	0.0	0.0	0.0	110.0	111.55319148936171	105.0	132.0	11.0	0.61004569357208	0.61004569357208	0.6136688819778772	
melanoma → Nid1 → Itgav → CD8	MULTI|melanoma|Nid1	42	0	0		UNRESOLVED	23	18	1	4.186955577012348e-05	5.31649792761383e-05	0.0005157366801831301	positive	42	0	0	0	0	0.0	0.0	0.0	175.5	175.33333333333334	167.0	188.0	10.0	0.5861525253508527	0.5861525253508527	0.5902175660012592	
monocyte_macrophage → Plau → Igf2r → CD8	MULTI|monocyte_macrophage|Plau	45	0	0		UNRESOLVED	25	19	1	0.00014558802998508277	0.0007747108674579214	0.0056462367781572155	positive	45	0	0	0	0	0.0	0.0	0.0	138.0	138.44444444444446	127.0	145.0	8.0	0.6009340006824475	0.6009340006824475	0.6047218794703263	
melanoma → App → Cd74 → CD8	MULTI|melanoma|App	42	0	0		UNRESOLVED	21	20	1	5.387431981160311e-05	0.0027189444783992855	0.006295953559909289	positive	42	0	0	0	0	0.0	0.0	0.0	148.5	149.16666666666666	145.0	154.0	4.0	0.5983043932519488	0.5983043932519488	0.5983043932519488	
melanoma → App → Notch2 → CD8	MULTI|melanoma|App	42	0	0		UNRESOLVED	21	20	1	5.387431981160311e-05	0.0027189444783992855	0.006295953559909289	positive	42	0	0	0	0	0.0	0.0	0.0	148.5	149.16666666666666	145.0	154.0	4.0	0.5983043932519488	0.5983043932519488	0.5983043932519488	
melanoma → Arf1 → Insr → CD8	MULTI|melanoma|Arf1	42	0	0		UNRESOLVED	17	24	1	-0.0003635034884198374	0.0019976821360949285	0.004941140214563523	negative	42	0	0	0	0	0.0	0.0	0.0	243.0	243.04761904761904	234.0	252.0	9.75	0.5204973529062664	0.5204973529062664	0.5245623935566729	
melanoma → Sorbs1 → Itga1 → CD8	MULTI|melanoma|Sorbs1	42	0	0		UNRESOLVED	16	25	1	-0.00042548102450092973	0.0022375782599816266	0.0057761218097254294	negative	42	0	0	0	0	0.0	0.0	0.0	238.0	238.33333333333334	233.0	246.0	5.0	0.5226886557635119	0.5226886557635119	0.5267536964139183	
melanoma → Col4a5 → Cd47 → CD8	MULTI|melanoma|Col4a5	42	0	0		UNRESOLVED	17	24	1	-9.52346683326774e-05	-0.0002038532429117527	0.0010015016069238806	negative	42	0	0	0	0	0.0	0.0	0.0	177.5	177.0952380952381	167.0	187.0	12.0	0.5858180324964134	0.5858180324964134	0.58988307314682	
melanoma → Nid1 → Itgb3 → CD8	MULTI|melanoma|Nid1	42	0	0		UNRESOLVED	23	18	1	4.186955577012348e-05	5.31649792761383e-05	0.0005157366801831301	positive	42	0	0	0	0	0.0	0.0	0.0	175.5	175.33333333333334	167.0	188.0	10.0	0.5861525253508527	0.5861525253508527	0.5902175660012592	
T_cell → Penk → Oprm1 → CD4	MULTI|T_cell|Penk	47	0	0		UNRESOLVED	19	27	1	-5.863241022780433e-05	0.00016511596329351732	0.0008939881285167202	negative	47	0	0	0	0	0.0	0.0	0.0	104.0	101.7872340425532	94.0	109.0	7.5	0.6144809254839984	0.6144809254839984	0.6181041138897955	
T_cell → Tgfb1 → Tgfbr1_Tgfbr2 → CD4	MULTI|T_cell|Tgfb1	47	0	0		UNRESOLVED	28	18	1	0.0001714226677706311	0.00021430143249818225	0.002259837218626822	positive	47	0	0	0	0	0.0	0.0	0.0	113.0	114.02127659574468	105.0	130.0	4.0	0.607548087917117	0.607548087917117	0.6111712763229141	
NK → Thy1 → Itgax_Itgb2 → CD8	MULTI|NK|Thy1	43	0	0		UNRESOLVED	10	32	1	-0.0015276517692789267	-0.00670044423144963	0.012593417895086651	negative	43	0	0	0	0	0.0	0.0	0.0	95.0	95.46511627906976	90.0	102.0	7.0	0.618050351873538	0.618050351873538	0.6220186058417919	
melanoma → App → Lrp10 → CD8	MULTI|melanoma|App	42	0	0		UNRESOLVED	21	20	1	5.387431981160311e-05	0.0027189444783992855	0.006295953559909289	positive	42	0	0	0	0	0.0	0.0	0.0	148.5	149.16666666666666	145.0	154.0	4.0	0.5983043932519488	0.5983043932519488	0.5983043932519488	
NK → Spp1 → Itgav_Itgb1 → CD8	MULTI|NK|Spp1	43	0	0		UNRESOLVED	12	30	1	-0.0028677550581524716	-0.009536125369665326	0.014693495154123574	negative	43	0	0	0	0	0.0	0.0	0.0	84.0	83.67441860465117	81.0	86.0	0.5	0.6245907550109892	0.6245907550109892	0.6285590089792431	
dendritic → Cd72 → Cd5 → CD8	MULTI|dendritic|Cd72	38	0	0		UNRESOLVED	8	28	2	-8.3851406296143e-05	-0.0008320182286323802	0.0008974549574476843	negative	38	0	0	0	0	0.0	0.0	0.0	211.0	210.68421052631578	209.0	211.0	0.75	0.5553979045401783	0.5553979045401783	0.5599024090446828	
NK → Gpi1 → Amfr → CD8	MULTI|NK|Gpi1	43	0	0		UNRESOLVED	12	30	1	-0.0011876427142437287	-0.004809124915680772	0.00636884297894497	negative	43	0	0	0	0	0.0	0.0	0.0	214.0	214.3953488372093	213.0	218.0	0.5	0.5450404209963202	0.5450404209963202	0.5490086749645742	
melanoma → App → Aplp2 → CD8	MULTI|melanoma|App	42	0	0		UNRESOLVED	21	20	1	5.387431981160311e-05	0.0027189444783992855	0.006295953559909289	positive	42	0	0	0	0	0.0	0.0	0.0	257.0	257.45238095238096	256.0	259.0	1.0	0.5149710599186155	0.5149710599186155	0.5149710599186155	
melanoma → App → Lrp6 → CD8	MULTI|melanoma|App	42	0	0		UNRESOLVED	21	20	1	5.387431981160311e-05	0.0027189444783992855	0.006295953559909289	positive	42	0	0	0	0	0.0	0.0	0.0	148.5	149.16666666666666	145.0	154.0	4.0	0.5983043932519488	0.5983043932519488	0.5983043932519488	
melanoma → App → Ncstn → CD8	MULTI|melanoma|App	42	0	0		UNRESOLVED	21	20	1	5.387431981160311e-05	0.0027189444783992855	0.006295953559909289	positive	42	0	0	0	0	0.0	0.0	0.0	257.0	257.45238095238096	256.0	259.0	1.0	0.5149710599186155	0.5149710599186155	0.5149710599186155	
T_cell → Itgb3bp → Itgb3 → CD8	MULTI|T_cell|Itgb3bp	47	0	0		UNRESOLVED	16	30	1	-0.000103403322178663	-0.00041911345093823113	0.0010302734005606137	negative	47	0	0	0	0	0.0	0.0	0.0	228.0	228.4255319148936	226.0	231.0	1.0	0.5310911733332219	0.5310911733332219	0.534714361739019	
T_cell → Lamc1 → Itga9_Itgb1 → CD4	MULTI|T_cell|Lamc1	47	0	0		UNRESOLVED	30	16	1	0.00037084345773236795	0.0032878392445278926	0.008147184960857522	positive	47	0	0	0	0	0.0	0.0	0.0	96.0	94.87234042553192	89.0	99.0	5.0	0.6172531192261292	0.6172531192261292	0.6208763076319262	
T_cell → Il10 → Cd27 → CD4	MULTI|T_cell|Il10	47	0	0		UNRESOLVED	21	25	1	-1.901857097662024e-05	-0.0001227322290676786	0.0014128961100405152	negative	47	0	0	0	0	0.0	0.0	0.0	144.0	143.4468085106383	126.0	153.0	7.0	0.5991371771971438	0.5991371771971438	0.6027603656029408	
T_cell → Adam9 → Itga6 → CD4	MULTI|T_cell|Adam9	47	0	0		UNRESOLVED	25	21	1	9.747345933624002e-05	0.0005666713132620318	0.0028001499872372347	positive	47	0	0	0	0	0.0	0.0	0.0	249.0	248.63829787234042	243.0	254.0	4.0	0.5170796583793532	0.5170796583793532	0.5207028467851503	
NK → Ccl4 → Ccr8 → CD8	MULTI|NK|Ccl4	43	0	0		UNRESOLVED	26	16	1	0.0006141961162339867	0.015198684949168576	0.01668097758286046	positive	43	0	0	0	0	0.0	0.0	0.0	112.0	114.11627906976744	105.0	134.0	7.5	0.6080676611560595	0.6080676611560595	0.6120359151243134	
T_cell → Tgfb1 → Tgfbr3 → CD4	MULTI|T_cell|Tgfb1	47	0	0		UNRESOLVED	28	18	1	0.0001714226677706311	0.00021430143249818225	0.002259837218626822	positive	47	0	0	0	0	0.0	0.0	0.0	113.0	114.02127659574468	105.0	130.0	4.0	0.607548087917117	0.607548087917117	0.6111712763229141	
T_cell → Fgf13 → Fgfr2 → CD4	MULTI|T_cell|Fgf13	47	0	0		UNRESOLVED	18	28	1	-0.0003190864419340747	-0.00302611786954779	0.006812810823400756	negative	47	0	0	0	0	0.0	0.0	0.0	120.0	121.02127659574468	110.0	138.0	2.5	0.6069856572984014	0.6069856572984014	0.6106088457041985	
melanoma → Col4a5 → Cd44 → CD8	MULTI|melanoma|Col4a5	42	0	0		UNRESOLVED	17	24	1	-9.52346683326774e-05	-0.0002038532429117527	0.0010015016069238806	negative	42	0	0	0	0	0.0	0.0	0.0	177.5	177.0952380952381	167.0	187.0	12.0	0.5858180324964134	0.5858180324964134	0.58988307314682	
T_cell → Sertad1 → Ar → CD8	MULTI|T_cell|Sertad1	47	0	0		UNRESOLVED	29	17	1	0.0006484675026202322	0.0013511944700526038	0.001977541702030551	positive	47	0	0	0	0	0.0	0.0	0.0	226.0	224.4468085106383	220.0	228.0	4.0	0.5352255582808756	0.5352255582808756	0.5388487466866727	
melanoma → Pam → Dpp4 → CD8	MULTI|melanoma|Pam	42	0	0		UNRESOLVED	21	20	1	4.7027717602058165e-06	1.1645626384669625e-06	0.002110017276849432	positive	42	0	0	0	0	0.0	0.0	0.0	249.0	249.0952380952381	244.0	254.0	3.0	0.5192277958541514	0.5192277958541514	0.5192277958541514	
NK → H2-Ab1 → Lag3 → CD8	MULTI|NK|H2-Ab1	43	0	0		UNRESOLVED	12	30	1	-0.00018859492000024161	-0.0020181119862472314	0.002852959930302928	negative	43	0	0	0	0	0.0	0.0	0.0	216.0	216.30232558139534	213.0	221.0	2.0	0.5418202194489856	0.5418202194489856	0.5457884734172396	
T_cell → Col18a1 → Itgb3 → CD4	MULTI|T_cell|Col18a1	47	0	0		UNRESOLVED	26	20	1	2.0849990584546088e-05	0.00013895489067225426	0.00042109454237233384	positive	47	0	0	0	0	0.0	0.0	0.0	169.0	168.89361702127658	161.0	181.0	5.0	0.5888546673483851	0.5888546673483851	0.5924778557541822	
T_cell → Ntng2 → Lrrc4 → CD4	MULTI|T_cell|Ntng2	47	0	0		UNRESOLVED	29	17	1	6.421253369327885e-05	0.001314113894151857	0.0021700982595153585	positive	47	0	0	0	0	0.0	0.0	0.0	230.0	229.25531914893617	226.0	232.0	2.0	0.5303151177915315	0.5303151177915315	0.5339383061973286	
T_cell → Cd28 → Cd86 → CD4	MULTI|T_cell|Cd28	47	0	0		UNRESOLVED	22	24	1	-0.0002668701425214733	0.0010218665492841845	0.006110617464085139	negative	47	0	0	0	0	0.0	0.0	0.0	148.0	147.63829787234042	137.0	159.0	11.0	0.5973658376713493	0.5973658376713493	0.6009890260771464	
melanoma → Col4a4 → Itgb3 → CD8	MULTI|melanoma|Col4a4	42	0	0		UNRESOLVED	18	23	1	-2.4548307397904267e-05	0.000505872170658809	0.000755912502270643	negative	42	0	0	0	0	0.0	0.0	0.0	190.0	188.0	175.0	193.0	7.0	0.5814925966697867	0.5814925966697867	0.5855576373201932	
