candidate	candidate_family_id	observed_score	null_mean	null_sd	null_95	null_99	empirical_p	null_percentile	n_permutations	null_model_type	random_seed	empirical_FDR
fibroblast → Il15 → Il2ra → CD4	LR|fibroblast|Il15	0.6721878472702798	0.6265113766820446	0.012441593651745578	0.6501290237408681	0.6648349060938092	0.001998001998001998	1.0	1000	within-candidate mouse-effect sign permutation	17	0.008260396320097813
fibroblast → Il15 → Il15ra_Il2rb_Il2rg → CD4	LR|fibroblast|Il15	0.6721878472702798	0.6262466707996917	0.012470761652512322	0.6501290237408681	0.6648349060938092	0.004995004995004995	0.999	1000	within-candidate mouse-effect sign permutation	17	0.017295204795204796
fibroblast → Col1a2 → Cd44 → CD4	LR|fibroblast|Col1a2	0.6240636326119703	0.6295562796707939	0.012120071769832142	0.6534753973178526	0.6681812796707938	0.7282717282717283	0.527	1000	within-candidate mouse-effect sign permutation	17	0.84406388590489
fibroblast → Hspg2 → Ptprs → CD8	LR|fibroblast|Hspg2	0.6550305451066961	0.6243834862831665	0.012521124019544033	0.6476776039302256	0.6623834862831667	0.03496503496503497	0.988	1000	within-candidate mouse-effect sign permutation	17	0.08967883967883969
fibroblast → Col1a2 → Itgav_Itgb8 → CD4	LR|fibroblast|Col1a2	0.6240636326119703	0.6297033384943231	0.01259632222029543	0.6534753973178526	0.6681812796707938	0.7212787212787213	0.528	1000	within-candidate mouse-effect sign permutation	17	0.8417968586035813
fibroblast → Hspg2 → Itgb1 → CD8	LR|fibroblast|Hspg2	0.6550305451066961	0.6235452509890491	0.01212338349371329	0.6476776039302256	0.6623834862831667	0.03396603396603397	0.987	1000	within-candidate mouse-effect sign permutation	17	0.0879307608279571
fibroblast → Col1a2 → Itgb3 → CD4	LR|fibroblast|Col1a2	0.6240636326119703	0.6302253973178527	0.013070369498355015	0.6534753973178526	0.6681812796707938	0.7222777222777222	0.504	1000	within-candidate mouse-effect sign permutation	17	0.8417968586035813
fibroblast → Col1a2 → Itga1_Itgb1 → CD4	LR|fibroblast|Col1a2	0.6240636326119703	0.6298209855531468	0.012426059425846594	0.6534753973178526	0.6681812796707938	0.7232767232767233	0.515	1000	within-candidate mouse-effect sign permutation	17	0.8417968586035813
fibroblast → Col6a2 → Cd44 → CD8	LR|fibroblast|Col6a2	0.6429652489249902	0.6261858371602841	0.012374971601798868	0.6503181901014607	0.657744660689696	0.15184815184815184	0.924	1000	within-candidate mouse-effect sign permutation	17	0.30260387094919466
fibroblast → Col6a2 → Itga1_Itgb1 → CD8	LR|fibroblast|Col6a2	0.6429652489249902	0.6270755430426371	0.012467689643017338	0.6503181901014607	0.6650240724544019	0.15584415584415584	0.915	1000	within-candidate mouse-effect sign permutation	17	0.30616192318319974
fibroblast → Lama4 → Itga3_Itgb1 → CD4	LR|fibroblast|Lama4	0.633725224682126	0.6257766952703614	0.013146020405759693	0.6484311070350672	0.6631369893880084	0.3196803196803197	0.818	1000	within-candidate mouse-effect sign permutation	17	0.5208908738320503
fibroblast → Lama4 → Itgav_Itgb8 → CD4	LR|fibroblast|Lama4	0.633725224682126	0.6249752246821261	0.012849567130161456	0.6484311070350672	0.663210518799773	0.2957042957042957	0.829	1000	within-candidate mouse-effect sign permutation	17	0.505911266647463
fibroblast → Lama4 → Itga6_Itgb1 → CD4	LR|fibroblast|Lama4	0.633725224682126	0.6247840482115378	0.012636247088610955	0.6484311070350672	0.6631369893880084	0.28771228771228774	0.833	1000	within-candidate mouse-effect sign permutation	17	0.49810189810189814
fibroblast → Hspg2 → Itga2 → CD8	LR|fibroblast|Hspg2	0.6302278560249105	0.599330797201381	0.012708460726950496	0.6228749148484399	0.637580797201381	0.03296703296703297	0.987	1000	within-candidate mouse-effect sign permutation	17	0.08614969935724653
fibroblast → Lama4 → Cd44 → CD4	LR|fibroblast|Lama4	0.633725224682126	0.6249237540938907	0.012552207152997612	0.6484311070350672	0.6631369893880084	0.3036963036963037	0.84	1000	within-candidate mouse-effect sign permutation	17	0.5067703380956393
fibroblast → Col1a2 → Itga3_Itgb1 → CD4	LR|fibroblast|Col1a2	0.594600984346048	0.6007774549342834	0.012457540343851402	0.6240127490519304	0.6387186314048715	0.7452547452547452	0.508	1000	within-candidate mouse-effect sign permutation	17	0.85303952246101
neutrophil → Vegfa → Itgb1 → CD4	LR|neutrophil|Vegfa	0.6314726429145668	0.6266568534408825	0.016528976487124408	0.657788432388251	0.6709463271250931	0.4785214785214785	0.773	1000	within-candidate mouse-effect sign permutation	17	0.6404909644346264
neutrophil → Vegfa → Nrp1 → CD4	LR|neutrophil|Vegfa	0.6314726429145668	0.626367379756672	0.01650493085057528	0.657788432388251	0.6709463271250931	0.46053946053946054	0.784	1000	within-candidate mouse-effect sign permutation	17	0.6404909644346264
neutrophil → Vegfa → Itgav → CD4	LR|neutrophil|Vegfa	0.6314726429145668	0.6269068534408825	0.01707786773815732	0.657788432388251	0.6710779060724613	0.4825174825174825	0.758	1000	within-candidate mouse-effect sign permutation	17	0.6404909644346264
neutrophil → Vegfa → Cd44 → CD4	LR|neutrophil|Vegfa	0.6314726429145668	0.6278147481777246	0.017686070547545108	0.657788432388251	0.6709463271250931	0.4905094905094905	0.732	1000	within-candidate mouse-effect sign permutation	17	0.6404909644346264
neutrophil → Vegfa → Itga9 → CD4	LR|neutrophil|Vegfa	0.6314726429145668	0.6276568534408825	0.017711425643859115	0.657788432388251	0.6709463271250931	0.4905094905094905	0.739	1000	within-candidate mouse-effect sign permutation	17	0.6404909644346264
neutrophil → Vegfa → Itgb3 → CD4	LR|neutrophil|Vegfa	0.6314726429145668	0.6274068534408825	0.017787600142699554	0.657788432388251	0.6709463271250931	0.4675324675324675	0.747	1000	within-candidate mouse-effect sign permutation	17	0.6404909644346264
fibroblast → Col6a2 → Itga2_Itgb1 → CD8	LR|fibroblast|Col6a2	0.6152613677721364	0.59862901483096	0.012528850788325491	0.6226143089486069	0.6300407795368421	0.15184815184815184	0.919	1000	within-candidate mouse-effect sign permutation	17	0.30260387094919466
fibroblast → Adam10 → Notch1 → CD8	LR|fibroblast|Adam10	0.6268017572023806	0.6326032277906158	0.012660045913947246	0.656213521908263	0.6709194042612041	0.7182817182817183	0.516	1000	within-candidate mouse-effect sign permutation	17	0.8417968586035813
fibroblast → Adam10 → Notch2 → CD8	LR|fibroblast|Adam10	0.6268017572023806	0.633559110143557	0.012474972782906416	0.656213521908263	0.6635664630847335	0.7592407592407593	0.48	1000	within-candidate mouse-effect sign permutation	17	0.8584068992232258
fibroblast → Adam10 → Tspan5 → CD8	LR|fibroblast|Adam10	0.6268017572023806	0.6326841101435571	0.013012836356252305	0.656213521908263	0.6709194042612041	0.7162837162837162	0.52	1000	within-candidate mouse-effect sign permutation	17	0.8417968586035813
fibroblast → Adam10 → Tspan14 → CD8	LR|fibroblast|Adam10	0.6268017572023806	0.6328752866141454	0.012730835722791014	0.656213521908263	0.6709194042612041	0.7182817182817183	0.502	1000	within-candidate mouse-effect sign permutation	17	0.8417968586035813
fibroblast → Adam10 → Cd44 → CD8	LR|fibroblast|Adam10	0.6268017572023806	0.6328458748494395	0.0120693909938297	0.656213521908263	0.6635664630847335	0.7552447552447552	0.502	1000	within-candidate mouse-effect sign permutation	17	0.857388513126218
neutrophil → Vegfa → Gpc1 → CD4	LR|neutrophil|Vegfa	0.5978240396493669	0.5935608817546302	0.016968195767082247	0.6241398291230511	0.6372977238598933	0.4855144855144855	0.761	1000	within-candidate mouse-effect sign permutation	17	0.6404909644346264
fibroblast → Adam10 → Il6ra → CD8	LR|fibroblast|Adam10	0.6156160386302785	0.620983685689102	0.012315024090073904	0.6450278033361608	0.6524542739243961	0.7092907092907093	0.541	1000	within-candidate mouse-effect sign permutation	17	0.8417968586035813
neutrophil → Vegfa → Nrp2 → CD4	LR|neutrophil|Vegfa	0.5945218010171811	0.5901139062803389	0.01711930091998268	0.6208375904908653	0.6339954852277073	0.4775224775224775	0.758	1000	within-candidate mouse-effect sign permutation	17	0.6404909644346264
neutrophil → Vegfa → Sirpa → CD4	LR|neutrophil|Vegfa	0.5930508928203095	0.5885640507150464	0.016997224598278415	0.6193666822939937	0.6325245770308359	0.4855144855144855	0.767	1000	within-candidate mouse-effect sign permutation	17	0.6404909644346264
fibroblast → Adam10 → Axl → CD8	LR|fibroblast|Adam10	0.5966536026666754	0.6031315438431459	0.012401948916912877	0.6260653673725578	0.6334183085490284	0.7492507492507493	0.492	1000	within-candidate mouse-effect sign permutation	17	0.8540841874175208
neutrophil → Vegfa → Ret → CD8	LR|neutrophil|Vegfa	0.6298664824863467	0.6259849035389782	0.017544832758099906	0.6561822719600309	0.6693401666968729	0.4985014985014985	0.752	1000	within-candidate mouse-effect sign permutation	17	0.6448295890156356
neutrophil → Vegfa → Itgb1 → CD8	LR|neutrophil|Vegfa	0.6302658911228662	0.6256474700702347	0.017063709648860337	0.6565816805965505	0.6697395753333926	0.4645354645354645	0.768	1000	within-candidate mouse-effect sign permutation	17	0.6404909644346264
fibroblast → Igsf10 → Cd200r4 → CD4	LR|fibroblast|Igsf10	0.593313118829051	0.6070263541231686	0.012523280656082245	0.6300778247114039	0.6447837070643452	1.0	0.261	1000	within-candidate mouse-effect sign permutation	17	1.0
neutrophil → Vegfa → Itgav → CD8	LR|neutrophil|Vegfa	0.6302658911228662	0.6253316805965505	0.017218124630443164	0.6565816805965505	0.6697395753333926	0.4595404595404595	0.77	1000	within-candidate mouse-effect sign permutation	17	0.6404909644346264
neutrophil → Vegfa → Itgb3 → CD8	LR|neutrophil|Vegfa	0.6302658911228662	0.6253316805965505	0.01736829645090871	0.6565816805965505	0.6698711542807608	0.46253746253746253	0.771	1000	within-candidate mouse-effect sign permutation	17	0.6404909644346264
neutrophil → Vegfa → Cd44 → CD8	LR|neutrophil|Vegfa	0.6302658911228662	0.6262527332281295	0.017653045651547586	0.6565816805965505	0.6697395753333926	0.47352647352647353	0.739	1000	within-candidate mouse-effect sign permutation	17	0.6404909644346264
neutrophil → Vegfa → Nrp1 → CD8	LR|neutrophil|Vegfa	0.6302658911228662	0.6260422069123399	0.017013717579429138	0.6565816805965505	0.6697395753333926	0.4825174825174825	0.749	1000	within-candidate mouse-effect sign permutation	17	0.6404909644346264
fibroblast → Adam10 → Gpnmb → CD8	LR|fibroblast|Adam10	0.5877078561632739	0.5937446208691562	0.012906368211000496	0.6171196208691563	0.6318255032220975	0.7122877122877123	0.511	1000	within-candidate mouse-effect sign permutation	17	0.8417968586035813
neutrophil → Gpi1 → Amfr → CD8	LR|neutrophil|Gpi1	0.7016548747322082	0.6179443484164188	0.01752993087420181	0.6490232957848397	0.675339085258524	0.001998001998001998	1.0	1000	within-candidate mouse-effect sign permutation	17	0.008260396320097813
fibroblast → Hspg2 → Itgb1 → CD4	LR|fibroblast|Hspg2	0.6366756100790276	0.6285800218437336	0.013080795555708452	0.6513814924319689	0.6661609041966746	0.3106893106893107	0.812	1000	within-candidate mouse-effect sign permutation	17	0.5092363258043732
fibroblast → Hspg2 → Ptprs → CD4	LR|fibroblast|Hspg2	0.6366756100790276	0.6281903159613806	0.012698007840373489	0.6513814924319689	0.66608737478491	0.3106893106893107	0.82	1000	within-candidate mouse-effect sign permutation	17	0.5092363258043732
neutrophil → Pdcd1lg2 → Pdcd1 → CD4	LR|neutrophil|Pdcd1lg2	0.6646234188654263	0.6332286820233209	0.016439492851294302	0.6646234188654263	0.6777813136022683	0.07992007992007992	0.974	1000	within-candidate mouse-effect sign permutation	17	0.18145788637591917
neutrophil → Vegfa → Sirpa → CD8	LR|neutrophil|Vegfa	0.6009907359841365	0.5965433675630838	0.017275248493909313	0.6273065254578207	0.6404644201946629	0.4755244755244755	0.758	1000	within-candidate mouse-effect sign permutation	17	0.6404909644346264
neutrophil → Hdc → Hrh2 → CD8	LR|neutrophil|Hdc	0.6859388064625384	0.6281230169888542	0.0170888787927515	0.6596230169888542	0.6727809117256962	0.005994005994005994	1.0	1000	within-candidate mouse-effect sign permutation	17	0.01976594833737691
neutrophil → Pdcd1lg2 → Pdcd2 → CD4	LR|neutrophil|Pdcd1lg2	0.6525627611369845	0.622444340084353	0.01776792820936603	0.6525627611369845	0.6657206558738267	0.11188811188811189	0.963	1000	within-candidate mouse-effect sign permutation	17	0.23129109696273875
neutrophil → Vegfa → Gpc1 → CD8	LR|neutrophil|Vegfa	0.5941107155398611	0.5893475576451241	0.01698824344988221	0.6204265050135452	0.6335843997503874	0.47352647352647353	0.767	1000	within-candidate mouse-effect sign permutation	17	0.6404909644346264
neutrophil → Pdcd1lg2 → Rgmb → CD4	LR|neutrophil|Pdcd1lg2	0.6397296364077726	0.6080980574604041	0.016740979296673016	0.6397296364077726	0.6528875311446146	0.08591408591408592	0.975	1000	within-candidate mouse-effect sign permutation	17	0.18887461744604603
neutrophil → Vegfa → Nrp2 → CD8	LR|neutrophil|Vegfa	0.5916874216396228	0.586924263744886	0.01677286342186155	0.618003211113307	0.6311611058501492	0.4825174825174825	0.77	1000	within-candidate mouse-effect sign permutation	17	0.6404909644346264
fibroblast → Fbn1 → Itgb1 → CD4	LR|fibroblast|Fbn1	0.612460106604538	0.6261071654280673	0.01308175649296287	0.6492248124868909	0.663930694839832	1.0	0.279	1000	within-candidate mouse-effect sign permutation	17	1.0
fibroblast → Ccl11 → Ccr3 → CD4	LR|fibroblast|Ccl11	0.6410781658585967	0.6252693423291849	0.012485934993598182	0.6484311070350672	0.6557840482115378	0.17382617382617382	0.917	1000	within-candidate mouse-effect sign permutation	17	0.3275500010193888
fibroblast → Ccl11 → Ccr2 → CD4	LR|fibroblast|Ccl11	0.6410781658585967	0.6248208129174202	0.012492383059911774	0.6484311070350672	0.6631369893880084	0.15384615384615385	0.92	1000	within-candidate mouse-effect sign permutation	17	0.3043956043956044
fibroblast → Fbn1 → Itgb3 → CD4	LR|fibroblast|Fbn1	0.612460106604538	0.6257689301339496	0.012434734460665663	0.6492248124868909	0.663930694839832	1.0	0.264	1000	within-candidate mouse-effect sign permutation	17	1.0
fibroblast → Ccl11 → Cxcr3 → CD4	LR|fibroblast|Ccl11	0.6410781658585967	0.6248575776233026	0.012559469262914326	0.6484311070350672	0.6631369893880084	0.17182817182817184	0.922	1000	within-candidate mouse-effect sign permutation	17	0.3275500010193888
fibroblast → Ccl11 → Ccr5 → CD4	LR|fibroblast|Ccl11	0.6410781658585967	0.6242546364468319	0.011854108831699302	0.6484311070350672	0.6557840482115378	0.14785214785214784	0.93	1000	within-candidate mouse-effect sign permutation	17	0.29894193397843033
neutrophil → Hdc → Hrh4 → CD8	LR|neutrophil|Hdc	0.6504571822773473	0.5922466559615579	0.016913008647069402	0.6241413928036631	0.6372992875405052	0.006993006993006993	0.998	1000	within-candidate mouse-effect sign permutation	17	0.022012078830260646
fibroblast → Ccl11 → Dpp4 → CD4	LR|fibroblast|Ccl11	0.6410781658585967	0.6246664011527143	0.012295419295011382	0.6484311070350672	0.6631369893880084	0.14385614385614387	0.929	1000	within-candidate mouse-effect sign permutation	17	0.29300111653052835
neutrophil → Arf6 → Smap1 → CD8	LR|neutrophil|Arf6	0.6430479530266122	0.6255084793424017	0.017014490931616198	0.6562058477634544	0.6693637425002964	0.23876123876123875	0.91	1000	within-candidate mouse-effect sign permutation	17	0.4185877413725515
fibroblast → Mfap2 → Notch1 → CD8	LR|fibroblast|Mfap2	0.6261495195585439	0.6242009901467793	0.012910171330734813	0.6482083430879557	0.6629142254408968	0.46353646353646355	0.725	1000	within-candidate mouse-effect sign permutation	17	0.6404909644346264
neutrophil → Pdcd1lg2 → Pdcd1 → CD8	LR|neutrophil|Pdcd1lg2	0.6307066326343909	0.6264961063186015	0.01716386722012666	0.6570224221080752	0.6701803168449172	0.4905094905094905	0.761	1000	within-candidate mouse-effect sign permutation	17	0.6404909644346264
neutrophil → Pdcd1lg2 → Rgmb → CD8	LR|neutrophil|Pdcd1lg2	0.6307066326343909	0.6264566326343909	0.017219612722906105	0.6570224221080752	0.6703118957922855	0.4865134865134865	0.762	1000	within-candidate mouse-effect sign permutation	17	0.6404909644346264
neutrophil → Ccl25 → Ccr10 → CD4	LR|neutrophil|Ccl25	0.6555366279207223	0.6246024173944064	0.016579986391835874	0.6555366279207223	0.6686945226575645	0.08491508491508491	0.972	1000	within-candidate mouse-effect sign permutation	17	0.18887461744604603
neutrophil → Lamb3 → Cd44 → CD4	LR|neutrophil|Lamb3	0.6038095468411652	0.6251779678937966	0.01751841136753288	0.6564411257885336	0.6695990205253757	1.0	0.214	1000	within-candidate mouse-effect sign permutation	17	1.0
neutrophil → Lamb3 → Itgav_Itgb8 → CD4	LR|neutrophil|Lamb3	0.6038095468411652	0.6265332310516913	0.01624598288297125	0.6564411257885336	0.6695990205253757	1.0	0.147	1000	within-candidate mouse-effect sign permutation	17	1.0
neutrophil → Lamb3 → Itga6_Itgb1 → CD4	LR|neutrophil|Lamb3	0.6038095468411652	0.6251253363148493	0.016940502041506402	0.6564411257885336	0.6695990205253757	1.0	0.206	1000	within-candidate mouse-effect sign permutation	17	1.0
neutrophil → Lamb3 → Itga3_Itgb1 → CD4	LR|neutrophil|Lamb3	0.6038095468411652	0.6265200731569546	0.018007212313149935	0.6564411257885336	0.6695990205253757	1.0	0.189	1000	within-candidate mouse-effect sign permutation	17	1.0
neutrophil → Lamb3 → Itga9_Itgb1 → CD4	LR|neutrophil|Lamb3	0.6031599975656218	0.6250021028287797	0.016562230502694276	0.6557915765129902	0.6689494712498323	1.0	0.19	1000	within-candidate mouse-effect sign permutation	17	1.0
neutrophil → Pdcd1lg2 → Pdcd2 → CD8	LR|neutrophil|Pdcd1lg2	0.6159371634366653	0.61154242659456	0.017087257729995826	0.6422529529103495	0.6554108476471915	0.4675324675324675	0.755	1000	within-candidate mouse-effect sign permutation	17	0.6404909644346264
neutrophil → Lamb3 → Itga2_Itgb1 → CD4	LR|neutrophil|Lamb3	0.5823725381900192	0.6046356960847561	0.017372088926902573	0.6350041171373877	0.6481620118742298	1.0	0.184	1000	within-candidate mouse-effect sign permutation	17	1.0
neutrophil → Lamb3 → Dag1 → CD4	LR|neutrophil|Lamb3	0.5730570206061927	0.5942280732377718	0.017416793683570665	0.6256885995535612	0.6388464942904033	1.0	0.206	1000	within-candidate mouse-effect sign permutation	17	1.0
neutrophil → Hdc → Hrh1 → CD8	LR|neutrophil|Hdc	0.6419680125530695	0.5849811704478063	0.017263634260115575	0.6156522230793852	0.6289416967635956	0.01098901098901099	0.998	1000	within-candidate mouse-effect sign permutation	17	0.03204164256795836
neutrophil → Lamb3 → Cd151 → CD4	LR|neutrophil|Lamb3	0.5647188617405974	0.5868767564774394	0.01684078942228218	0.6173504406879659	0.630508335424808	1.0	0.152	1000	within-candidate mouse-effect sign permutation	17	1.0
fibroblast → Lama4 → Itga9_Itgb1 → CD4	LR|fibroblast|Lama4	0.5913636861070514	0.5824813331658748	0.01247128188969837	0.6060695684599926	0.6207754508129337	0.2967032967032967	0.829	1000	within-candidate mouse-effect sign permutation	17	0.505911266647463
neutrophil → Hdc → Hrh3 → CD8	LR|neutrophil|Hdc	0.6395740405474918	0.5832056194948603	0.016980027374532972	0.6132582510738076	0.6264161458106496	0.006993006993006993	0.999	1000	within-candidate mouse-effect sign permutation	17	0.022012078830260646
neutrophil → Vegfa → Tyro3 → CD4	LR|neutrophil|Vegfa	0.5887769212091617	0.5847900791038985	0.01727241708524777	0.6150927106828459	0.628250605419688	0.4855144855144855	0.746	1000	within-candidate mouse-effect sign permutation	17	0.6404909644346264
neutrophil → Vegfa → Ephb2 → CD4	LR|neutrophil|Vegfa	0.5870785825622085	0.5821575299306295	0.01668576698700416	0.6133943720358926	0.6265522667727348	0.46653346653346656	0.767	1000	within-candidate mouse-effect sign permutation	17	0.6404909644346264
neutrophil → Vegfa → Egfr → CD4	LR|neutrophil|Vegfa	0.5858281852055521	0.5815650273108153	0.017301625946361567	0.6121439746792363	0.6253018694160783	0.4785214785214785	0.759	1000	within-candidate mouse-effect sign permutation	17	0.6404909644346264
neutrophil → Vegfa → Ret → CD4	LR|neutrophil|Vegfa	0.5847543426087883	0.5800832899772095	0.016803898892981357	0.6110701320824726	0.6242280268193147	0.47152847152847155	0.774	1000	within-candidate mouse-effect sign permutation	17	0.6404909644346264
neutrophil → Vegfa → Tyro3 → CD8	LR|neutrophil|Vegfa	0.5859276290896916	0.5814934185633759	0.017102383360821337	0.6122434185633759	0.625401313300218	0.4925074925074925	0.76	1000	within-candidate mouse-effect sign permutation	17	0.6404909644346264
neutrophil → Vegfa → Grin2b → CD4	LR|neutrophil|Vegfa	0.5846179467154474	0.5803416309259737	0.017679505757308787	0.6109337361891317	0.6240916309259738	0.46353646353646355	0.769	1000	within-candidate mouse-effect sign permutation	17	0.6404909644346264
neutrophil → Lamb3 → Itga7_Itgb1 → CD4	LR|neutrophil|Lamb3	0.5586324660713867	0.580527202913492	0.01720167163171092	0.6112640450187552	0.6244219397555973	1.0	0.196	1000	within-candidate mouse-effect sign permutation	17	1.0
neutrophil → Vegfa → Itga9 → CD8	LR|neutrophil|Vegfa	0.5845628250223904	0.5805759829171271	0.01681531071717783	0.6108786144960746	0.6240365092329166	0.5004995004995005	0.76	1000	within-candidate mouse-effect sign permutation	17	0.6448295890156356
neutrophil → Vegfa → Flt1_Kdr → CD4	LR|neutrophil|Vegfa	0.5828601572652321	0.5786364730547058	0.017828626914968233	0.6091759467389163	0.6354917362126005	0.47152847152847155	0.754	1000	within-candidate mouse-effect sign permutation	17	0.6404909644346264
neutrophil → Ccl25 → Ccr9 → CD4	LR|neutrophil|Ccl25	0.6091712012102694	0.5781712012102693	0.0164408618709048	0.6091712012102694	0.6223290959471115	0.08591408591408592	0.979	1000	within-candidate mouse-effect sign permutation	17	0.18887461744604603
neutrophil → Ccl25 → Grm7 → CD4	LR|neutrophil|Ccl25	0.6081721831601505	0.5773827094759401	0.017338490957925407	0.6081721831601505	0.6213300778969927	0.1008991008991009	0.97	1000	within-candidate mouse-effect sign permutation	17	0.2117352344625072
neutrophil → Ccl25 → Ackr4 → CD4	LR|neutrophil|Ccl25	0.6080375089309509	0.5765506668256877	0.016719076759822312	0.6080375089309509	0.621195403667793	0.0899100899100899	0.976	1000	within-candidate mouse-effect sign permutation	17	0.19610310948893625
neutrophil → Vegfa → Ephb2 → CD8	LR|neutrophil|Vegfa	0.5828791008473907	0.5780633113737065	0.016963195453687373	0.609194890321075	0.622352785057917	0.48451548451548454	0.761	1000	within-candidate mouse-effect sign permutation	17	0.6404909644346264
fibroblast → Lama4 → Itga2_Itgb1 → CD4	LR|fibroblast|Lama4	0.5833712186935949	0.5749373951641832	0.013019878915424617	0.5980771010465361	0.6127829833994772	0.2977022977022977	0.815	1000	within-candidate mouse-effect sign permutation	17	0.505911266647463
neutrophil → Ccl25 → Adra2a → CD4	LR|neutrophil|Ccl25	0.6071982553575338	0.576606150094376	0.0170209206045721	0.6071982553575338	0.620356150094376	0.0939060939060939	0.971	1000	within-candidate mouse-effect sign permutation	17	0.20164331792238768
neutrophil → Ccl25 → Mtnr1a → CD4	LR|neutrophil|Ccl25	0.6069771674282186	0.576621904270324	0.017538792579660515	0.6069771674282186	0.620266641112429	0.0989010989010989	0.964	1000	within-candidate mouse-effect sign permutation	17	0.20912675111148393
fibroblast → Adam10 → Met → CD8	LR|fibroblast|Adam10	0.5604297193910296	0.5661576605675002	0.012478699411951589	0.589841484096912	0.6045473664498532	0.7182817182817183	0.509	1000	within-candidate mouse-effect sign permutation	17	0.8417968586035813
neutrophil → Ccl25 → Ackr2 → CD4	LR|neutrophil|Ccl25	0.6067983035361514	0.5757325140624672	0.017309904415066128	0.6067983035361514	0.6199561982729935	0.0969030969030969	0.969	1000	within-candidate mouse-effect sign permutation	17	0.206478137247368
neutrophil → Vegfa → Egfr → CD8	LR|neutrophil|Vegfa	0.5815687260269091	0.5766476733953302	0.016820113108601546	0.6078845155005934	0.6210424102374354	0.4855144855144855	0.783	1000	within-candidate mouse-effect sign permutation	17	0.6404909644346264
neutrophil → Vegfa → Grin2b → CD8	LR|neutrophil|Vegfa	0.5814841755682336	0.5763394387261284	0.016943153897339188	0.6077999650419178	0.62095785977876	0.46153846153846156	0.779	1000	within-candidate mouse-effect sign permutation	17	0.6404909644346264
neutrophil → Lamb3 → Itga6_Itgb4 → CD4	LR|neutrophil|Lamb3	0.553852597399295	0.5751683868729792	0.017072843771903795	0.6064841763466635	0.6196420710835057	1.0	0.207	1000	within-candidate mouse-effect sign permutation	17	1.0
neutrophil → Vegfa → Flt1_Kdr → CD8	LR|neutrophil|Vegfa	0.5779411971864041	0.5735201445548251	0.017110849290286653	0.6042569866600883	0.6174148813969305	0.4885114885114885	0.765	1000	within-candidate mouse-effect sign permutation	17	0.6404909644346264
fibroblast → Cx3cl1 → Itgav → CD8	LR|fibroblast|Cx3cl1	0.6310261360217345	0.5851731948452639	0.01232644216595316	0.6089673124923227	0.6163202536687933	0.001998001998001998	1.0	1000	within-candidate mouse-effect sign permutation	17	0.008260396320097813
fibroblast → Cx3cl1 → Itgb3 → CD8	LR|fibroblast|Cx3cl1	0.6310261360217345	0.5854158419040875	0.012832496106170405	0.6089673124923227	0.6236731948452638	0.001998001998001998	1.0	1000	within-candidate mouse-effect sign permutation	17	0.008260396320097813
Stat4	INTRINSIC|Stat4	0.6998842013043861	0.6313782489234336	0.011520462360709966	0.6522651536853386	0.6641699155901004	0.000999000999000999	1.0	1000	within-candidate mouse-effect sign permutation	17	0.005425946602417191
Maff	INTRINSIC|Maff	0.6974183453064368	0.5943231072111987	0.012468213553125763	0.6200373929254844	0.6319421548302463	0.000999000999000999	1.0	1000	within-candidate mouse-effect sign permutation	17	0.005425946602417191
Nfkb2	INTRINSIC|Nfkb2	0.6927008184154054	0.600224627939215	0.011674414337061132	0.621272246986834	0.6331770088915959	0.000999000999000999	1.0	1000	within-candidate mouse-effect sign permutation	17	0.005425946602417191
Relb	INTRINSIC|Relb	0.7038688305577784	0.5936962115101594	0.011390560237685615	0.6145831162720642	0.626487878176826	0.000999000999000999	1.0	1000	within-candidate mouse-effect sign permutation	17	0.005425946602417191
Jund	INTRINSIC|Jund	0.6943144515927226	0.5905168325451038	0.011722044227082484	0.6109811182593894	0.6228858801641513	0.000999000999000999	1.0	1000	within-candidate mouse-effect sign permutation	17	0.005425946602417191
Rbpj	INTRINSIC|Rbpj	0.6918003675113754	0.5884134627494707	0.011777352432902658	0.608764653225661	0.620371796082804	0.000999000999000999	1.0	1000	within-candidate mouse-effect sign permutation	17	0.005425946602417191
Irf1	INTRINSIC|Irf1	0.6874978556620059	0.6033063663003038	0.010755229706890756	0.6236680684279634	0.6343063663003038	0.000999000999000999	1.0	1000	within-candidate mouse-effect sign permutation	17	0.005425946602417191
Stat5a	INTRINSIC|Stat5a	0.691075597840313	0.5933970264117416	0.01168836053982095	0.6136946454593607	0.6256589311736463	0.000999000999000999	1.0	1000	within-candidate mouse-effect sign permutation	17	0.005425946602417191
Crem	INTRINSIC|Crem	0.6089285714285714	0.553327380952381	0.012030171289657665	0.5732142857142857	0.5910714285714286	0.000999000999000999	1.0	1000	within-candidate mouse-effect sign permutation	17	0.005425946602417191
Irf8	INTRINSIC|Irf8	0.6327380952380952	0.5524107142857142	0.011221422193424683	0.5732142857142857	0.5851190476190476	0.000999000999000999	1.0	1000	within-candidate mouse-effect sign permutation	17	0.005425946602417191
Satb1	INTRINSIC|Satb1	0.5550803017886253	0.5047529208362443	0.011898770813915441	0.5253183970267206	0.5372231589314824	0.002997002997002997	1.0	1000	within-candidate mouse-effect sign permutation	17	0.011218511218511218
Klf4	INTRINSIC|Klf4	0.5824318656671142	0.4722137805607313	0.011126000394998104	0.4920063337522207	0.5026446316245611	0.000999000999000999	1.0	1000	within-candidate mouse-effect sign permutation	17	0.005425946602417191
Atf6	INTRINSIC|Atf6	0.6760746774948623	0.6313842013043861	0.011560400388518431	0.6522651536853386	0.6701222965424813	0.003996003996003996	0.999	1000	within-candidate mouse-effect sign permutation	17	0.014011305150545657
Fli1	INTRINSIC|Fli1	0.6675652566314988	0.6114223994886417	0.011626778263522338	0.6318509709172131	0.643755732821975	0.000999000999000999	1.0	1000	within-candidate mouse-effect sign permutation	17	0.005425946602417191
1700025G04Rik	INTRINSIC|1700025G04Rik	0.5827127659574468	0.5528989361702127	0.01125722819952052	0.5720744680851064	0.5880319148936171	0.024975024975024976	0.987	1000	within-candidate mouse-effect sign permutation	17	0.0684958605750685
9930111J21Rik2	INTRINSIC|9930111J21Rik2	0.5933510638297872	0.5516276595744681	0.010247701770636218	0.5720744680851064	0.5827127659574468	0.002997002997002997	0.999	1000	within-candidate mouse-effect sign permutation	17	0.011218511218511218
A430078G23Rik	INTRINSIC|A430078G23Rik	0.5791666666666666	0.5526011904761904	0.011385445354912795	0.5732142857142857	0.5851190476190476	0.03696303696303696	0.985	1000	within-candidate mouse-effect sign permutation	17	0.09393358934643338
Abtb2	INTRINSIC|Abtb2	0.6029761904761904	0.5525654761904761	0.011076929956787386	0.5732142857142857	0.5851190476190476	0.000999000999000999	1.0	1000	within-candidate mouse-effect sign permutation	17	0.005425946602417191
Acsbg1	INTRINSIC|Acsbg1	0.6148809523809524	0.5523928571428571	0.011916654773791701	0.5732142857142857	0.5851785714285714	0.000999000999000999	1.0	1000	within-candidate mouse-effect sign permutation	17	0.005425946602417191
Adgre5	INTRINSIC|Adgre5	0.635904255319149	0.5520265957446809	0.01079622013352688	0.5720744680851064	0.5827127659574468	0.000999000999000999	1.0	1000	within-candidate mouse-effect sign permutation	17	0.005425946602417191
Aff1	INTRINSIC|Aff1	0.635904255319149	0.551531914893617	0.010383867026877314	0.5720744680851064	0.5827127659574468	0.000999000999000999	1.0	1000	within-candidate mouse-effect sign permutation	17	0.005425946602417191
Aff3	INTRINSIC|Aff3	0.6146276595744681	0.5517659574468085	0.010896956560922393	0.5720744680851064	0.5827127659574468	0.000999000999000999	1.0	1000	within-candidate mouse-effect sign permutation	17	0.005425946602417191
Alcam	INTRINSIC|Alcam	0.6148809523809524	0.5528035714285713	0.012012841237269263	0.5735119047619045	0.5851190476190476	0.000999000999000999	1.0	1000	within-candidate mouse-effect sign permutation	17	0.005425946602417191
Apaf1	INTRINSIC|Apaf1	0.6252659574468085	0.5524255319148935	0.011089327207209471	0.5720744680851064	0.5880319148936171	0.000999000999000999	1.0	1000	within-candidate mouse-effect sign permutation	17	0.005425946602417191
Arhgap18	INTRINSIC|Arhgap18	0.6208333333333333	0.5535178571428571	0.012431101218087286	0.5791666666666666	0.5910714285714286	0.000999000999000999	1.0	1000	within-candidate mouse-effect sign permutation	17	0.005425946602417191
Arhgap31	INTRINSIC|Arhgap31	0.6146276595744681	0.5522340425531914	0.011222143722698936	0.5720744680851064	0.5827659574468085	0.001998001998001998	1.0	1000	within-candidate mouse-effect sign permutation	17	0.008260396320097813
Arhgef18	INTRINSIC|Arhgef18	0.5720744680851064	0.5524255319148935	0.011165606953178402	0.5720744680851064	0.5880319148936171	0.08491508491508491	0.965	1000	within-candidate mouse-effect sign permutation	17	0.18887461744604603
Atf3	INTRINSIC|Atf3	0.6518617021276596	0.5524946808510638	0.011272629521284239	0.5720744680851064	0.5827659574468085	0.000999000999000999	1.0	1000	within-candidate mouse-effect sign permutation	17	0.005425946602417191
Atp10a	INTRINSIC|Atp10a	0.6089285714285714	0.5523511904761904	0.011733855060969385	0.5732142857142857	0.5851785714285714	0.001998001998001998	0.999	1000	within-candidate mouse-effect sign permutation	17	0.008260396320097813
Bach2	INTRINSIC|Bach2	0.6148809523809524	0.5524166666666667	0.011688457540776706	0.5732142857142857	0.5851190476190476	0.000999000999000999	1.0	1000	within-candidate mouse-effect sign permutation	17	0.005425946602417191
Baz2b	INTRINSIC|Baz2b	0.5880319148936171	0.5517872340425531	0.01018641880703264	0.5720744680851064	0.5827127659574468	0.005994005994005994	0.999	1000	within-candidate mouse-effect sign permutation	17	0.01976594833737691
Bcl2l1	INTRINSIC|Bcl2l1	0.6518617021276596	0.5519840425531914	0.010444065972287786	0.5720744680851064	0.5827127659574468	0.000999000999000999	1.0	1000	within-candidate mouse-effect sign permutation	17	0.005425946602417191
Bhlhe40	INTRINSIC|Bhlhe40	0.635904255319149	0.5514148936170212	0.010852294465051138	0.5720744680851064	0.5827127659574468	0.000999000999000999	1.0	1000	within-candidate mouse-effect sign permutation	17	0.005425946602417191
Birc3	INTRINSIC|Birc3	0.6571808510638297	0.5521648936170214	0.010771704745890481	0.5720744680851064	0.5827127659574468	0.000999000999000999	1.0	1000	within-candidate mouse-effect sign permutation	17	0.005425946602417191
Birc5	INTRINSIC|Birc5	0.5933510638297872	0.5436329787234042	0.010826253185442784	0.5614361702127659	0.5721276595744681	0.001998001998001998	0.999	1000	within-candidate mouse-effect sign permutation	17	0.008260396320097813
Btg2	INTRINSIC|Btg2	0.6305851063829787	0.5519893617021275	0.01073865430315382	0.5720744680851064	0.5827127659574468	0.000999000999000999	1.0	1000	within-candidate mouse-effect sign permutation	17	0.005425946602417191
Capg	INTRINSIC|Capg	0.5986702127659574	0.5521063829787234	0.010664175972034468	0.5720744680851064	0.5774468085106382	0.001998001998001998	0.999	1000	within-candidate mouse-effect sign permutation	17	0.008260396320097813
Ccl1	INTRINSIC|Ccl1	0.6148809523809524	0.537267857142857	0.010720036485769779	0.5553571428571428	0.5672619047619047	0.000999000999000999	1.0	1000	within-candidate mouse-effect sign permutation	17	0.005425946602417191
Ccl9	INTRINSIC|Ccl9	0.5970238095238095	0.5404404761904762	0.011517455696215428	0.5613095238095238	0.5732142857142857	0.000999000999000999	1.0	1000	within-candidate mouse-effect sign permutation	17	0.005425946602417191
Ccr2	INTRINSIC|Ccr2	0.6146276595744681	0.5520957446808511	0.010958562223748624	0.5720744680851064	0.5827659574468085	0.000999000999000999	1.0	1000	within-candidate mouse-effect sign permutation	17	0.005425946602417191
Ccr7	INTRINSIC|Ccr7	0.6029761904761904	0.5532916666666666	0.012009348623679784	0.5732142857142857	0.5910714285714286	0.002997002997002997	1.0	1000	within-candidate mouse-effect sign permutation	17	0.011218511218511218
Cdh23	INTRINSIC|Cdh23	0.6093085106382978	0.5489361702127659	0.011031945669749231	0.5720744680851064	0.5773936170212766	0.000999000999000999	1.0	1000	within-candidate mouse-effect sign permutation	17	0.005425946602417191
Cdk19	INTRINSIC|Cdk19	0.6039893617021277	0.5517553191489362	0.010918646445378908	0.5720744680851064	0.5827659574468085	0.000999000999000999	1.0	1000	within-candidate mouse-effect sign permutation	17	0.005425946602417191
Cdk6	INTRINSIC|Cdk6	0.5986702127659574	0.5524361702127659	0.011016079444961791	0.5720744680851064	0.5880319148936171	0.001998001998001998	1.0	1000	within-candidate mouse-effect sign permutation	17	0.008260396320097813
Cenpa	INTRINSIC|Cenpa	0.5773936170212766	0.5527127659574468	0.011361582595594048	0.5720744680851064	0.5880319148936171	0.04295704295704296	0.979	1000	within-candidate mouse-effect sign permutation	17	0.1071991071991072
Clcn5	INTRINSIC|Clcn5	0.635904255319149	0.5522234042553191	0.010601233304577818	0.5720744680851064	0.5827127659574468	0.000999000999000999	1.0	1000	within-candidate mouse-effect sign permutation	17	0.005425946602417191
Cmah	INTRINSIC|Cmah	0.5986702127659574	0.5518191489361701	0.011156445416541838	0.5720744680851064	0.5827659574468085	0.001998001998001998	0.999	1000	within-candidate mouse-effect sign permutation	17	0.008260396320097813
Coro2a	INTRINSIC|Coro2a	0.6093085106382978	0.5519042553191489	0.01065522058278116	0.5720744680851064	0.5827127659574468	0.000999000999000999	1.0	1000	within-candidate mouse-effect sign permutation	17	0.005425946602417191
Cpm	INTRINSIC|Cpm	0.6465425531914893	0.5525106382978723	0.01101502636376679	0.5720744680851064	0.5880319148936171	0.000999000999000999	1.0	1000	within-candidate mouse-effect sign permutation	17	0.005425946602417191
Crabp2	INTRINSIC|Crabp2	0.5136904761904761	0.47620238095238093	0.00798860973433601	0.4898809523809523	0.5017857142857143	0.000999000999000999	1.0	1000	within-candidate mouse-effect sign permutation	17	0.005425946602417191
Ctla4	INTRINSIC|Ctla4	0.5933510638297872	0.5526702127659573	0.011014743812658028	0.5720744680851064	0.5827659574468085	0.005994005994005994	0.997	1000	within-candidate mouse-effect sign permutation	17	0.01976594833737691
Ctse	INTRINSIC|Ctse	0.5880319148936171	0.5519521276595745	0.010861893584075449	0.5720744680851064	0.5827127659574468	0.008991008991008992	0.995	1000	within-candidate mouse-effect sign permutation	17	0.026779671940962268
Cxcr4	INTRINSIC|Cxcr4	0.6039893617021277	0.5522553191489361	0.010575511528637742	0.5720744680851064	0.5827127659574468	0.001998001998001998	1.0	1000	within-candidate mouse-effect sign permutation	17	0.008260396320097813
Dennd4c	INTRINSIC|Dennd4c	0.6093085106382978	0.5518936170212767	0.010666934860631708	0.5720744680851064	0.5827127659574468	0.000999000999000999	1.0	1000	within-candidate mouse-effect sign permutation	17	0.005425946602417191
Dpp4	INTRINSIC|Dpp4	0.6148809523809524	0.5523095238095237	0.011871763791038138	0.5732142857142857	0.5851785714285714	0.000999000999000999	1.0	1000	within-candidate mouse-effect sign permutation	17	0.005425946602417191
Dusp1	INTRINSIC|Dusp1	0.6571808510638297	0.551627659574468	0.010738443523499073	0.5720744680851064	0.5827659574468085	0.000999000999000999	1.0	1000	within-candidate mouse-effect sign permutation	17	0.005425946602417191
Dusp10	INTRINSIC|Dusp10	0.5986702127659574	0.5525	0.011444949623643275	0.5720744680851064	0.5880319148936171	0.002997002997002997	1.0	1000	within-candidate mouse-effect sign permutation	17	0.011218511218511218
Dusp2	INTRINSIC|Dusp2	0.6386904761904761	0.5529583333333332	0.01172270162021725	0.5732142857142857	0.5910714285714286	0.000999000999000999	1.0	1000	within-candidate mouse-effect sign permutation	17	0.005425946602417191
Dusp5	INTRINSIC|Dusp5	0.635904255319149	0.5517659574468085	0.011115463598496775	0.5720744680851064	0.5827659574468085	0.000999000999000999	1.0	1000	within-candidate mouse-effect sign permutation	17	0.005425946602417191
Ece1	INTRINSIC|Ece1	0.5970238095238095	0.5529761904761904	0.011721808463321425	0.5732142857142857	0.5851190476190476	0.001998001998001998	1.0	1000	within-candidate mouse-effect sign permutation	17	0.008260396320097813
Eea1	INTRINSIC|Eea1	0.6148809523809524	0.5534523809523808	0.01204912469417143	0.5791666666666666	0.5851190476190476	0.000999000999000999	1.0	1000	within-candidate mouse-effect sign permutation	17	0.005425946602417191
Eif2ak3	INTRINSIC|Eif2ak3	0.6386904761904761	0.5520595238095238	0.01111213076387147	0.5732142857142857	0.5851190476190476	0.000999000999000999	1.0	1000	within-candidate mouse-effect sign permutation	17	0.005425946602417191
Elovl5	INTRINSIC|Elovl5	0.6208333333333333	0.5528452380952381	0.011523532808562782	0.5732142857142857	0.5851190476190476	0.000999000999000999	1.0	1000	within-candidate mouse-effect sign permutation	17	0.005425946602417191
Ero1l	INTRINSIC|Ero1l	0.5933510638297872	0.5520691489361701	0.01083316081509976	0.5720744680851064	0.5827127659574468	0.003996003996003996	0.999	1000	within-candidate mouse-effect sign permutation	17	0.014011305150545657
Eya2	INTRINSIC|Eya2	0.5851190476190476	0.5528035714285713	0.011518986040407077	0.5732142857142857	0.5851190476190476	0.015984015984015984	0.996	1000	within-candidate mouse-effect sign permutation	17	0.04564507657291163
Fam49a	INTRINSIC|Fam49a	0.5986702127659574	0.552531914893617	0.011029668004018051	0.5720744680851064	0.5827659574468085	0.001998001998001998	1.0	1000	within-candidate mouse-effect sign permutation	17	0.008260396320097813
Fam69a	INTRINSIC|Fam69a	0.6146276595744681	0.5518670212765957	0.010881006611940386	0.5720744680851064	0.5827127659574468	0.000999000999000999	1.0	1000	within-candidate mouse-effect sign permutation	17	0.005425946602417191
Fbxl20	INTRINSIC|Fbxl20	0.6029761904761904	0.5531666666666666	0.011976829482147794	0.5732142857142857	0.5910714285714286	0.002997002997002997	0.999	1000	within-candidate mouse-effect sign permutation	17	0.011218511218511218
Fchsd2	INTRINSIC|Fchsd2	0.5773936170212766	0.5526276595744681	0.010843322227979397	0.5720744680851064	0.5827127659574468	0.04595404595404595	0.984	1000	within-candidate mouse-effect sign permutation	17	0.11264841353336927
Fgl2	INTRINSIC|Fgl2	0.5827127659574468	0.5465425531914894	0.01106843193972596	0.5667553191489362	0.5773936170212766	0.008991008991008992	0.998	1000	within-candidate mouse-effect sign permutation	17	0.026779671940962268
Furin	INTRINSIC|Furin	0.6446428571428572	0.5524880952380952	0.011340302729045406	0.5732142857142857	0.5851190476190476	0.000999000999000999	1.0	1000	within-candidate mouse-effect sign permutation	17	0.005425946602417191
Gab3	INTRINSIC|Gab3	0.5851190476190476	0.5529583333333332	0.011956125800651222	0.5732142857142857	0.5851190476190476	0.02097902097902098	0.993	1000	within-candidate mouse-effect sign permutation	17	0.05869887688069506
Gadd45b	INTRINSIC|Gadd45b	0.6625	0.5527499999999999	0.012049942134391228	0.5732142857142857	0.5851785714285714	0.000999000999000999	1.0	1000	within-candidate mouse-effect sign permutation	17	0.005425946602417191
Gata3	INTRINSIC|Gata3	0.6412234042553191	0.5522021276595744	0.010937680995074915	0.5720744680851064	0.5827659574468085	0.000999000999000999	1.0	1000	within-candidate mouse-effect sign permutation	17	0.005425946602417191
Gm11290	INTRINSIC|Gm11290	0.5970238095238095	0.5526964285714284	0.012092553074210916	0.5791666666666666	0.5910714285714286	0.006993006993006993	0.999	1000	within-candidate mouse-effect sign permutation	17	0.022012078830260646
Gm12840	INTRINSIC|Gm12840	0.6446428571428572	0.5524523809523809	0.011566405925426711	0.5732142857142857	0.5851190476190476	0.000999000999000999	1.0	1000	within-candidate mouse-effect sign permutation	17	0.005425946602417191
Gm2245	INTRINSIC|Gm2245	0.5827127659574468	0.5523351063829787	0.010592292813357811	0.5720744680851064	0.5827127659574468	0.01898101898101898	0.994	1000	within-candidate mouse-effect sign permutation	17	0.05365043120145161
T_cell → Pkm → Cd44 → CD8	MULTI|T_cell|Pkm	0.7127115873951553	0.6630892469696235	0.011069401982650561	0.680796693778134	0.6967541405866446	0.003996003996003996	0.997	1000	within-candidate mouse-effect sign permutation	17	0.014011305150545657
T_cell → Adam17 → Itgb1 → CD8	MULTI|T_cell|Adam17	0.6949624494161897	0.6344571302672535	0.010815512004036663	0.6524092579268279	0.66310074728853	0.000999000999000999	1.0	1000	within-candidate mouse-effect sign permutation	17	0.005425946602417191
NK → Tnfsf4 → Tnfrsf4 → CD8	MULTI|NK|Tnfsf4	0.7048215833830794	0.6612576298947074	0.01134235273905341	0.6815657694295911	0.6931936764063353	0.002997002997002997	1.0	1000	within-candidate mouse-effect sign permutation	17	0.011218511218511218
NK → Tnfsf4 → Traf2 → CD8	MULTI|NK|Tnfsf4	0.6798822852442141	0.6368764712907258	0.011757117851457739	0.6569171689651441	0.6682543782674699	0.003996003996003996	1.0	1000	within-candidate mouse-effect sign permutation	17	0.014011305150545657
NK → Pkm → Cd44 → CD8	MULTI|NK|Pkm	0.6673215833830795	0.6243680950109866	0.011483781212459654	0.6440657694295912	0.6556936764063354	0.002997002997002997	1.0	1000	within-candidate mouse-effect sign permutation	17	0.011218511218511218
T_cell → Pkm → Cd44 → CD4	MULTI|T_cell|Pkm	0.6292746973574469	0.6325619314	0.010404445675498319	0.6505512931021277	0.6611895909744682	0.6683316683316683	0.554	1000	within-candidate mouse-effect sign permutation	17	0.8131780500201552
dendritic → Cd72 → Cd5 → CD8	MULTI|dendritic|Cd72	0.6797420658180575	0.6298473289759523	0.012826322268533889	0.6534262763443733	0.6665841710812155	0.001998001998001998	0.999	1000	within-candidate mouse-effect sign permutation	17	0.008260396320097813
NK → Itgav → Thy1 → CD8	MULTI|NK|Itgav	0.6932059581069192	0.6330373534557564	0.01150398942018695	0.6525082836883146	0.6641361906650588	0.001998001998001998	1.0	1000	within-candidate mouse-effect sign permutation	17	0.008260396320097813
NK → Gpi1 → Amfr → CD8	MULTI|NK|Gpi1	0.665371871751509	0.6286044298910438	0.011284199265154183	0.6479300112863927	0.6595579182631369	0.006993006993006993	0.998	1000	within-candidate mouse-effect sign permutation	17	0.022012078830260646
NK → Thy1 → Itgav_Itgb3 → CD8	MULTI|NK|Thy1	0.6750878862571048	0.6261227699780351	0.01178084882912381	0.6518320723036165	0.6576460257919886	0.001998001998001998	1.0	1000	within-candidate mouse-effect sign permutation	17	0.008260396320097813
NK → Thy1 → Itgax_Itgb2 → CD8	MULTI|NK|Thy1	0.6750878862571048	0.626122769978035	0.011195319610400416	0.6460181188152444	0.6576460257919886	0.000999000999000999	1.0	1000	within-candidate mouse-effect sign permutation	17	0.005425946602417191
T_cell → Grn → Tnfrsf1b → CD8	MULTI|T_cell|Grn	0.6536446895798474	0.6252351151117626	0.011204000318307702	0.6483255406436773	0.6589638385160177	0.028971028971028972	0.987	1000	within-candidate mouse-effect sign permutation	17	0.07642833357119072
NK → Lgals3bp → Itgb1 → CD8	MULTI|NK|Lgals3bp	0.6731355368714516	0.6240250717551725	0.01176257913821173	0.6440657694295912	0.6556936764063354	0.003996003996003996	0.999	1000	within-candidate mouse-effect sign permutation	17	0.014011305150545657
NK → Spp1 → Cd44 → CD8	MULTI|NK|Spp1	0.6608322725691117	0.6235125051272512	0.011287815777152353	0.6433904121039954	0.6550183190807396	0.008991008991008992	0.996	1000	within-candidate mouse-effect sign permutation	17	0.026779671940962268
NK → Spp1 → Itga4_Itgb1 → CD8	MULTI|NK|Spp1	0.6608322725691117	0.6235590167551581	0.01166285301056879	0.6433904121039954	0.6550764586156232	0.01098901098901099	0.996	1000	within-candidate mouse-effect sign permutation	17	0.03204164256795836
NK → Spp1 → Ptger4 → CD8	MULTI|NK|Spp1	0.6608322725691117	0.6229659934993442	0.01092935269838178	0.6433904121039954	0.6550183190807396	0.005994005994005994	1.0	1000	within-candidate mouse-effect sign permutation	17	0.01976594833737691
NK → Spp1 → Itgav_Itgb3 → CD8	MULTI|NK|Spp1	0.6608322725691117	0.6235357609412046	0.0112267652619845	0.6433904121039954	0.6550183190807396	0.007992007992007992	0.998	1000	within-candidate mouse-effect sign permutation	17	0.024597624597624598
NK → Spp1 → Itgav_Itgb1 → CD8	MULTI|NK|Spp1	0.6608322725691117	0.6233497144295767	0.011272461202310662	0.6433904121039954	0.6550183190807396	0.007992007992007992	0.996	1000	within-candidate mouse-effect sign permutation	17	0.024597624597624598
T_cell → Lamc1 → Itgav_Itgb8 → CD4	MULTI|T_cell|Lamc1	0.6491912546347223	0.6264838078262118	0.011087126403524586	0.6491912546347223	0.6598295525070627	0.058941058941058944	0.971	1000	within-candidate mouse-effect sign permutation	17	0.13493118451796138
T_cell → Lamc1 → Itga6_Itgb1 → CD4	MULTI|T_cell|Lamc1	0.6491912546347223	0.6259146588900415	0.010532215770471224	0.643872105698552	0.6545104035708925	0.04495504495504495	0.978	1000	within-candidate mouse-effect sign permutation	17	0.11118345939774511
NK → H2-Ab1 → Lag3 → CD8	MULTI|NK|H2-Ab1	0.6615076298947075	0.6244262345458702	0.011701967634189916	0.6440657694295912	0.6615076298947075	0.014985014985014986	0.996	1000	within-candidate mouse-effect sign permutation	17	0.04323801198801199
T_cell → Lamc1 → Cd44 → CD4	MULTI|T_cell|Lamc1	0.6491912546347223	0.6263561482517437	0.010990385062853223	0.6491912546347223	0.6598295525070627	0.055944055944055944	0.972	1000	within-candidate mouse-effect sign permutation	17	0.1302227184580126
T_cell → Lamc1 → Itga3_Itgb1 → CD4	MULTI|T_cell|Lamc1	0.6491912546347223	0.6264731695283394	0.010856224002505466	0.6491912546347223	0.6598295525070627	0.05194805194805195	0.975	1000	within-candidate mouse-effect sign permutation	17	0.12404836542767578
T_cell → Lamc1 → Itga1 → CD4	MULTI|T_cell|Lamc1	0.6491912546347223	0.6263295525070628	0.01101615649573088	0.643872105698552	0.6598295525070627	0.04895104895104895	0.969	1000	within-candidate mouse-effect sign permutation	17	0.1189424610477242
T_cell → Lamc1 → Itga2_Itgb1 → CD4	MULTI|T_cell|Lamc1	0.6491912546347223	0.6261965737836586	0.010873296737306875	0.6491912546347223	0.6545104035708925	0.053946053946053944	0.971	1000	within-candidate mouse-effect sign permutation	17	0.1277184354107431
T_cell → Lamc1 → Itga9_Itgb1 → CD4	MULTI|T_cell|Lamc1	0.6491912546347223	0.6259040205921692	0.010907648667644545	0.6491912546347223	0.6598295525070627	0.056943056943056944	0.972	1000	within-candidate mouse-effect sign permutation	17	0.13144355644355646
monocyte_macrophage → Cd38 → Pecam1 → CD8	MULTI|monocyte_macrophage|Cd38	0.6577326239169582	0.6281437350280694	0.011226792248791745	0.6466215128058471	0.6632881794725137	0.025974025974025976	0.987	1000	within-candidate mouse-effect sign permutation	17	0.07053730583142348
T_cell → Itgb3bp → Itgb3 → CD8	MULTI|T_cell|Itgb3bp	0.6457969195632335	0.6230416004142973	0.010559168477282825	0.6407437280738715	0.6511160684994037	0.05094905094905095	0.982	1000	within-candidate mouse-effect sign permutation	17	0.1227207575033662
T_cell → Sertad1 → Ar → CD8	MULTI|T_cell|Sertad1	0.6497868586512042	0.6324836671618426	0.011158797358497171	0.6551060075873745	0.6657443054597149	0.11388611388611389	0.947	1000	within-candidate mouse-effect sign permutation	17	0.23367743367743368
T_cell → Cd28 → Cd80 → CD8	MULTI|T_cell|Cd28	0.6286854188510459	0.6268981848084926	0.011005760045876656	0.6499620145957268	0.6606003124680672	0.4775224775224775	0.704	1000	within-candidate mouse-effect sign permutation	17	0.6404909644346264
T_cell → Vim → Cd44 → CD4	MULTI|T_cell|Vim	0.6560413809895439	0.6278126575852887	0.01106172110633395	0.6507222320533738	0.6613605299257141	0.028971028971028972	0.989	1000	within-candidate mouse-effect sign permutation	17	0.07642833357119072
T_cell → Cd28 → Cd86 → CD8	MULTI|T_cell|Cd28	0.6286854188510459	0.6273609507659393	0.01099533703998682	0.6499620145957268	0.6606003124680672	0.4675324675324675	0.682	1000	within-candidate mouse-effect sign permutation	17	0.6404909644346264
T_cell → Timp2 → Itgb1 → CD4	MULTI|T_cell|Timp2	0.6374579258252977	0.6249472875274252	0.010754808793161125	0.6480962236976381	0.6534153726338083	0.17282717282717283	0.895	1000	within-candidate mouse-effect sign permutation	17	0.3275500010193888
T_cell → Timp2 → Cd44 → CD4	MULTI|T_cell|Timp2	0.6374579258252977	0.6248568619955104	0.010977103572981772	0.6427770747614678	0.6587345215699785	0.17782217782217782	0.899	1000	within-candidate mouse-effect sign permutation	17	0.330582169508344
T_cell → Timp2 → Itga3 → CD4	MULTI|T_cell|Timp2	0.6374579258252977	0.6252185641231699	0.01108171503438047	0.6480962236976381	0.6587345215699785	0.18681318681318682	0.89	1000	within-candidate mouse-effect sign permutation	17	0.34044245228455755
T_cell → Penk → Oprm1 → CD4	MULTI|T_cell|Penk	0.6429506535965241	0.6358549089156731	0.01064154737605453	0.6535889514688645	0.664227249341205	0.3016983016983017	0.828	1000	within-candidate mouse-effect sign permutation	17	0.5067703380956393
monocyte_macrophage → Cd80 → Ctla4 → CD8	MULTI|monocyte_macrophage|Cd80	0.6526905438350135	0.6230016549461245	0.011821282335236832	0.6471349882794579	0.658246099390569	0.028971028971028972	0.983	1000	within-candidate mouse-effect sign permutation	17	0.07642833357119072
monocyte_macrophage → Cd80 → Cd28 → CD8	MULTI|monocyte_macrophage|Cd80	0.6526905438350135	0.6231238771683468	0.011456191382289925	0.6471349882794579	0.658246099390569	0.024975024975024976	0.987	1000	within-candidate mouse-effect sign permutation	17	0.0684958605750685
T_cell → Cd80 → Cd28 → CD8	MULTI|T_cell|Cd80	0.6489807468418529	0.6255552149269592	0.010935714867579842	0.6436615979056827	0.6596190447141933	0.04295704295704296	0.975	1000	within-candidate mouse-effect sign permutation	17	0.1071991071991072
T_cell → Cd80 → Ctla4 → CD8	MULTI|T_cell|Cd80	0.6489807468418529	0.6259275553524911	0.011051092299588918	0.6489807468418529	0.6596190447141933	0.055944055944055944	0.971	1000	within-candidate mouse-effect sign permutation	17	0.1302227184580126
T_cell → Itgav → Thy1 → CD4	MULTI|T_cell|Itgav	0.6535889514688645	0.6361315046603538	0.011038324734625038	0.6589081004050348	0.664227249341205	0.1028971028971029	0.943	1000	within-candidate mouse-effect sign permutation	17	0.2143044924999812
monocyte_macrophage → Plau → Itgb1 → CD8	MULTI|monocyte_macrophage|Plau	0.6259187806169169	0.6245632250613613	0.011608936532146563	0.6481410028391391	0.6592521139502502	0.48951048951048953	0.7	1000	within-candidate mouse-effect sign permutation	17	0.6404909644346264
monocyte_macrophage → Plau → Igf2r → CD8	MULTI|monocyte_macrophage|Plau	0.6259187806169169	0.6235521139502502	0.010946734109053741	0.6425854472835836	0.6536965583946946	0.45054945054945056	0.72	1000	within-candidate mouse-effect sign permutation	17	0.6404909644346264
T_cell → Cd28 → Cd80 → CD4	MULTI|T_cell|Cd28	0.6194985796737044	0.6289985796737044	0.01110696888484717	0.6514134732907256	0.662051771163066	0.8871128871128872	0.318	1000	within-candidate mouse-effect sign permutation	17	0.982921078921079
T_cell → Cd28 → Cd86 → CD4	MULTI|T_cell|Cd28	0.6194985796737044	0.6289028349928533	0.01149007090009766	0.6514134732907256	0.662051771163066	0.8731268731268731	0.337	1000	within-candidate mouse-effect sign permutation	17	0.9752263865167091
T_cell → Tgfb1 → Itgb3 → CD4	MULTI|T_cell|Tgfb1	0.6356025713654803	0.6236876777484588	0.01142862195229083	0.6462408692378206	0.656879167110161	0.19880119880119881	0.882	1000	within-candidate mouse-effect sign permutation	17	0.3529995645380261
T_cell → Tgfb1 → Itgb8 → CD4	MULTI|T_cell|Tgfb1	0.6356025713654803	0.6227940607271824	0.010503852577405054	0.6409217203016504	0.6515600181739909	0.15984015984015984	0.917	1000	within-candidate mouse-effect sign permutation	17	0.3118008751811569
T_cell → Tgfb1 → Lpp → CD4	MULTI|T_cell|Tgfb1	0.6356025713654803	0.623256826684629	0.01071509382259346	0.6409217203016504	0.656879167110161	0.1838161838161838	0.908	1000	within-candidate mouse-effect sign permutation	17	0.33719922461644314
T_cell → Tgfb1 → Cxcr4 → CD4	MULTI|T_cell|Tgfb1	0.6356025713654803	0.623756826684629	0.010939190275523616	0.6462408692378206	0.6515600181739909	0.21078921078921078	0.881	1000	within-candidate mouse-effect sign permutation	17	0.37190198336695157
T_cell → Tgfb1 → Tgfbr3 → CD4	MULTI|T_cell|Tgfb1	0.6356025713654803	0.6234908692378205	0.011145198689357688	0.6462408692378206	0.6515600181739909	0.1968031968031968	0.88	1000	within-candidate mouse-effect sign permutation	17	0.3517063581579711
T_cell → Ntng2 → Lrrc4 → CD4	MULTI|T_cell|Ntng2	0.6438943300639913	0.6259687981490979	0.01046007629113177	0.6438943300639913	0.6545326279363318	0.09290709290709291	0.957	1000	within-candidate mouse-effect sign permutation	17	0.20105675574425574
T_cell → Tgfb1 → Acvrl1 → CD4	MULTI|T_cell|Tgfb1	0.6356025713654803	0.6235121458335652	0.010891236390057811	0.6462408692378206	0.656879167110161	0.17582417582417584	0.904	1000	within-candidate mouse-effect sign permutation	17	0.32907632907632905
T_cell → Tgfb1 → Acvr1_Tgfbr2 → CD4	MULTI|T_cell|Tgfb1	0.63440575309488	0.6222674552225397	0.011188531078959549	0.6450440509672204	0.6503631999033906	0.18981018981018982	0.898	1000	within-candidate mouse-effect sign permutation	17	0.34141183491832844
T_cell → Tgfb1 → Tgfbr1_Tgfbr2 → CD4	MULTI|T_cell|Tgfb1	0.6356025713654803	0.6235653373229268	0.011137021355858623	0.6462408692378206	0.6515600181739909	0.18981018981018982	0.88	1000	within-candidate mouse-effect sign permutation	17	0.34141183491832844
T_cell → Tgfb1 → Itgb1 → CD4	MULTI|T_cell|Tgfb1	0.6356025713654803	0.6234961883867567	0.010751819831856154	0.6462408692378206	0.656879167110161	0.18181818181818182	0.897	1000	within-candidate mouse-effect sign permutation	17	0.33575757575757575
T_cell → Cd80 → Cd28 → CD4	MULTI|T_cell|Cd80	0.6416424343465263	0.6505360513678028	0.010948167936597848	0.6735573279635476	0.684195625835888	0.8681318681318682	0.35	1000	within-candidate mouse-effect sign permutation	17	0.9752263865167091
T_cell → Cd80 → Ctla4 → CD4	MULTI|T_cell|Cd80	0.6416424343465263	0.6507754130699305	0.010784777459589718	0.6682381790273774	0.6788764768997178	0.8911088911088911	0.332	1000	within-candidate mouse-effect sign permutation	17	0.9834149913831189
melanoma → App → Cd74 → CD8	MULTI|melanoma|App	0.6155262475120946	0.6279845808454279	0.011069429863110871	0.6512405332263803	0.657252437988285	1.0	0.23	1000	within-candidate mouse-effect sign permutation	17	1.0
melanoma → App → Ncstn → CD8	MULTI|melanoma|App	0.6155262475120946	0.6272762475120945	0.010726388666843993	0.6455857713216182	0.6571929141787612	1.0	0.239	1000	within-candidate mouse-effect sign permutation	17	1.0
melanoma → B2m → Cd3g → CD4	MULTI|melanoma|B2m	0.6137252897881763	0.626171718359605	0.011422864088292042	0.6494395755024621	0.661344337407224	1.0	0.242	1000	within-candidate mouse-effect sign permutation	17	1.0
melanoma → B2m → Klrc1 → CD4	MULTI|melanoma|B2m	0.6137252897881763	0.6264157659786527	0.011890729825469633	0.6494395755024621	0.661344337407224	1.0	0.257	1000	within-candidate mouse-effect sign permutation	17	1.0
melanoma → App → Notch2 → CD8	MULTI|melanoma|App	0.6155262475120946	0.6278655332263802	0.011517005013390319	0.6512405332263803	0.6631452951311422	1.0	0.24	1000	within-candidate mouse-effect sign permutation	17	1.0
melanoma → B2m → Cd3d → CD4	MULTI|melanoma|B2m	0.6137252897881763	0.6255050516929384	0.01129158822173219	0.6494395755024621	0.655391956454843	1.0	0.265	1000	within-candidate mouse-effect sign permutation	17	1.0
melanoma → App → Aplp2 → CD8	MULTI|melanoma|App	0.6155262475120946	0.6284786284644754	0.011717309907735762	0.6512405332263803	0.6571929141787612	1.0	0.248	1000	within-candidate mouse-effect sign permutation	17	1.0
melanoma → B2m → Cd247 → CD4	MULTI|melanoma|B2m	0.6137252897881763	0.625891956454843	0.011234185155131342	0.6494395755024621	0.655391956454843	1.0	0.263	1000	within-candidate mouse-effect sign permutation	17	1.0
melanoma → App → Lrp10 → CD8	MULTI|melanoma|App	0.6155262475120946	0.6277167237025708	0.011439875362053532	0.6512405332263803	0.6631452951311422	1.0	0.239	1000	within-candidate mouse-effect sign permutation	17	1.0
melanoma → B2m → Tfrc → CD4	MULTI|melanoma|B2m	0.6137252897881763	0.6262848135977003	0.011277994898661749	0.6494395755024621	0.661344337407224	1.0	0.222	1000	within-candidate mouse-effect sign permutation	17	1.0
melanoma → App → Rpsa → CD8	MULTI|melanoma|App	0.6155262475120946	0.6274964856073327	0.010883060582991391	0.6455857713216182	0.6571929141787612	1.0	0.248	1000	within-candidate mouse-effect sign permutation	17	1.0
NK → Tnfsf4 → Tnfrsf4 → CD4	MULTI|NK|Tnfsf4	0.6215530672126314	0.6248728346544918	0.011275111688632215	0.6448088811661198	0.656436788142864	0.6573426573426573	0.556	1000	within-candidate mouse-effect sign permutation	17	0.8092618492618492
NK → Tnfsf4 → Traf2 → CD4	MULTI|NK|Tnfsf4	0.6210770573886579	0.6242165922723789	0.011420238598578332	0.6443328713421462	0.6617747318072625	0.6443556443556444	0.57	1000	within-candidate mouse-effect sign permutation	17	0.8039933039933042
melanoma → B2m → Klrd1 → CD4	MULTI|melanoma|B2m	0.6137252897881763	0.6257312421691288	0.011076405371436216	0.6494395755024621	0.661344337407224	1.0	0.232	1000	within-candidate mouse-effect sign permutation	17	1.0
melanoma → App → Lrp6 → CD8	MULTI|melanoma|App	0.6155262475120946	0.6273536284644756	0.011066997000950497	0.6512405332263803	0.6571929141787612	1.0	0.262	1000	within-candidate mouse-effect sign permutation	17	1.0
melanoma → Hsp90aa1 → Itgb3 → CD8	MULTI|melanoma|Hsp90aa1	0.623127213382889	0.6236153086209842	0.011169680525357405	0.6469367371924128	0.6528891181447938	0.5464535464535465	0.65	1000	within-candidate mouse-effect sign permutation	17	0.6880346925801472
T_cell → Fam3c → Lamp1 → CD4	MULTI|T_cell|Fam3c	0.6376283753022223	0.6307613540256266	0.010574702199985549	0.6482666731745627	0.6589581625362647	0.30569430569430567	0.816	1000	within-candidate mouse-effect sign permutation	17	0.5070498363911538
T_cell → Fam3c → Pdcd1 → CD4	MULTI|T_cell|Fam3c	0.6376283753022223	0.6307134816852011	0.01088542744024381	0.6485326306213709	0.6642241199830733	0.3026973026973027	0.83	1000	within-candidate mouse-effect sign permutation	17	0.5067703380956393
T_cell → Cd200 → Cd200r4 → CD4	MULTI|T_cell|Cd200	0.617276361017701	0.6261114674006799	0.011256102162764724	0.6491912546347223	0.6598295525070627	0.8731268731268731	0.361	1000	within-candidate mouse-effect sign permutation	17	0.9752263865167091
T_cell → Il10 → Cd27 → CD4	MULTI|T_cell|Il10	0.6225955099538713	0.6266699780389776	0.011143895035378305	0.6491912546347223	0.6545104035708925	0.6673326673326674	0.526	1000	within-candidate mouse-effect sign permutation	17	0.8131780500201552
T_cell → Il10 → Cd70 → CD4	MULTI|T_cell|Il10	0.6225955099538713	0.6262550844219564	0.01084722501975708	0.6491912546347223	0.6598295525070627	0.6693306693306693	0.538	1000	within-candidate mouse-effect sign permutation	17	0.8131780500201552
T_cell → Cd200 → Cd200r1 → CD4	MULTI|T_cell|Cd200	0.617276361017701	0.6261114674006799	0.011045503182804303	0.6491912546347223	0.6598295525070627	0.8801198801198801	0.354	1000	within-candidate mouse-effect sign permutation	17	0.979089183908461
NK → Ccl4 → Ccr8 → CD8	MULTI|NK|Ccl4	0.6367963650373267	0.6223021789908151	0.011061726058641575	0.6426103185256988	0.654238225502443	0.16183816183816183	0.917	1000	within-candidate mouse-effect sign permutation	17	0.3132353757353758
NK → Ccl4 → Ccr5 → CD8	MULTI|NK|Ccl4	0.6367963650373267	0.6224475278280243	0.011290116862890182	0.6426103185256988	0.654238225502443	0.16283716283716285	0.913	1000	within-candidate mouse-effect sign permutation	17	0.3132353757353758
T_cell → Tnfsf4 → Tnfrsf4 → CD8	MULTI|T_cell|Tnfsf4	0.6297499970596899	0.6223936140809666	0.010415636587064998	0.6403882949320303	0.6510265928043707	0.2827172827172827	0.839	1000	within-candidate mouse-effect sign permutation	17	0.4925326246080962
T_cell → Col18a1 → Itga3 → CD4	MULTI|T_cell|Col18a1	0.6312278209845746	0.6294725018356385	0.010897247358851676	0.6525044167292555	0.6578235656654257	0.44755244755244755	0.695	1000	within-candidate mouse-effect sign permutation	17	0.6404909644346264
T_cell → Col18a1 → Ptprs → CD4	MULTI|T_cell|Col18a1	0.6312278209845746	0.6294831401335109	0.011007446345841825	0.6525044167292555	0.6631427146015959	0.45254745254745254	0.698	1000	within-candidate mouse-effect sign permutation	17	0.6404909644346264
T_cell → Col18a1 → Itgb3 → CD4	MULTI|T_cell|Col18a1	0.6312278209845746	0.6293129273675534	0.01068129608295594	0.6525044167292555	0.6631427146015959	0.4595404595404595	0.708	1000	within-candidate mouse-effect sign permutation	17	0.6404909644346264
T_cell → Col18a1 → Itga1_Itgb1 → CD4	MULTI|T_cell|Col18a1	0.6312278209845746	0.6295097358781917	0.010620558347833568	0.6471852677930853	0.6578767571547873	0.4725274725274725	0.704	1000	within-candidate mouse-effect sign permutation	17	0.6404909644346264
T_cell → Col18a1 → Itga11_Itgb1 → CD4	MULTI|T_cell|Col18a1	0.6312278209845746	0.6294990975803194	0.010690530019413017	0.6471852677930853	0.6631427146015959	0.45454545454545453	0.698	1000	within-candidate mouse-effect sign permutation	17	0.6404909644346264
T_cell → Adam9 → Itgav → CD4	MULTI|T_cell|Adam9	0.6241264873725226	0.627823295883161	0.011073511261218421	0.6507222320533738	0.6560413809895439	0.6553446553446554	0.558	1000	within-candidate mouse-effect sign permutation	17	0.8092618492618492
T_cell → Adam9 → Itga3 → CD4	MULTI|T_cell|Adam9	0.6241264873725226	0.6279722320533738	0.011321507063195369	0.6507222320533738	0.6613605299257141	0.6573426573426573	0.549	1000	within-candidate mouse-effect sign permutation	17	0.8092618492618492
T_cell → Adam9 → Itgb1 → CD4	MULTI|T_cell|Adam9	0.6241264873725226	0.6287807426916717	0.011567620344112777	0.6507222320533738	0.6614137214150758	0.6963036963036963	0.511	1000	within-candidate mouse-effect sign permutation	17	0.8417968586035813
T_cell → Adam9 → Itga6 → CD4	MULTI|T_cell|Adam9	0.6241264873725226	0.62797755120231	0.011300937196980786	0.6507222320533738	0.6613605299257141	0.6433566433566433	0.548	1000	within-candidate mouse-effect sign permutation	17	0.8039933039933042
melanoma → Nid1 → Itgav → CD8	MULTI|melanoma|Nid1	0.6279707191550534	0.6283338143931487	0.011494845968673836	0.6517802429645773	0.6636850048693391	0.5244755244755245	0.652	1000	within-candidate mouse-effect sign permutation	17	0.6694917985240566
melanoma → Nid1 → Itgb3 → CD8	MULTI|melanoma|Nid1	0.6279707191550534	0.6285242905836249	0.011616069522223273	0.6517802429645773	0.6637445286788629	0.5334665334665335	0.646	1000	within-candidate mouse-effect sign permutation	17	0.67474990762662
melanoma → Nid1 → Itgb1 → CD8	MULTI|melanoma|Nid1	0.6279707191550534	0.6285659572502915	0.011529809536003084	0.6517802429645773	0.6636850048693391	0.5324675324675324	0.64	1000	within-candidate mouse-effect sign permutation	17	0.67474990762662
T_cell → Pdcd1lg2 → Pdcd1 → CD4	MULTI|T_cell|Pdcd1lg2	0.6235555386485607	0.6217097939677095	0.011010241281772313	0.6448321343932415	0.655470432265582	0.44955044955044954	0.706	1000	within-candidate mouse-effect sign permutation	17	0.6404909644346264
T_cell → Adam17 → Notch1 → CD8	MULTI|T_cell|Adam17	0.6762860602036609	0.6165201027568523	0.011030411888011899	0.6390520176504694	0.6443711665866396	0.000999000999000999	1.0	1000	within-candidate mouse-effect sign permutation	17	0.005425946602417191
melanoma → Sema3e → Plxnd1 → CD8	MULTI|melanoma|Sema3e	0.6287642441982159	0.6232523394363111	0.011197002909245848	0.6466213870553587	0.6525737680077396	0.35064935064935066	0.779	1000	within-candidate mouse-effect sign permutation	17	0.5680109364319891
melanoma → Agrn → Itgb1 → CD8	MULTI|melanoma|Agrn	0.6171748324305081	0.623252213382889	0.011518370851100938	0.6469367371924128	0.6588414990971747	0.7452547452547452	0.482	1000	within-candidate mouse-effect sign permutation	17	0.85303952246101
melanoma → Mfge8 → Itgav → CD8	MULTI|melanoma|Mfge8	0.6164264237853933	0.6224026142615837	0.010972393724082312	0.646188328547298	0.652140709499679	0.7442557442557443	0.472	1000	within-candidate mouse-effect sign permutation	17	0.85303952246101
melanoma → Col4a4 → Cd47 → CD8	MULTI|melanoma|Col4a4	0.6223788047377742	0.6227716618806314	0.011654579501466743	0.646188328547298	0.6580930904520599	0.5174825174825175	0.67	1000	within-candidate mouse-effect sign permutation	17	0.6636234136234137
