source_cell_type	ligand	receptor	target_lineage	n_mice	source_detection_fraction	target_receptor_detection_fraction	ligand_rho_RNA	ligand_FDR_RNA	ligand_rho_ADT	ligand_FDR_ADT	receptor_log2FC_RNA_selector	receptor_FDR_RNA_selector	receptor_log2FC_ADT_selector	receptor_FDR_ADT_selector	cross_modal_positive_direction	evidence_class	association_component	receptor_component	expression_component	replication_component	interaction_score	evidence_tier	tier_rank	liana_magnitude_rank	liana_specificity_rank	liana_component	final_discovery_score	mechanistic_chain	causality	necessity_test	sufficiency_test	score_definition	early_effect	early_FDR	late_effector_count	late_effector_positive	late_effector_significant_positive	late_effector_best_FDR	temporal_support	temporal_causality_label	candidate	candidate_type	mechanism_class	source	target	effect_size	FDR	direction_consistency	n_mice_supporting	n_mice_opposing	effective_sample_size	RNA_evidence	ADT_evidence	data_driven_state_evidence	interaction_evidence	independence_from_curated_score	power_flag	gene	lineage	cross_modal_score	RNA_FDR	ADT_FDR	data_driven_FDR	data_driven_log2FC	used_in_curated_score	associated_with_data_driven_state	independent_candidate	TF	contrast	level_a	level_b	activity_effect_a_minus_b	pvalue	n_strata	n_cells	known_activation_gene	mechanistically_supported	potentially_novel_hypothesis	external_perturbation_support	external_dataset_count	external_direction_consistency	external_effect	external_FDR	external_context	literature_novelty_status	candidate_family_id	candidate_family_label	entity_type	mechanism_level	effect_component	statistical_component	independence_component	multilayer_component	temporal_component	RNA_component	ADT_component	state_component	interaction_component	mechanistic_coherence	mechanistic_family_id	family_rule	family_evidence	family_confidence	n_mice_true	n_mice_supporting_true	n_mice_opposing_true	direction_consistency_true	LOOCV_top10_fraction	LOOCV_rank_median	LOOCV_rank_min	LOOCV_rank_max	empirical_p	empirical_FDR	null_percentile	null_model_type	LOOCV_stability	stability_component	null_model_component	external_perturbation_support_verified	external_perturbation_component	external_assessed	evidence_score	score_contribution_replication_component	score_contribution_effect_component	score_contribution_statistical_component	score_contribution_RNA_component	score_contribution_ADT_component	score_contribution_state_component	score_contribution_temporal_component	score_contribution_interaction_component	score_contribution_stability_component	score_contribution_null_model_component	score_contribution_mechanistic_coherence	score_contribution_independence_component	score_contribution_external_perturbation_component	evidence_gate	causality_tier	causality_label	why_test	suggested_perturbation	expected_readout	negative_control	specificity_control	source_signal_step	receptor_step	tcell_state_step	transcriptional_program_step	effector_response_step	myeloid_response_step	tumor_killing_step	missing_evidence	interaction_validity	ligand_biological_class	receptor_biological_class	biological_reinterpretation	valid_for_mechanistic_ranking	original_rank	biological_validity	ligand_validity	receptor_validity	direction_validity	mechanistic_plausibility	reclassification	reason	recommended_action
neutrophil	Gpi1	Amfr	CD8	19	0.2962098075243135	0.3338854206480655	-0.7543859649122807	0.0439502610526744	0.2684210526315789	0.7982133996959528	-0.07263088	1.0	-0.005261183	1.0	False	RNA-supported	0.1342105263157894	0.0	0.3144839203923436	1.0	0.159870468288995	Tier 3 — exploratory	3.0	0.7388949166390744	1.0	0.2611050833609256	0.1801173913033811	neutrophil → Gpi1 → Amfr → CD8 activation-associated program	CORRELATIONAL	Perturb ligand in neutrophil and independently KO/CRISPRi receptor in target T cells	Increase ligand exposure or expression, with receptor-deficient T cells as specificity control	0.80×animal-level interaction score + 0.20×(1−LIANA magnitude rank)	0.1425118673692389	0.8110216463244844	9.0	6.0	0.0	0.8046695441735882	False	ordered cross-sectional support only	neutrophil → Gpi1 → Amfr → CD8	extracellular	cell-cell / extracellular signal	neutrophil	CD8	0.1801173913033811	0.0439502610526744	0.8947368421052632	17.0	2.0	19	True	False	False	True	True	HIGH																			False	True	True	NOT_ASSESSED	0				No external perturbational dataset integrated	NOT_ASSESSED	LR|neutrophil|Gpi1	LR|neutrophil|Gpi1	ligand_receptor	ligand	0.9470013939799282	0.1357038540990681	1.0	0.5	0.0	1.0	0.0	0.0	1.0	0.5714285714285714	LR|neutrophil|Gpi1	candidate family retained; no additional grouping without pathway evidence	shared source and ligand for interaction candidates; same regulator for intrinsic candidates	MODERATE	19.0	17.0	2.0	0.8947368421052632	1.0	4.0	1.0	5.0	0.0019980019980019	0.0070562349043361	1.0	within-candidate mouse-effect sign permutation	1.0	1.0	0.998001998001998		0.0	False	0.6317256038400828	0.0833333333333333	0.0789167828316606	0.0113086545082556	0.0833333333333333	0.0	0.0	0.0	0.0833333333333333	0.0833333333333333	0.0831668331668331	0.0416666666666666	0.0833333333333333	0.0	False	2	ASSOCIATION_ONLY	Test necessity and sufficiency; Phase 1 is associative.	source-cell ligand knockdown plus T-cell receptor CRISPRi and ligand rescue	CD69/CD137, T-cell effector program and tumor-cell killing	non-targeting guide plus untreated/irrelevant control	receptor-deficient T cells or matched source-cell control	SUPPORTED	SUPPORTED	PARTIALLY_SUPPORTED	SUPPORTED	PARTIALLY_SUPPORTED	MISSING	MISSING	temporal/spatial/perturbational evidence missing	INVALID_AS_LIGAND_RECEPTOR	METABOLIC_ENZYME	VALID_CANONICAL_LIGAND_RECEPTOR		False	1	INVALID_AS_LIGAND_RECEPTOR	METABOLIC_ENZYME	VALID_CANONICAL_LIGAND_RECEPTOR	ASSOCIATIVE_ONLY	INSUFFICIENT		INVALID_AS_LIGAND_RECEPTOR	exclude from LR ranking; retain appropriate intrinsic interpretation
neutrophil	Hdc	Hrh2	CD8	19	0.7945707470527734	0.0707096445407058	0.7578947368421053	0.0439502610526744	-0.4508771929824561	0.4996936315878373	-0.24452806	0.4504325405065879	-0.8792243	0.0029697332057265	False	RNA-supported	0.3789473684210526	0.0	0.237031253396139	1.0	0.2800378296265962	Tier 3 — exploratory	3.0			0.0	0.2240302637012769	neutrophil → Hdc → Hrh2 → CD8 activation-associated program	CORRELATIONAL	Perturb ligand in neutrophil and independently KO/CRISPRi receptor in target T cells	Increase ligand exposure or expression, with receptor-deficient T cells as specificity control	0.80×animal-level interaction score + 0.20×(1−LIANA magnitude rank)	-0.777366541832631	0.6570621287717398	9.0	6.0	0.0	0.8046695441735882	False	ordered cross-sectional support only	neutrophil → Hdc → Hrh2 → CD8	extracellular	cell-cell / extracellular signal	neutrophil	CD8	0.2240302637012769	0.0439502610526744	0.7894736842105263	15.0	4.0	19	True	False	False	True	True	HIGH																			False	True	True	NOT_ASSESSED	0				No external perturbational dataset integrated	NOT_ASSESSED	LR|neutrophil|Hdc	LR|neutrophil|Hdc	ligand_receptor	ligand	1.0	0.1357038540990681	1.0	0.5	0.0	1.0	0.0	0.0	1.0	0.5714285714285714	LR|neutrophil|Hdc	candidate family retained; no additional grouping without pathway evidence	shared source and ligand for interaction candidates; same regulator for intrinsic candidates	MODERATE	19.0	15.0	4.0	0.7894736842105263	0.2105263157894736	11.0	7.0	12.0	0.0089910089910089	0.0266860798775692	1.0	within-candidate mouse-effect sign permutation	0.2105263157894736	0.2105263157894736	0.9910089910089912		0.0	False	0.5697699300747944	0.0833333333333333	0.0833333333333333	0.0113086545082556	0.0833333333333333	0.0	0.0	0.0	0.0833333333333333	0.0175438596491228	0.0825840825840825	0.0416666666666666	0.0833333333333333	0.0	False	2	ASSOCIATION_ONLY	Test necessity and sufficiency; Phase 1 is associative.	source-cell ligand knockdown plus T-cell receptor CRISPRi and ligand rescue	CD69/CD137, T-cell effector program and tumor-cell killing	non-targeting guide plus untreated/irrelevant control	receptor-deficient T cells or matched source-cell control	SUPPORTED	SUPPORTED	PARTIALLY_SUPPORTED	SUPPORTED	PARTIALLY_SUPPORTED	MISSING	MISSING	temporal/spatial/perturbational evidence missing	INVALID_AS_LIGAND_RECEPTOR	METABOLIC_ENZYME	UNKNOWN_UNVALIDATED		False	2	INVALID_AS_LIGAND_RECEPTOR	METABOLIC_ENZYME	UNKNOWN_UNVALIDATED	ASSOCIATIVE_ONLY	INSUFFICIENT		INVALID_AS_LIGAND_RECEPTOR	exclude from LR ranking; retain appropriate intrinsic interpretation
fibroblast	Il15	Il2ra	CD4	34	0.1956274311890316	0.4436905376502692	0.6678380443086326	0.0460859149636863	-0.335676088617265	0.4892416301471342	2.1923113	1.9767398454773044e-06	2.582612	5.056158660183512e-07	False	RNA-supported	0.3339190221543163	0.7958205500000001	0.2946150711070336	1.0	0.5247498094754175	Tier 3 — exploratory	3.0	1.0	0.4964715352705999	0.0	0.419799847580334	fibroblast → Il15 → Il2ra → CD4 activation-associated program	CORRELATIONAL	Perturb ligand in fibroblast and independently KO/CRISPRi receptor in target T cells	Increase ligand exposure or expression, with receptor-deficient T cells as specificity control	0.80×animal-level interaction score + 0.20×(1−LIANA magnitude rank)	1.2098088588253066	0.7448947530985198	9.0	4.0	0.0	0.8592006085325994	False	ordered cross-sectional support only	fibroblast → Il15 → Il2ra → CD4	extracellular	cell-cell / extracellular signal	fibroblast	CD4	0.419799847580334	0.0460859149636863	0.7352941176470589	25.0	9.0	34	True	False	False	True	True	HIGH																			False	True	True	NOT_ASSESSED	0				No external perturbational dataset integrated	NOT_ASSESSED	LR|fibroblast|Il15	LR|fibroblast|Il15	ligand_receptor	ligand	1.0	0.1336431785851509	1.0	0.5	0.0	1.0	0.0	0.0	1.0	0.5714285714285714	LR|fibroblast|Il15	candidate family retained; no additional grouping without pathway evidence	shared source and ligand for interaction candidates; same regulator for intrinsic candidates	MODERATE	34.0	25.0	9.0	0.7352941176470589	0.0	19.0	14.0	21.0	0.0019980019980019	0.0070562349043361	1.0	within-candidate mouse-effect sign permutation	0.0	0.0	0.998001998001998		0.0	False	0.5526370980489291	0.0833333333333333	0.0833333333333333	0.0111369315487625	0.0833333333333333	0.0	0.0	0.0	0.0833333333333333	0.0	0.0831668331668331	0.0416666666666666	0.0833333333333333	0.0	False	2	ASSOCIATION_ONLY	Test necessity and sufficiency; Phase 1 is associative.	source-cell ligand knockdown plus T-cell receptor CRISPRi and ligand rescue	CD69/CD137, T-cell effector program and tumor-cell killing	non-targeting guide plus untreated/irrelevant control	receptor-deficient T cells or matched source-cell control	SUPPORTED	SUPPORTED	PARTIALLY_SUPPORTED	SUPPORTED	PARTIALLY_SUPPORTED	MISSING	MISSING	temporal/spatial/perturbational evidence missing	VALID_FOR_HYPOTHESIS	VALID_CANONICAL_LIGAND_RECEPTOR	VALID_CANONICAL_LIGAND_RECEPTOR		True	3	VALID_FOR_HYPOTHESIS	VALID_CANONICAL_LIGAND_RECEPTOR	VALID_CANONICAL_LIGAND_RECEPTOR	ASSOCIATIVE_ONLY	SUPPORTED_AS_HYPOTHESIS		VALID_FOR_HYPOTHESIS	retain as hypothesis
fibroblast	Il15	Il15ra_Il2rb_Il2rg	CD4	34	0.1956274311890316	0.0845195073382993	0.6678380443086326	0.0460859149636863	-0.335676088617265	0.4892416301471342	0.12693882	0.0473632243080281	0.06991768	0.2536243574767507	False	RNA-supported	0.3339190221543163	0.0328094166666666	0.1285859016609286	1.0	0.250791192252863	Tier 3 — exploratory	3.0	0.2845771711860886	1.0	0.7154228288139114	0.3437175195650727	fibroblast → Il15 → Il15ra_Il2rb_Il2rg → CD4 activation-associated program	CORRELATIONAL	Perturb ligand in fibroblast and independently KO/CRISPRi receptor in target T cells	Increase ligand exposure or expression, with receptor-deficient T cells as specificity control	0.80×animal-level interaction score + 0.20×(1−LIANA magnitude rank)			9.0	4.0	0.0	0.8592006085325994	False	ordered cross-sectional support only	fibroblast → Il15 → Il15ra_Il2rb_Il2rg → CD4	extracellular	cell-cell / extracellular signal	fibroblast	CD4	0.3437175195650727	0.0460859149636863	0.7352941176470589	25.0	9.0	34	True	False	False	True	True	HIGH																			False	True	True	NOT_ASSESSED	0				No external perturbational dataset integrated	NOT_ASSESSED	LR|fibroblast|Il15	LR|fibroblast|Il15	ligand_receptor	ligand	1.0	0.1336431785851509	1.0	0.5	0.0	1.0	0.0	0.0	1.0	0.5714285714285714	LR|fibroblast|Il15	candidate family retained; no additional grouping without pathway evidence	shared source and ligand for interaction candidates; same regulator for intrinsic candidates	MODERATE	34.0	25.0	9.0	0.7352941176470589	0.0	19.0	14.0	21.0	0.0039960039960039	0.0135961599376233	1.0	within-candidate mouse-effect sign permutation	0.0	0.0	0.996003996003996		0.0	False	0.5524705978824289	0.0833333333333333	0.0833333333333333	0.0111369315487625	0.0833333333333333	0.0	0.0	0.0	0.0833333333333333	0.0	0.083000333000333	0.0416666666666666	0.0833333333333333	0.0	False	2	ASSOCIATION_ONLY	Test necessity and sufficiency; Phase 1 is associative.	source-cell ligand knockdown plus T-cell receptor CRISPRi and ligand rescue	CD69/CD137, T-cell effector program and tumor-cell killing	non-targeting guide plus untreated/irrelevant control	receptor-deficient T cells or matched source-cell control	SUPPORTED	SUPPORTED	PARTIALLY_SUPPORTED	SUPPORTED	PARTIALLY_SUPPORTED	MISSING	MISSING	temporal/spatial/perturbational evidence missing	VALID_FOR_HYPOTHESIS	VALID_CANONICAL_LIGAND_RECEPTOR	VALID_CANONICAL_LIGAND_RECEPTOR		True	4	VALID_FOR_HYPOTHESIS	VALID_CANONICAL_LIGAND_RECEPTOR	VALID_CANONICAL_LIGAND_RECEPTOR	ASSOCIATIVE_ONLY	SUPPORTED_AS_HYPOTHESIS		VALID_FOR_HYPOTHESIS	retain as hypothesis
neutrophil	Pdcd1lg2	Pdcd1	CD4	19	0.2267366865816974	0.2493546721734641	-0.4771929824561403	0.5844638489261795	0.8122807017543859	0.013897006842561	-0.32968807	0.2360668306059618	-0.11419964	1.0	False	ADT-supported	0.4061403508771929	0.0	0.2377768957495169	1.0	0.2397045019569209	Tier 3 — exploratory	3.0	0.5633682135233642	0.1336273631370977	0.4366317864766358	0.2790899588608639	neutrophil → Pdcd1lg2 → Pdcd1 → CD4 activation-associated program	CORRELATIONAL	Perturb ligand in neutrophil and independently KO/CRISPRi receptor in target T cells	Increase ligand exposure or expression, with receptor-deficient T cells as specificity control	0.80×animal-level interaction score + 0.20×(1−LIANA magnitude rank)	-0.6072105824285758	0.7448947530985198	9.0	4.0	0.0	0.8592006085325994	False	ordered cross-sectional support only	neutrophil → Pdcd1lg2 → Pdcd1 → CD4	extracellular	cell-cell / extracellular signal	neutrophil	CD4	0.2790899588608639	0.013897006842561	0.6842105263157895	13.0	6.0	19	False	True	False	True	True	HIGH																			False	True	True	NOT_ASSESSED	0				No external perturbational dataset integrated	NOT_ASSESSED	LR|neutrophil|Pdcd1lg2	LR|neutrophil|Pdcd1lg2	ligand_receptor	ligand	1.0	0.1857078728647891	1.0	0.5	0.0	0.0	1.0	0.0	1.0	0.5	LR|neutrophil|Pdcd1lg2	candidate family retained; no additional grouping without pathway evidence	shared source and ligand for interaction candidates; same regulator for intrinsic candidates	MODERATE	19.0	13.0	6.0	0.6842105263157895	0.0	26.0	16.0	32.0	0.1048951048951049	0.2184010019830915	0.962	within-candidate mouse-effect sign permutation	0.0	0.0	0.8951048951048951		0.0	False	0.5484010639974737	0.0833333333333333	0.0833333333333333	0.0154756560720657	0.0	0.0833333333333333	0.0	0.0	0.0833333333333333	0.0	0.0745920745920745	0.0416666666666666	0.0833333333333333	0.0	False	2	ASSOCIATION_ONLY	Test necessity and sufficiency; Phase 1 is associative.	source-cell ligand knockdown plus T-cell receptor CRISPRi and ligand rescue	CD69/CD137, T-cell effector program and tumor-cell killing	non-targeting guide plus untreated/irrelevant control	receptor-deficient T cells or matched source-cell control	SUPPORTED	SUPPORTED	PARTIALLY_SUPPORTED	PARTIALLY_SUPPORTED	PARTIALLY_SUPPORTED	MISSING	MISSING	temporal/spatial/perturbational evidence missing	VALID_FOR_HYPOTHESIS	VALID_CANONICAL_LIGAND_RECEPTOR	VALID_CANONICAL_LIGAND_RECEPTOR		True	5	VALID_FOR_HYPOTHESIS	VALID_CANONICAL_LIGAND_RECEPTOR	VALID_CANONICAL_LIGAND_RECEPTOR	ASSOCIATIVE_ONLY	SUPPORTED_AS_HYPOTHESIS		VALID_FOR_HYPOTHESIS	retain as hypothesis
fibroblast	Hspg2	Itgb1	CD8	34	0.7991217378706947	0.7919055506009256	0.3677616501145912	0.4485128147179754	-0.5526355996944232	0.0810420083907591	-0.19079351	0.370122225554747	-0.5470314	7.73865543430223e-06	False	ADT-supported	0.1838808250572956	0.0	0.7955054618452729	1.0	0.3234593811391081	Tier 3 — exploratory	3.0	0.1735571642126295	0.0874267002502295	0.8264428357873705	0.4240560720687606	fibroblast → Hspg2 → Itgb1 → CD8 activation-associated program	CORRELATIONAL	Perturb ligand in fibroblast and independently KO/CRISPRi receptor in target T cells	Increase ligand exposure or expression, with receptor-deficient T cells as specificity control	0.80×animal-level interaction score + 0.20×(1−LIANA magnitude rank)	-0.8649518602245418	0.3371854677774424	9.0	6.0	0.0	0.8046695441735882	False	ordered cross-sectional support only	fibroblast → Hspg2 → Itgb1 → CD8	extracellular	cell-cell / extracellular signal	fibroblast	CD8	0.4240560720687606	0.0810420083907591	0.6764705882352942	23.0	11.0	34	False	True	False	True	True	HIGH																			False	True	True	NOT_ASSESSED	0				No external perturbational dataset integrated	NOT_ASSESSED	LR|fibroblast|Hspg2	LR|fibroblast|Hspg2	ligand_receptor	ligand	1.0	0.109128980478726	1.0	0.5	0.0	0.0	1.0	0.0	1.0	0.5	LR|fibroblast|Hspg2	candidate family retained; no additional grouping without pathway evidence	shared source and ligand for interaction candidates; same regulator for intrinsic candidates	MODERATE	34.0	23.0	11.0	0.6764705882352942	0.0	38.0	26.0	49.0	0.0429570429570429	0.1079731079731079	0.988	within-candidate mouse-effect sign permutation	0.0	0.0	0.957042957042957		0.0	False	0.5471809947934736	0.0833333333333333	0.0833333333333333	0.0090940817065605	0.0	0.0833333333333333	0.0	0.0	0.0833333333333333	0.0	0.0797535797535797	0.0416666666666666	0.0833333333333333	0.0	False	2	ASSOCIATION_ONLY	Test necessity and sufficiency; Phase 1 is associative.	source-cell ligand knockdown plus T-cell receptor CRISPRi and ligand rescue	CD69/CD137, T-cell effector program and tumor-cell killing	non-targeting guide plus untreated/irrelevant control	receptor-deficient T cells or matched source-cell control	SUPPORTED	SUPPORTED	PARTIALLY_SUPPORTED	PARTIALLY_SUPPORTED	PARTIALLY_SUPPORTED	MISSING	MISSING	temporal/spatial/perturbational evidence missing	VALID_FOR_HYPOTHESIS	VALID_NONCANONICAL_EXTRACELLULAR	VALID_CANONICAL_LIGAND_RECEPTOR		True	6	VALID_FOR_HYPOTHESIS	VALID_NONCANONICAL_EXTRACELLULAR	VALID_CANONICAL_LIGAND_RECEPTOR	ASSOCIATIVE_ONLY	SUPPORTED_AS_HYPOTHESIS		VALID_FOR_HYPOTHESIS	retain as hypothesis
fibroblast	Hspg2	Ptprs	CD8	34	0.7991217378706947	0.1787913534632861	0.3677616501145912	0.4485128147179754	-0.5526355996944232	0.0810420083907591	0.36332238	0.2633186848038235	1.2288659	6.8649516200110315e-06	False	ADT-supported	0.1838808250572956	0.2653647133333333	0.3779894933669914	1.0	0.3062973657767851	Tier 3 — exploratory	3.0	0.641629407630294	0.2086154253456028	0.358370592369706	0.3167120110953693	fibroblast → Hspg2 → Ptprs → CD8 activation-associated program	CORRELATIONAL	Perturb ligand in fibroblast and independently KO/CRISPRi receptor in target T cells	Increase ligand exposure or expression, with receptor-deficient T cells as specificity control	0.80×animal-level interaction score + 0.20×(1−LIANA magnitude rank)	1.09191168564833	0.6399204731821377	9.0	6.0	0.0	0.8046695441735882	False	ordered cross-sectional support only	fibroblast → Hspg2 → Ptprs → CD8	extracellular	cell-cell / extracellular signal	fibroblast	CD8	0.3167120110953693	0.0810420083907591	0.6764705882352942	23.0	11.0	34	False	True	False	True	True	HIGH																			False	True	True	NOT_ASSESSED	0				No external perturbational dataset integrated	NOT_ASSESSED	LR|fibroblast|Hspg2	LR|fibroblast|Hspg2	ligand_receptor	ligand	1.0	0.109128980478726	1.0	0.5	0.0	0.0	1.0	0.0	1.0	0.5	LR|fibroblast|Hspg2	candidate family retained; no additional grouping without pathway evidence	shared source and ligand for interaction candidates; same regulator for intrinsic candidates	MODERATE	34.0	23.0	11.0	0.6764705882352942	0.0	38.0	26.0	49.0	0.0439560439560439	0.1094976452119309	0.985	within-candidate mouse-effect sign permutation	0.0	0.0	0.956043956043956		0.0	False	0.5470977447102235	0.0833333333333333	0.0833333333333333	0.0090940817065605	0.0	0.0833333333333333	0.0	0.0	0.0833333333333333	0.0	0.0796703296703296	0.0416666666666666	0.0833333333333333	0.0	False	2	ASSOCIATION_ONLY	Test necessity and sufficiency; Phase 1 is associative.	source-cell ligand knockdown plus T-cell receptor CRISPRi and ligand rescue	CD69/CD137, T-cell effector program and tumor-cell killing	non-targeting guide plus untreated/irrelevant control	receptor-deficient T cells or matched source-cell control	SUPPORTED	SUPPORTED	PARTIALLY_SUPPORTED	PARTIALLY_SUPPORTED	PARTIALLY_SUPPORTED	MISSING	MISSING	temporal/spatial/perturbational evidence missing	VALID_FOR_HYPOTHESIS	VALID_NONCANONICAL_EXTRACELLULAR	VALID_CANONICAL_LIGAND_RECEPTOR		True	7	VALID_FOR_HYPOTHESIS	VALID_NONCANONICAL_EXTRACELLULAR	VALID_CANONICAL_LIGAND_RECEPTOR	ASSOCIATIVE_ONLY	SUPPORTED_AS_HYPOTHESIS		VALID_FOR_HYPOTHESIS	retain as hypothesis
neutrophil	Pdcd1lg2	Pdcd2	CD4	19	0.2267366865816974	0.1077513090935909	-0.4771929824561403	0.5844638489261795	0.8122807017543859	0.013897006842561	-0.23492384	0.2907648104733463	-0.095917225	0.673353480287041	False	ADT-supported	0.4061403508771929	0.0	0.1563047497637904	1.0	0.2234100727597756	Tier 3 — exploratory	3.0	1.0	0.4792545157581008	0.0	0.1787280582078204	neutrophil → Pdcd1lg2 → Pdcd2 → CD4 activation-associated program	CORRELATIONAL	Perturb ligand in neutrophil and independently KO/CRISPRi receptor in target T cells	Increase ligand exposure or expression, with receptor-deficient T cells as specificity control	0.80×animal-level interaction score + 0.20×(1−LIANA magnitude rank)	-0.4648023882395315	0.7448947530985198	9.0	4.0	0.0	0.8592006085325994	False	ordered cross-sectional support only	neutrophil → Pdcd1lg2 → Pdcd2 → CD4	extracellular	cell-cell / extracellular signal	neutrophil	CD4	0.1787280582078204	0.013897006842561	0.6842105263157895	13.0	6.0	19	False	True	False	True	True	HIGH																			False	True	True	NOT_ASSESSED	0				No external perturbational dataset integrated	NOT_ASSESSED	LR|neutrophil|Pdcd1lg2	LR|neutrophil|Pdcd1lg2	ligand_receptor	ligand	0.9396967113577912	0.1857078728647891	1.0	0.5	0.0	0.0	1.0	0.0	1.0	0.5	LR|neutrophil|Pdcd1lg2	candidate family retained; no additional grouping without pathway evidence	shared source and ligand for interaction candidates; same regulator for intrinsic candidates	MODERATE	19.0	13.0	6.0	0.6842105263157895	0.0	47.0	26.0	60.0	0.0929070929070929	0.2041029836305427	0.971	within-candidate mouse-effect sign permutation	0.0	0.0	0.9070929070929072		0.0	False	0.5443747909429573	0.0833333333333333	0.0783080592798159	0.0154756560720657	0.0	0.0833333333333333	0.0	0.0	0.0833333333333333	0.0	0.0755910755910756	0.0416666666666666	0.0833333333333333	0.0	False	2	ASSOCIATION_ONLY	Test necessity and sufficiency; Phase 1 is associative.	source-cell ligand knockdown plus T-cell receptor CRISPRi and ligand rescue	CD69/CD137, T-cell effector program and tumor-cell killing	non-targeting guide plus untreated/irrelevant control	receptor-deficient T cells or matched source-cell control	SUPPORTED	SUPPORTED	PARTIALLY_SUPPORTED	PARTIALLY_SUPPORTED	PARTIALLY_SUPPORTED	MISSING	MISSING	temporal/spatial/perturbational evidence missing	UNKNOWN_UNVALIDATED	VALID_CANONICAL_LIGAND_RECEPTOR	UNKNOWN_UNVALIDATED		False	8	UNKNOWN_UNVALIDATED	VALID_CANONICAL_LIGAND_RECEPTOR	UNKNOWN_UNVALIDATED	ASSOCIATIVE_ONLY	INSUFFICIENT		UNKNOWN_UNVALIDATED	exclude from LR ranking; retain appropriate intrinsic interpretation
neutrophil	Ccl25	Ccr10	CD4	19	0.0153243872318924	0.0140865845563832	-0.189974276058391	0.9180246099346518	0.7264757038158842	0.0670532633673389	0.11996305	0.0452295325317914	0.0	0.3849353383998698	False	ADT-supported	0.3632378519079421	0.0199938416666666	0.014692456449376	1.0	0.2350701998743216	Tier 3 — exploratory	3.0			0.0	0.1880561598994573	neutrophil → Ccl25 → Ccr10 → CD4 activation-associated program	CORRELATIONAL	Perturb ligand in neutrophil and independently KO/CRISPRi receptor in target T cells	Increase ligand exposure or expression, with receptor-deficient T cells as specificity control	0.80×animal-level interaction score + 0.20×(1−LIANA magnitude rank)	-0.6124423295017708	0.9962071533220476	9.0	4.0	0.0	0.8592006085325994	False	ordered cross-sectional support only	neutrophil → Ccl25 → Ccr10 → CD4	extracellular	cell-cell / extracellular signal	neutrophil	CD4	0.1880561598994573	0.0670532633673389	0.6842105263157895	13.0	6.0	19	False	True	False	True	True	HIGH																			False	True	True	NOT_ASSESSED	0				No external perturbational dataset integrated	NOT_ASSESSED	LR|neutrophil|Ccl25	LR|neutrophil|Ccl25	ligand_receptor	ligand	0.9887409776623568	0.1173580080930364	1.0	0.5	0.0	0.0	1.0	0.0	1.0	0.5	LR|neutrophil|Ccl25	candidate family retained; no additional grouping without pathway evidence	shared source and ligand for interaction candidates; same regulator for intrinsic candidates	MODERATE	19.0	13.0	6.0	0.6842105263157895	0.0	44.0	23.0	57.0	0.1028971028971029	0.2158518173555767	0.973	within-candidate mouse-effect sign permutation	0.0	0.0	0.8971028971028971		0.0	False	0.5419334902381908	0.0833333333333333	0.082395081471863	0.009779834007753	0.0	0.0833333333333333	0.0	0.0	0.0833333333333333	0.0	0.0747585747585747	0.0416666666666666	0.0833333333333333	0.0	False	2	ASSOCIATION_ONLY	Test necessity and sufficiency; Phase 1 is associative.	source-cell ligand knockdown plus T-cell receptor CRISPRi and ligand rescue	CD69/CD137, T-cell effector program and tumor-cell killing	non-targeting guide plus untreated/irrelevant control	receptor-deficient T cells or matched source-cell control	SUPPORTED	SUPPORTED	PARTIALLY_SUPPORTED	PARTIALLY_SUPPORTED	PARTIALLY_SUPPORTED	MISSING	MISSING	temporal/spatial/perturbational evidence missing	VALID_FOR_HYPOTHESIS	VALID_CANONICAL_LIGAND_RECEPTOR	VALID_CANONICAL_LIGAND_RECEPTOR		True	9	VALID_FOR_HYPOTHESIS	VALID_CANONICAL_LIGAND_RECEPTOR	VALID_CANONICAL_LIGAND_RECEPTOR	ASSOCIATIVE_ONLY	SUPPORTED_AS_HYPOTHESIS		VALID_FOR_HYPOTHESIS	retain as hypothesis
fibroblast	Col6a2	Itga1_Itgb1	CD8	34	0.8335679274695327	0.3154541979870046	0.3427043544690603	0.5143645577651489	-0.5987776928953399	0.0441216330213713	-0.2682228	0.370122225554747	-1.1438894	0.0003337781037881	False	ADT-supported	0.1713521772345301	0.0	0.5127889449155384	1.0	0.2625310510151932	Tier 3 — exploratory	3.0	0.5398869377630253	0.007884630148276	0.4601130622369747	0.3020474532595495	fibroblast → Col6a2 → Itga1_Itgb1 → CD8 activation-associated program	CORRELATIONAL	Perturb ligand in fibroblast and independently KO/CRISPRi receptor in target T cells	Increase ligand exposure or expression, with receptor-deficient T cells as specificity control	0.80×animal-level interaction score + 0.20×(1−LIANA magnitude rank)			9.0	6.0	0.0	0.8046695441735882	False	ordered cross-sectional support only	fibroblast → Col6a2 → Itga1_Itgb1 → CD8	extracellular	cell-cell / extracellular signal	fibroblast	CD8	0.3020474532595495	0.0441216330213713	0.6176470588235294	21.0	13.0	34	False	True	False	True	True	HIGH																			False	True	True	NOT_ASSESSED	0				No external perturbational dataset integrated	NOT_ASSESSED	LR|fibroblast|Col6a2	LR|fibroblast|Col6a2	ligand_receptor	ligand	1.0	0.1355348421910777	1.0	0.5	0.0	0.0	1.0	0.0	1.0	0.5	LR|fibroblast|Col6a2	candidate family retained; no additional grouping without pathway evidence	shared source and ligand for interaction candidates; same regulator for intrinsic candidates	MODERATE	34.0	21.0	13.0	0.6176470588235294	0.0	69.5	48.0	76.0	0.1488511488511488	0.2987731692767664	0.924	within-candidate mouse-effect sign permutation	0.0	0.0	0.8511488511488512		0.0	False	0.5405569744449941	0.0833333333333333	0.0833333333333333	0.0112945701825898	0.0	0.0833333333333333	0.0	0.0	0.0833333333333333	0.0	0.0709290709290709	0.0416666666666666	0.0833333333333333	0.0	False	2	ASSOCIATION_ONLY	Test necessity and sufficiency; Phase 1 is associative.	source-cell ligand knockdown plus T-cell receptor CRISPRi and ligand rescue	CD69/CD137, T-cell effector program and tumor-cell killing	non-targeting guide plus untreated/irrelevant control	receptor-deficient T cells or matched source-cell control	SUPPORTED	SUPPORTED	PARTIALLY_SUPPORTED	PARTIALLY_SUPPORTED	PARTIALLY_SUPPORTED	MISSING	MISSING	temporal/spatial/perturbational evidence missing	VALID_FOR_HYPOTHESIS	VALID_NONCANONICAL_EXTRACELLULAR	VALID_CANONICAL_LIGAND_RECEPTOR		True	10	VALID_FOR_HYPOTHESIS	VALID_NONCANONICAL_EXTRACELLULAR	VALID_CANONICAL_LIGAND_RECEPTOR	ASSOCIATIVE_ONLY	SUPPORTED_AS_HYPOTHESIS		VALID_FOR_HYPOTHESIS	retain as hypothesis
fibroblast	Col6a2	Cd44	CD8	34	0.8335679274695327	0.6943984371682166	0.3427043544690603	0.5143645577651489	-0.5987776928953399	0.0441216330213713	0.72633934	2.259520716935255e-05	-0.06925821	0.6463675366823181	False	ADT-supported	0.1713521772345301	0.1210565566666666	0.7608076406742987	1.0	0.3423989293336119	Tier 3 — exploratory	3.0	0.0942386621883584	0.0874267002502295	0.9057613378116416	0.4550714110292178	fibroblast → Col6a2 → Cd44 → CD8 activation-associated program	CORRELATIONAL	Perturb ligand in fibroblast and independently KO/CRISPRi receptor in target T cells	Increase ligand exposure or expression, with receptor-deficient T cells as specificity control	0.80×animal-level interaction score + 0.20×(1−LIANA magnitude rank)	0.0942330451866064	0.9355611534046334	9.0	6.0	0.0	0.8046695441735882	False	ordered cross-sectional support only	fibroblast → Col6a2 → Cd44 → CD8	extracellular	cell-cell / extracellular signal	fibroblast	CD8	0.4550714110292178	0.0441216330213713	0.6176470588235294	21.0	13.0	34	False	True	False	True	True	HIGH																			False	True	True	NOT_ASSESSED	0				No external perturbational dataset integrated	NOT_ASSESSED	LR|fibroblast|Col6a2	LR|fibroblast|Col6a2	ligand_receptor	ligand	1.0	0.1355348421910777	1.0	0.5	0.0	0.0	1.0	0.0	1.0	0.5	LR|fibroblast|Col6a2	candidate family retained; no additional grouping without pathway evidence	shared source and ligand for interaction candidates; same regulator for intrinsic candidates	MODERATE	34.0	21.0	13.0	0.6176470588235294	0.0	69.5	48.0	76.0	0.1558441558441558	0.306200841412109	0.927	within-candidate mouse-effect sign permutation	0.0	0.0	0.8441558441558442		0.0	False	0.5399742238622435	0.0833333333333333	0.0833333333333333	0.0112945701825898	0.0	0.0833333333333333	0.0	0.0	0.0833333333333333	0.0	0.0703463203463203	0.0416666666666666	0.0833333333333333	0.0	False	2	ASSOCIATION_ONLY	Test necessity and sufficiency; Phase 1 is associative.	source-cell ligand knockdown plus T-cell receptor CRISPRi and ligand rescue	CD69/CD137, T-cell effector program and tumor-cell killing	non-targeting guide plus untreated/irrelevant control	receptor-deficient T cells or matched source-cell control	SUPPORTED	SUPPORTED	PARTIALLY_SUPPORTED	PARTIALLY_SUPPORTED	PARTIALLY_SUPPORTED	MISSING	MISSING	temporal/spatial/perturbational evidence missing	VALID_FOR_HYPOTHESIS	VALID_NONCANONICAL_EXTRACELLULAR	VALID_CANONICAL_LIGAND_RECEPTOR		True	11	VALID_FOR_HYPOTHESIS	VALID_NONCANONICAL_EXTRACELLULAR	VALID_CANONICAL_LIGAND_RECEPTOR	ASSOCIATIVE_ONLY	SUPPORTED_AS_HYPOTHESIS		VALID_FOR_HYPOTHESIS	retain as hypothesis
neutrophil	Pdcd1lg2	Rgmb	CD4	19	0.2267366865816974	0.0282469208643705	-0.4771929824561403	0.5844638489261795	0.8122807017543859	0.013897006842561	0.0	0.8455198014544371	-0.111329794	1.0	False	ADT-supported	0.4061403508771929	0.0	0.0800288275743359	1.0	0.2081548883218847	Tier 3 — exploratory	3.0			0.0	0.1665239106575077	neutrophil → Pdcd1lg2 → Rgmb → CD4 activation-associated program	CORRELATIONAL	Perturb ligand in neutrophil and independently KO/CRISPRi receptor in target T cells	Increase ligand exposure or expression, with receptor-deficient T cells as specificity control	0.80×animal-level interaction score + 0.20×(1−LIANA magnitude rank)	0.6480410555783135	0.8598859378520367	9.0	4.0	0.0	0.8592006085325994	False	ordered cross-sectional support only	neutrophil → Pdcd1lg2 → Rgmb → CD4	extracellular	cell-cell / extracellular signal	neutrophil	CD4	0.1665239106575077	0.013897006842561	0.6842105263157895	13.0	6.0	19	False	True	False	True	True	HIGH																			False	True	True	NOT_ASSESSED	0				No external perturbational dataset integrated	NOT_ASSESSED	LR|neutrophil|Pdcd1lg2	LR|neutrophil|Pdcd1lg2	ligand_receptor	ligand	0.8755310877117314	0.1857078728647891	1.0	0.5	0.0	0.0	1.0	0.0	1.0	0.5	LR|neutrophil|Pdcd1lg2	candidate family retained; no additional grouping without pathway evidence	shared source and ligand for interaction candidates; same regulator for intrinsic candidates	MODERATE	19.0	13.0	6.0	0.6842105263157895	0.0	87.0	48.0	104.0	0.0919080919080919	0.2035107749393463	0.972	within-candidate mouse-effect sign permutation	0.0	0.0	0.908091908091908		0.0	False	0.5391109057223691	0.0833333333333333	0.0729609239759776	0.0154756560720657	0.0	0.0833333333333333	0.0	0.0	0.0833333333333333	0.0	0.0756743256743256	0.0416666666666666	0.0833333333333333	0.0	False	2	ASSOCIATION_ONLY	Test necessity and sufficiency; Phase 1 is associative.	source-cell ligand knockdown plus T-cell receptor CRISPRi and ligand rescue	CD69/CD137, T-cell effector program and tumor-cell killing	non-targeting guide plus untreated/irrelevant control	receptor-deficient T cells or matched source-cell control	SUPPORTED	SUPPORTED	PARTIALLY_SUPPORTED	PARTIALLY_SUPPORTED	PARTIALLY_SUPPORTED	MISSING	MISSING	temporal/spatial/perturbational evidence missing	VALID_FOR_HYPOTHESIS	VALID_CANONICAL_LIGAND_RECEPTOR	VALID_CANONICAL_LIGAND_RECEPTOR		True	12	VALID_FOR_HYPOTHESIS	VALID_CANONICAL_LIGAND_RECEPTOR	VALID_CANONICAL_LIGAND_RECEPTOR	ASSOCIATIVE_ONLY	SUPPORTED_AS_HYPOTHESIS		VALID_FOR_HYPOTHESIS	retain as hypothesis
fibroblast	Ccl11	Dpp4	CD4	34	0.4917875104089056	0.1680064901541411	0.33414820473644	0.6315142013982823	-0.5676088617265087	0.0681333722380128	-0.5285325	0.0653175806574582	-1.5391016	4.326852134367842e-05	False	ADT-supported	0.16707410236822	0.0	0.2874430265729948	1.0	0.2159645411434759	Tier 3 — exploratory	3.0	0.5668378507588014	0.0569462095723258	0.4331621492411985	0.2594040627630204	fibroblast → Ccl11 → Dpp4 → CD4 activation-associated program	CORRELATIONAL	Perturb ligand in fibroblast and independently KO/CRISPRi receptor in target T cells	Increase ligand exposure or expression, with receptor-deficient T cells as specificity control	0.80×animal-level interaction score + 0.20×(1−LIANA magnitude rank)	0.3617899386072509	0.9287736512559706	9.0	4.0	0.0	0.8592006085325994	False	ordered cross-sectional support only	fibroblast → Ccl11 → Dpp4 → CD4	extracellular	cell-cell / extracellular signal	fibroblast	CD4	0.2594040627630204	0.0681333722380128	0.6176470588235294	21.0	13.0	34	False	True	False	True	True	HIGH																			False	True	True	NOT_ASSESSED	0				No external perturbational dataset integrated	NOT_ASSESSED	LR|fibroblast|Ccl11	LR|fibroblast|Ccl11	ligand_receptor	ligand	1.0	0.1166640115271427	1.0	0.5	0.0	0.0	1.0	0.0	1.0	0.5	LR|fibroblast|Ccl11	candidate family retained; no additional grouping without pathway evidence	shared source and ligand for interaction candidates; same regulator for intrinsic candidates	MODERATE	34.0	21.0	13.0	0.6176470588235294	0.0	75.5	59.0	93.0	0.1518481518481518	0.3026116740402454	0.922	within-candidate mouse-effect sign permutation	0.0	0.0	0.8481518481518482		0.0	False	0.5387346549732492	0.0833333333333333	0.0833333333333333	0.0097220009605952	0.0	0.0833333333333333	0.0	0.0	0.0833333333333333	0.0	0.0706793206793206	0.0416666666666666	0.0833333333333333	0.0	False	2	ASSOCIATION_ONLY	Test necessity and sufficiency; Phase 1 is associative.	source-cell ligand knockdown plus T-cell receptor CRISPRi and ligand rescue	CD69/CD137, T-cell effector program and tumor-cell killing	non-targeting guide plus untreated/irrelevant control	receptor-deficient T cells or matched source-cell control	SUPPORTED	SUPPORTED	PARTIALLY_SUPPORTED	PARTIALLY_SUPPORTED	PARTIALLY_SUPPORTED	MISSING	MISSING	temporal/spatial/perturbational evidence missing	VALID_FOR_HYPOTHESIS	VALID_CANONICAL_LIGAND_RECEPTOR	VALID_CANONICAL_LIGAND_RECEPTOR		True	13	VALID_FOR_HYPOTHESIS	VALID_CANONICAL_LIGAND_RECEPTOR	VALID_CANONICAL_LIGAND_RECEPTOR	ASSOCIATIVE_ONLY	SUPPORTED_AS_HYPOTHESIS		VALID_FOR_HYPOTHESIS	retain as hypothesis
fibroblast	Hspg2	Itga2	CD8	34	0.7991217378706947	0.060304922070752	0.3677616501145912	0.4485128147179754	-0.5526355996944232	0.0810420083907591	0.0	1.0	-0.96153045	0.0090031215126386	False	ADT-supported	0.1838808250572956	0.0	0.2195244271768776	1.0	0.208263174205429	Tier 3 — exploratory	3.0			0.0	0.1666105393643432	fibroblast → Hspg2 → Itga2 → CD8 activation-associated program	CORRELATIONAL	Perturb ligand in fibroblast and independently KO/CRISPRi receptor in target T cells	Increase ligand exposure or expression, with receptor-deficient T cells as specificity control	0.80×animal-level interaction score + 0.20×(1−LIANA magnitude rank)	0.2895681020186741	0.8578696581873827	9.0	6.0	0.0	0.8046695441735882	False	ordered cross-sectional support only	fibroblast → Hspg2 → Itga2 → CD8	extracellular	cell-cell / extracellular signal	fibroblast	CD8	0.1666105393643432	0.0810420083907591	0.6764705882352942	23.0	11.0	34	False	True	False	True	True	HIGH																			False	True	True	NOT_ASSESSED	0				No external perturbational dataset integrated	NOT_ASSESSED	LR|fibroblast|Hspg2	LR|fibroblast|Hspg2	ligand_receptor	ligand	0.8759865545910718	0.109128980478726	1.0	0.5	0.0	0.0	1.0	0.0	1.0	0.5	LR|fibroblast|Hspg2	candidate family retained; no additional grouping without pathway evidence	shared source and ligand for interaction candidates; same regulator for intrinsic candidates	MODERATE	34.0	23.0	11.0	0.6764705882352942	0.0	125.5	81.0	146.0	0.0229770229770229	0.0610532324818039	0.99	within-candidate mouse-effect sign permutation	0.0	0.0	0.9770229770229772		0.0	False	0.5385115426743979	0.0833333333333333	0.0729988795492559	0.0090940817065605	0.0	0.0833333333333333	0.0	0.0	0.0833333333333333	0.0	0.0814185814185814	0.0416666666666666	0.0833333333333333	0.0	False	2	ASSOCIATION_ONLY	Test necessity and sufficiency; Phase 1 is associative.	source-cell ligand knockdown plus T-cell receptor CRISPRi and ligand rescue	CD69/CD137, T-cell effector program and tumor-cell killing	non-targeting guide plus untreated/irrelevant control	receptor-deficient T cells or matched source-cell control	SUPPORTED	SUPPORTED	PARTIALLY_SUPPORTED	PARTIALLY_SUPPORTED	PARTIALLY_SUPPORTED	MISSING	MISSING	temporal/spatial/perturbational evidence missing	VALID_FOR_HYPOTHESIS	VALID_NONCANONICAL_EXTRACELLULAR	VALID_CANONICAL_LIGAND_RECEPTOR		True	14	VALID_FOR_HYPOTHESIS	VALID_NONCANONICAL_EXTRACELLULAR	VALID_CANONICAL_LIGAND_RECEPTOR	ASSOCIATIVE_ONLY	SUPPORTED_AS_HYPOTHESIS		VALID_FOR_HYPOTHESIS	retain as hypothesis
fibroblast	Ccl11	Ccr2	CD4	34	0.4917875104089056	0.4642672763478134	0.33414820473644	0.6315142013982823	-0.5676088617265087	0.0681333722380128	0.54284763	0.0007041352440217	0.71051407	0.0003262745216705	False	ADT-supported	0.16707410236822	0.2088936166666667	0.4778293084349416	1.0	0.356265201682532	Tier 3 — exploratory	3.0	1.0	0.0874267002502295	0.0	0.2850121613460256	fibroblast → Ccl11 → Ccr2 → CD4 activation-associated program	CORRELATIONAL	Perturb ligand in fibroblast and independently KO/CRISPRi receptor in target T cells	Increase ligand exposure or expression, with receptor-deficient T cells as specificity control	0.80×animal-level interaction score + 0.20×(1−LIANA magnitude rank)	-0.3424617236930611	0.9501502916117124	9.0	4.0	0.0	0.8592006085325994	False	ordered cross-sectional support only	fibroblast → Ccl11 → Ccr2 → CD4	extracellular	cell-cell / extracellular signal	fibroblast	CD4	0.2850121613460256	0.0681333722380128	0.6176470588235294	21.0	13.0	34	False	True	False	True	True	HIGH																			False	True	True	NOT_ASSESSED	0				No external perturbational dataset integrated	NOT_ASSESSED	LR|fibroblast|Ccl11	LR|fibroblast|Ccl11	ligand_receptor	ligand	1.0	0.1166640115271427	1.0	0.5	0.0	0.0	1.0	0.0	1.0	0.5	LR|fibroblast|Ccl11	candidate family retained; no additional grouping without pathway evidence	shared source and ligand for interaction candidates; same regulator for intrinsic candidates	MODERATE	34.0	21.0	13.0	0.6176470588235294	0.0	75.5	59.0	93.0	0.1558441558441558	0.306200841412109	0.925	within-candidate mouse-effect sign permutation	0.0	0.0	0.8441558441558442		0.0	False	0.5384016546402489	0.0833333333333333	0.0833333333333333	0.0097220009605952	0.0	0.0833333333333333	0.0	0.0	0.0833333333333333	0.0	0.0703463203463203	0.0416666666666666	0.0833333333333333	0.0	False	2	ASSOCIATION_ONLY	Test necessity and sufficiency; Phase 1 is associative.	source-cell ligand knockdown plus T-cell receptor CRISPRi and ligand rescue	CD69/CD137, T-cell effector program and tumor-cell killing	non-targeting guide plus untreated/irrelevant control	receptor-deficient T cells or matched source-cell control	SUPPORTED	SUPPORTED	PARTIALLY_SUPPORTED	PARTIALLY_SUPPORTED	PARTIALLY_SUPPORTED	MISSING	MISSING	temporal/spatial/perturbational evidence missing	VALID_FOR_HYPOTHESIS	VALID_CANONICAL_LIGAND_RECEPTOR	VALID_CANONICAL_LIGAND_RECEPTOR		True	15	VALID_FOR_HYPOTHESIS	VALID_CANONICAL_LIGAND_RECEPTOR	VALID_CANONICAL_LIGAND_RECEPTOR	ASSOCIATIVE_ONLY	SUPPORTED_AS_HYPOTHESIS		VALID_FOR_HYPOTHESIS	retain as hypothesis
fibroblast	Ccl11	Ccr5	CD4	34	0.4917875104089056	0.3145512205914891	0.33414820473644	0.6315142013982823	-0.5676088617265087	0.0681333722380128	0.021607399	1.0	1.143784	8.27869417362524e-07	False	ADT-supported	0.16707410236822	0.1942318998333333	0.3933094985768471	1.0	0.2856958105025797	Tier 3 — exploratory	3.0	0.9850763540728036	0.0874267002502295	0.0149236459271964	0.231541377587503	fibroblast → Ccl11 → Ccr5 → CD4 activation-associated program	CORRELATIONAL	Perturb ligand in fibroblast and independently KO/CRISPRi receptor in target T cells	Increase ligand exposure or expression, with receptor-deficient T cells as specificity control	0.80×animal-level interaction score + 0.20×(1−LIANA magnitude rank)	0.1995003047171537	0.9935047965062082	9.0	4.0	0.0	0.8592006085325994	False	ordered cross-sectional support only	fibroblast → Ccl11 → Ccr5 → CD4	extracellular	cell-cell / extracellular signal	fibroblast	CD4	0.231541377587503	0.0681333722380128	0.6176470588235294	21.0	13.0	34	False	True	False	True	True	HIGH																			False	True	True	NOT_ASSESSED	0				No external perturbational dataset integrated	NOT_ASSESSED	LR|fibroblast|Ccl11	LR|fibroblast|Ccl11	ligand_receptor	ligand	1.0	0.1166640115271427	1.0	0.5	0.0	0.0	1.0	0.0	1.0	0.5	LR|fibroblast|Ccl11	candidate family retained; no additional grouping without pathway evidence	shared source and ligand for interaction candidates; same regulator for intrinsic candidates	MODERATE	34.0	21.0	13.0	0.6176470588235294	0.0	75.5	59.0	93.0	0.1578421578421578	0.3075545144510662	0.92	within-candidate mouse-effect sign permutation	0.0	0.0	0.8421578421578422		0.0	False	0.5382351544737488	0.0833333333333333	0.0833333333333333	0.0097220009605952	0.0	0.0833333333333333	0.0	0.0	0.0833333333333333	0.0	0.0701798201798201	0.0416666666666666	0.0833333333333333	0.0	False	2	ASSOCIATION_ONLY	Test necessity and sufficiency; Phase 1 is associative.	source-cell ligand knockdown plus T-cell receptor CRISPRi and ligand rescue	CD69/CD137, T-cell effector program and tumor-cell killing	non-targeting guide plus untreated/irrelevant control	receptor-deficient T cells or matched source-cell control	SUPPORTED	SUPPORTED	PARTIALLY_SUPPORTED	PARTIALLY_SUPPORTED	PARTIALLY_SUPPORTED	MISSING	MISSING	temporal/spatial/perturbational evidence missing	VALID_FOR_HYPOTHESIS	VALID_CANONICAL_LIGAND_RECEPTOR	VALID_CANONICAL_LIGAND_RECEPTOR		True	16	VALID_FOR_HYPOTHESIS	VALID_CANONICAL_LIGAND_RECEPTOR	VALID_CANONICAL_LIGAND_RECEPTOR	ASSOCIATIVE_ONLY	SUPPORTED_AS_HYPOTHESIS		VALID_FOR_HYPOTHESIS	retain as hypothesis
fibroblast	Ccl11	Cxcr3	CD4	34	0.4917875104089056	0.3087985839663691	0.33414820473644	0.6315142013982823	-0.5676088617265087	0.0681333722380128	-0.25284767	0.0108098645510067	-0.7540574	1.4777777323999814e-06	False	ADT-supported	0.16707410236822	0.0	0.3896964034047737	1.0	0.2864152165098317	Tier 3 — exploratory	3.0	0.7189478364148844	0.024590864328601	0.2810521635851156	0.2853426059248885	fibroblast → Ccl11 → Cxcr3 → CD4 activation-associated program	CORRELATIONAL	Perturb ligand in fibroblast and independently KO/CRISPRi receptor in target T cells	Increase ligand exposure or expression, with receptor-deficient T cells as specificity control	0.80×animal-level interaction score + 0.20×(1−LIANA magnitude rank)	-0.7232304184283227	0.7448947530985198	9.0	4.0	0.0	0.8592006085325994	False	ordered cross-sectional support only	fibroblast → Ccl11 → Cxcr3 → CD4	extracellular	cell-cell / extracellular signal	fibroblast	CD4	0.2853426059248885	0.0681333722380128	0.6176470588235294	21.0	13.0	34	False	True	False	True	True	HIGH																			False	True	True	NOT_ASSESSED	0				No external perturbational dataset integrated	NOT_ASSESSED	LR|fibroblast|Ccl11	LR|fibroblast|Ccl11	ligand_receptor	ligand	1.0	0.1166640115271427	1.0	0.5	0.0	0.0	1.0	0.0	1.0	0.5	LR|fibroblast|Ccl11	candidate family retained; no additional grouping without pathway evidence	shared source and ligand for interaction candidates; same regulator for intrinsic candidates	MODERATE	34.0	21.0	13.0	0.6176470588235294	0.0	75.5	59.0	93.0	0.1688311688311688	0.3204346673734429	0.928	within-candidate mouse-effect sign permutation	0.0	0.0	0.8311688311688312		0.0	False	0.5373194035579979	0.0833333333333333	0.0833333333333333	0.0097220009605952	0.0	0.0833333333333333	0.0	0.0	0.0833333333333333	0.0	0.0692640692640692	0.0416666666666666	0.0833333333333333	0.0	False	2	ASSOCIATION_ONLY	Test necessity and sufficiency; Phase 1 is associative.	source-cell ligand knockdown plus T-cell receptor CRISPRi and ligand rescue	CD69/CD137, T-cell effector program and tumor-cell killing	non-targeting guide plus untreated/irrelevant control	receptor-deficient T cells or matched source-cell control	SUPPORTED	SUPPORTED	PARTIALLY_SUPPORTED	PARTIALLY_SUPPORTED	PARTIALLY_SUPPORTED	MISSING	MISSING	temporal/spatial/perturbational evidence missing	VALID_FOR_HYPOTHESIS	VALID_CANONICAL_LIGAND_RECEPTOR	VALID_CANONICAL_LIGAND_RECEPTOR		True	17	VALID_FOR_HYPOTHESIS	VALID_CANONICAL_LIGAND_RECEPTOR	VALID_CANONICAL_LIGAND_RECEPTOR	ASSOCIATIVE_ONLY	SUPPORTED_AS_HYPOTHESIS		VALID_FOR_HYPOTHESIS	retain as hypothesis
neutrophil	Hdc	Hrh4	CD8	19	0.7945707470527734	0.0052660636174459	0.7578947368421053	0.0439502610526744	-0.4508771929824561	0.4996936315878373	0.0	0.2705217495792224	0.0	0.7530658847390554	False	RNA-supported	0.3789473684210526	0.0	0.0646858570519202	1.0	0.1955687503577524	Tier 3 — exploratory	3.0			0.0	0.1564550002862019	neutrophil → Hdc → Hrh4 → CD8 activation-associated program	CORRELATIONAL	Perturb ligand in neutrophil and independently KO/CRISPRi receptor in target T cells	Increase ligand exposure or expression, with receptor-deficient T cells as specificity control	0.80×animal-level interaction score + 0.20×(1−LIANA magnitude rank)	-0.8983998065796172	0.8381374924915646	9.0	6.0	0.0	0.8046695441735882	False	ordered cross-sectional support only	neutrophil → Hdc → Hrh4 → CD8	extracellular	cell-cell / extracellular signal	neutrophil	CD8	0.1564550002862019	0.0439502610526744	0.7894736842105263	15.0	4.0	19	True	False	False	True	True	HIGH																			False	True	True	NOT_ASSESSED	0				No external perturbational dataset integrated	NOT_ASSESSED	LR|neutrophil|Hdc	LR|neutrophil|Hdc	ligand_receptor	ligand	0.8225918790740447	0.1357038540990681	1.0	0.5	0.0	1.0	0.0	0.0	1.0	0.5714285714285714	LR|neutrophil|Hdc	candidate family retained; no additional grouping without pathway evidence	shared source and ligand for interaction candidates; same regulator for intrinsic candidates	MODERATE	19.0	15.0	4.0	0.7894736842105263	0.0	50.0	26.0	60.0	0.0109890109890109	0.0319368131868131	0.997	within-candidate mouse-effect sign permutation	0.0	0.0	0.989010989010989		0.0	False	0.5372755601820085	0.0833333333333333	0.0685493232561704	0.0113086545082556	0.0833333333333333	0.0	0.0	0.0	0.0833333333333333	0.0	0.0824175824175824	0.0416666666666666	0.0833333333333333	0.0	False	2	ASSOCIATION_ONLY	Test necessity and sufficiency; Phase 1 is associative.	source-cell ligand knockdown plus T-cell receptor CRISPRi and ligand rescue	CD69/CD137, T-cell effector program and tumor-cell killing	non-targeting guide plus untreated/irrelevant control	receptor-deficient T cells or matched source-cell control	SUPPORTED	SUPPORTED	PARTIALLY_SUPPORTED	SUPPORTED	PARTIALLY_SUPPORTED	MISSING	MISSING	temporal/spatial/perturbational evidence missing	INVALID_AS_LIGAND_RECEPTOR	METABOLIC_ENZYME	UNKNOWN_UNVALIDATED		False	18	INVALID_AS_LIGAND_RECEPTOR	METABOLIC_ENZYME	UNKNOWN_UNVALIDATED	ASSOCIATIVE_ONLY	INSUFFICIENT		INVALID_AS_LIGAND_RECEPTOR	exclude from LR ranking; retain appropriate intrinsic interpretation
fibroblast	Ccl11	Ccr3	CD4	34	0.4917875104089056	0.0316395014381591	0.33414820473644	0.6315142013982823	-0.5676088617265087	0.0681333722380128	1.1916358	0.0003480663739111	0.7998078	0.0544333111487331	False	ADT-supported	0.16707410236822	0.3319072666666666	0.1247393748695707	1.0	0.2664006274694578	Tier 3 — exploratory	3.0			0.0	0.2131205019755662	fibroblast → Ccl11 → Ccr3 → CD4 activation-associated program	CORRELATIONAL	Perturb ligand in fibroblast and independently KO/CRISPRi receptor in target T cells	Increase ligand exposure or expression, with receptor-deficient T cells as specificity control	0.80×animal-level interaction score + 0.20×(1−LIANA magnitude rank)	-1.503146413675461	0.7448947530985198	9.0	4.0	0.0	0.8592006085325994	False	ordered cross-sectional support only	fibroblast → Ccl11 → Ccr3 → CD4	extracellular	cell-cell / extracellular signal	fibroblast	CD4	0.2131205019755662	0.0681333722380128	0.6176470588235294	21.0	13.0	34	False	True	False	True	True	HIGH																			False	True	True	NOT_ASSESSED	0				No external perturbational dataset integrated	NOT_ASSESSED	LR|fibroblast|Ccl11	LR|fibroblast|Ccl11	ligand_receptor	ligand	1.0	0.1166640115271427	1.0	0.5	0.0	0.0	1.0	0.0	1.0	0.5	LR|fibroblast|Ccl11	candidate family retained; no additional grouping without pathway evidence	shared source and ligand for interaction candidates; same regulator for intrinsic candidates	MODERATE	34.0	21.0	13.0	0.6176470588235294	0.0	75.5	59.0	93.0	0.1848151848151848	0.3392331352857668	0.905	within-candidate mouse-effect sign permutation	0.0	0.0	0.8151848151848152		0.0	False	0.5359874022259965	0.0833333333333333	0.0833333333333333	0.0097220009605952	0.0	0.0833333333333333	0.0	0.0	0.0833333333333333	0.0	0.0679320679320679	0.0416666666666666	0.0833333333333333	0.0	False	2	ASSOCIATION_ONLY	Test necessity and sufficiency; Phase 1 is associative.	source-cell ligand knockdown plus T-cell receptor CRISPRi and ligand rescue	CD69/CD137, T-cell effector program and tumor-cell killing	non-targeting guide plus untreated/irrelevant control	receptor-deficient T cells or matched source-cell control	SUPPORTED	SUPPORTED	PARTIALLY_SUPPORTED	PARTIALLY_SUPPORTED	PARTIALLY_SUPPORTED	MISSING	MISSING	temporal/spatial/perturbational evidence missing	VALID_FOR_HYPOTHESIS	VALID_CANONICAL_LIGAND_RECEPTOR	VALID_CANONICAL_LIGAND_RECEPTOR		True	19	VALID_FOR_HYPOTHESIS	VALID_CANONICAL_LIGAND_RECEPTOR	VALID_CANONICAL_LIGAND_RECEPTOR	ASSOCIATIVE_ONLY	SUPPORTED_AS_HYPOTHESIS		VALID_FOR_HYPOTHESIS	retain as hypothesis
neutrophil	Hdc	Hrh1	CD8	19	0.7945707470527734	0.0002548095298764	0.7578947368421053	0.0439502610526744	-0.4508771929824561	0.4996936315878373	0.0	1.0	0.0	1.0	False	RNA-supported	0.3789473684210526	0.0	0.0142289914790216	1.0	0.1854773772431727	Tier 3 — exploratory	3.0			0.0	0.1483819017945381	neutrophil → Hdc → Hrh1 → CD8 activation-associated program	CORRELATIONAL	Perturb ligand in neutrophil and independently KO/CRISPRi receptor in target T cells	Increase ligand exposure or expression, with receptor-deficient T cells as specificity control	0.80×animal-level interaction score + 0.20×(1−LIANA magnitude rank)	0.0972102571465895	0.6570621287717398	9.0	6.0	0.0	0.8046695441735882	False	ordered cross-sectional support only	neutrophil → Hdc → Hrh1 → CD8	extracellular	cell-cell / extracellular signal	neutrophil	CD8	0.1483819017945381	0.0439502610526744	0.7894736842105263	15.0	4.0	19	True	False	False	True	True	HIGH																			False	True	True	NOT_ASSESSED	0				No external perturbational dataset integrated	NOT_ASSESSED	LR|neutrophil|Hdc	LR|neutrophil|Hdc	ligand_receptor	ligand	0.7801460304526553	0.1357038540990681	1.0	0.5	0.0	1.0	0.0	0.0	1.0	0.5714285714285714	LR|neutrophil|Hdc	candidate family retained; no additional grouping without pathway evidence	shared source and ligand for interaction candidates; same regulator for intrinsic candidates	MODERATE	19.0	15.0	4.0	0.7894736842105263	0.0	75.0	39.0	84.0	0.0079920079920079	0.0239760239760239	1.0	within-candidate mouse-effect sign permutation	0.0	0.0	0.992007992007992		0.0	False	0.5339881563799763	0.0833333333333333	0.0650121692043879	0.0113086545082556	0.0833333333333333	0.0	0.0	0.0	0.0833333333333333	0.0	0.0826673326673326	0.0416666666666666	0.0833333333333333	0.0	False	2	ASSOCIATION_ONLY	Test necessity and sufficiency; Phase 1 is associative.	source-cell ligand knockdown plus T-cell receptor CRISPRi and ligand rescue	CD69/CD137, T-cell effector program and tumor-cell killing	non-targeting guide plus untreated/irrelevant control	receptor-deficient T cells or matched source-cell control	SUPPORTED	SUPPORTED	PARTIALLY_SUPPORTED	SUPPORTED	PARTIALLY_SUPPORTED	MISSING	MISSING	temporal/spatial/perturbational evidence missing	INVALID_AS_LIGAND_RECEPTOR	METABOLIC_ENZYME	UNKNOWN_UNVALIDATED		False	20	INVALID_AS_LIGAND_RECEPTOR	METABOLIC_ENZYME	UNKNOWN_UNVALIDATED	ASSOCIATIVE_ONLY	INSUFFICIENT		INVALID_AS_LIGAND_RECEPTOR	exclude from LR ranking; retain appropriate intrinsic interpretation
