protein	lineage	selector	n_paired_mice	median_paired_CLR_difference	direction_consistency	pvalue	FDR	excluded_selector_protein	eligible_discovery_result
anti-mouse CD54	CD4	ADT_activation	47	0.7929346561431885	0.9787234042553191	2.5572637341042537e-09	2.7490585141620727e-08	False	True
anti-mouse CD73	CD4	ADT_activation	47	-0.3827037215232849	0.02127659574468085	2.5572637341042537e-09	2.7490585141620727e-08	False	True
anti-mouse CD49d	CD4	ADT_activation	47	-0.35058438777923584	0.0	2.3968314000200053e-09	2.7490585141620727e-08	False	True
anti-mouse CD25	CD4	ADT_activation	47	1.1837000846862793	1.0	2.3968314000200053e-09	2.7490585141620727e-08	True	False
anti-mouse CD357 (GITR)	CD4	ADT_activation	47	0.7750684022903442	0.9787234042553191	2.5572637341042537e-09	2.7490585141620727e-08	False	True
anti-mouse CD137	CD4	ADT_activation	47	0.8012267351150513	1.0	2.3968314000200053e-09	2.7490585141620727e-08	True	False
anti-mouse CD134 (OX-40)	CD4	ADT_activation	47	0.7397613525390625	1.0	2.3968314000200053e-09	2.7490585141620727e-08	True	False
anti-mouse CD69	CD4	ADT_activation	47	0.596459150314331	1.0	2.3968314000200053e-09	2.7490585141620727e-08	True	False
anti-mouse CD71	CD4	ADT_activation	47	0.9251742362976074	1.0	2.3968314000200053e-09	2.7490585141620727e-08	True	False
anti-mouse CD36	CD4	ADT_activation	47	-0.16146644949913025	0.0	2.3968314000200053e-09	2.7490585141620727e-08	False	True
anti-mouse CD120b (TNF R Type II/p75)	CD4	ADT_activation	47	0.3954455554485321	1.0	2.3968314000200053e-09	2.7490585141620727e-08	False	True
anti-mouse CD31	CD4	ADT_activation	47	-0.35859039425849915	0.02127659574468085	2.5572637341042537e-09	2.7490585141620727e-08	False	True
anti-mouse CD55 (DAF)	CD4	ADT_activation	47	-0.43964827060699463	0.0425531914893617	2.910100160846696e-09	2.8599865666199623e-08	False	True
anti-mouse CD226 (DNAM-1)	CD4	ADT_activation	47	-0.586675763130188	0.0425531914893617	3.1038613901301915e-09	2.8599865666199623e-08	False	True
anti-mouse/human KLRG1 (MAFA)	CD4	ADT_activation	47	0.722830057144165	0.9361702127659575	3.763588996008593e-09	3.2366865365673905e-08	False	True
anti-mouse CD90.2	CD4	ADT_activation	47	-0.2978370189666748	0.0425531914893617	6.67025146228184e-09	5.3778902414647334e-08	False	True
anti-mouse CD26 (DPP-4)	CD4	ADT_activation	47	-0.1878657042980194	0.10638297872340426	8.056291633806723e-09	6.113303651535689e-08	False	True
anti-mouse TCR  chain	CD4	ADT_activation	47	-0.2116813361644745	0.10638297872340426	1.0346576040376476e-08	7.415046162269807e-08	False	True
Armenian Hamster IgG Isotype Ctrl	CD4	ADT_activation	47	-0.1717008352279663	0.0851063829787234	1.4110939083877838e-08	9.580584956948636e-08	False	True
anti-mouse CD93 (AA4.1, early B lineage)	CD4	ADT_activation	47	-0.20281195640563965	0.02127659574468085	1.5009515408337393e-08	9.681137438377619e-08	False	True
anti-mouse Ly-6C	CD4	ADT_activation	47	-0.19853508472442627	0.10638297872340426	2.0403598810503354e-08	1.25336392693092e-07	False	True
anti-human/mouse integrin 7	CD4	ADT_activation	47	0.3804895579814911	0.8936170212765957	2.9386834299316433e-08	1.648218097657313e-07	False	True
anti-mouse Tim-4	CD4	ADT_activation	47	-0.1706557273864746	0.0851063829787234	2.9386834299316433e-08	1.648218097657313e-07	False	True
anti-mouse CD127 (IL-7R)	CD4	ADT_activation	47	-0.2775160074234009	0.14893617021276595	3.315813756898933e-08	1.7822498943331766e-07	False	True
anti-mouse/rat CD29	CD4	ADT_activation	47	-0.20123255252838135	0.0851063829787234	3.5215776961194933e-08	1.8171340911976584e-07	False	True
anti-mouse CD19	CD4	ADT_activation	47	-0.1791844367980957	0.0851063829787234	3.970917461515455e-08	1.9701859712903604e-07	False	True
Mouse IgG2b,  isotype Ctrl	CD4	ADT_activation	47	-0.15185070037841797	0.06382978723404255	4.4756422568070775e-08	2.1383624115856037e-07	False	True
anti-mouse CD103	CD4	ADT_activation	47	0.4232003688812256	0.9361702127659575	5.042324602300141e-08	2.3230709774882795e-07	False	True
anti-human/mouse CD49f	CD4	ADT_activation	47	-0.17426541447639465	0.1276595744680851	5.351149212629025e-08	2.3803387876867042e-07	False	True
Mouse IgG1,  isotype Ctrl	CD4	ADT_activation	47	-0.11604011058807373	0.10638297872340426	6.02474869992875e-08	2.507072846099383e-07	False	True
anti-mouse CD371 (CLEC12A)	CD4	ADT_activation	47	-0.1395472288131714	0.10638297872340426	6.02474869992875e-08	2.507072846099383e-07	False	True
anti-mouse Ly-6A/E (Sca-1)	CD4	ADT_activation	47	0.390838623046875	0.8936170212765957	9.09226613998726e-08	3.665319787682364e-07	False	True
anti-mouse CD23	CD4	ADT_activation	47	-0.17533695697784424	0.0851063829787234	1.0828379970462265e-07	4.2329121702716127e-07	False	True
Rat IgG2b,  Isotype Ctrl	CD4	ADT_activation	47	-0.14667904376983643	0.06382978723404255	1.5313415246964723e-07	5.81008990252485e-07	False	True
anti-mouse CD51	CD4	ADT_activation	47	0.21405017375946045	0.851063829787234	3.201481888481794e-07	1.17997475318329e-06	False	True
anti-mouse CD11a	CD4	ADT_activation	47	-0.14626264572143555	0.1702127659574468	3.785573596815084e-07	1.356497205525405e-06	False	True
anti-mouse Ly49D	CD4	ADT_activation	47	-0.16548454761505127	0.10638297872340426	4.994473670194566e-07	1.7413164958245918e-06	False	True
anti-mouse CD45.2	CD4	ADT_activation	47	0.16096144914627075	0.8297872340425532	6.571602284566325e-07	2.2308860387080417e-06	False	True
anti-mouse CD2	CD4	ADT_activation	47	0.28094005584716797	0.8936170212765957	7.328478659474058e-07	2.424035248902958e-06	False	True
anti-mouse CD115 (CSF-1R)	CD4	ADT_activation	47	-0.1701831817626953	0.14893617021276595	1.0696338677007589e-06	3.4495692233349476e-06	False	True
anti-mouse CD22	CD4	ADT_activation	47	-0.15769684314727783	0.1702127659574468	1.3967752465759986e-06	4.290095400197709e-06	False	True
anti-mouse Ly-49A	CD4	ADT_activation	47	-0.14754819869995117	0.1276595744680851	1.3967752465759986e-06	4.290095400197709e-06	False	True
Rat IgG2c,  Isotype Ctrl	CD4	ADT_activation	47	-0.14145231246948242	0.10638297872340426	1.552939693283406e-06	4.658819079850218e-06	False	True
anti-mouse/rat CD61	CD4	ADT_activation	47	0.1993594467639923	0.8085106382978723	1.725817810438457e-06	5.0597840351491126e-06	False	True
anti-mouse VISTA (PD-1H)	CD4	ADT_activation	47	0.07482612133026123	0.8297872340425532	1.8190481796409586e-06	5.214604781637415e-06	False	True
Rat IgG1,  Isotype Ctrl	CD4	ADT_activation	47	-0.12591087818145752	0.10638297872340426	1.9171079657098744e-06	5.2618495229058255e-06	False	True
anti-mouse/rat CD81	CD4	ADT_activation	47	0.16558480262756348	0.8085106382978723	1.9171079657098744e-06	5.2618495229058255e-06	False	True
anti-mouse CD150 (SLAM)	CD4	ADT_activation	47	0.1456775665283203	0.851063829787234	2.020240344791091e-06	5.429395926626057e-06	False	True
anti-mouse CD45.1	CD4	ADT_activation	47	-0.1229943037033081	0.14893617021276595	2.3625932499271585e-06	6.21988835184905e-06	False	True
anti-mouse CD200R (OX2R)	CD4	ADT_activation	47	0.11953800916671753	0.8085106382978723	3.391430027477327e-06	8.749889470891503e-06	False	True
Mouse IgG2a,  isotype Ctrl	CD4	ADT_activation	47	-0.13488757610321045	0.1702127659574468	4.6038549044169486e-06	1.1421101589803584e-05	False	True
Rat IgG2a,  Isotype Ctrl	CD4	ADT_activation	47	-0.10353755950927734	0.10638297872340426	4.6038549044169486e-06	1.1421101589803584e-05	False	True
anti-mouse CD11c	CD4	ADT_activation	47	-0.11253905296325684	0.14893617021276595	5.093235358799575e-06	1.2167173357132317e-05	False	True
anti-mouse CD79b (Ig)	CD4	ADT_activation	47	-0.13187068700790405	0.2127659574468085	5.093235358799575e-06	1.2167173357132317e-05	False	True
anti-mouse CD38	CD4	ADT_activation	47	0.14037734270095825	0.7659574468085106	5.356228939490393e-06	1.2562791512622922e-05	False	True
anti-mouse CD200 (OX2)	CD4	ADT_activation	47	0.13527727127075195	0.851063829787234	7.5964449024468195e-06	1.7498953435993568e-05	False	True
anti-mouse CD21/CD35 (CR2/CR1)	CD4	ADT_activation	47	-0.14602738618850708	0.14893617021276595	8.809378414298408e-06	1.9937014306043765e-05	False	True
anti-mouse CD24	CD4	ADT_activation	47	-0.1522066593170166	0.1702127659574468	9.718561159388628e-06	2.1615420509674704e-05	False	True
anti-mouse CD45	CD4	ADT_activation	47	0.17266464233398438	0.8936170212765957	1.0716967153712176e-05	2.3041479380481178e-05	False	True
anti-mouse CD49b	CD4	ADT_activation	47	-0.17870399355888367	0.2127659574468085	1.0716967153712176e-05	2.3041479380481178e-05	False	True
anti-mouse TER-119/Erythroid Cells	CD4	ADT_activation	47	-0.13131284713745117	0.1702127659574468	1.2400129890011158e-05	2.6223225505105562e-05	False	True
anti-mouse CD3	CD4	ADT_activation	47	-0.0771334171295166	0.23404255319148937	1.301519569096854e-05	2.7080003937660346e-05	False	True
anti-mouse CD5	CD4	ADT_activation	47	0.2783639430999756	0.8085106382978723	1.7362850485369563e-05	3.5552503374804344e-05	False	True
anti-mouse CD63	CD4	ADT_activation	47	0.10625992715358734	0.8085106382978723	2.3073464035405777e-05	4.579195170103608e-05	False	True
anti-mouse CD270 (HVEM)	CD4	ADT_activation	47	-0.09963014721870422	0.2127659574468085	2.3073464035405777e-05	4.579195170103608e-05	False	True
anti-mouse IL-33R (IL1RL1, ST2)	CD4	ADT_activation	47	0.0956166684627533	0.7872340425531915	3.199403727194294e-05	6.253380012243393e-05	False	True
anti-mouse CD160	CD4	ADT_activation	47	-0.08035778999328613	0.2127659574468085	3.350904808030464e-05	6.451742093073579e-05	False	True
anti-mouse/human CD45R/B220	CD4	ADT_activation	47	-0.1519538164138794	0.1702127659574468	3.5092114558210596e-05	6.466975397155953e-05	False	True
anti-mouse CD200R3	CD4	ADT_activation	47	-0.09887245297431946	0.19148936170212766	3.5092114558210596e-05	6.466975397155953e-05	False	True
anti-mouse Ly108	CD4	ADT_activation	47	-0.10261370986700058	0.2978723404255319	3.5092114558210596e-05	6.466975397155953e-05	False	True
anti-mouse CD68	CD4	ADT_activation	47	-0.12097105383872986	0.1702127659574468	3.6745957913808525e-05	6.583650792890694e-05	False	True
anti-mouse CD94	CD4	ADT_activation	47	-0.20016741752624512	0.1702127659574468	3.6745957913808525e-05	6.583650792890694e-05	False	True
anti-mouse CD205 (DEC-205)	CD4	ADT_activation	47	-0.1090613603591919	0.2978723404255319	5.0572227337397635e-05	8.936736063731911e-05	False	True
Rat IgG1,  isotype Ctrl	CD4	ADT_activation	47	-0.11127591133117676	0.19148936170212766	5.2910349040757865e-05	9.100580035010352e-05	False	True
anti-mouse CD186 (CXCR6)	CD4	ADT_activation	47	-0.24805313348770142	0.19148936170212766	5.2910349040757865e-05	9.100580035010352e-05	False	True
anti-mouse JAML	CD4	ADT_activation	47	-0.1070636510848999	0.2127659574468085	5.78974504605867e-05	9.827330407125899e-05	False	True
anti-mouse CD301a	CD4	ADT_activation	47	-0.13212180137634277	0.2765957446808511	6.33275558357127e-05	0.00010609421691957063	False	True
anti-mouse CD102	CD4	ADT_activation	47	-0.11574789881706238	0.2127659574468085	7.238431862788275e-05	0.0001197125269614984	False	True
anti-mouse CD107a (LAMP-1)	CD4	ADT_activation	47	0.10860049724578857	0.7021276595744681	8.637704013381153e-05	0.00014104605287673023	False	True
anti-mouse CD4	CD4	ADT_activation	47	-0.17248868942260742	0.2127659574468085	9.02549727470614e-05	0.0001455361435546365	False	True
anti-mouse CD49a	CD4	ADT_activation	47	-0.13222485780715942	0.2553191489361702	0.00010289906640537083	0.00016387629094188688	False	True
anti-mouse CD366 (Tim-3)	CD4	ADT_activation	47	0.09283870458602905	0.8085106382978723	0.00011720221664290875	0.00018437909691384425	False	True
anti-mouse PIR-A/B	CD4	ADT_activation	47	-0.09730750322341919	0.2127659574468085	0.00017219193978235126	0.0002676236172520881	False	True
anti-mouse F4/80	CD4	ADT_activation	47	-0.07580682635307312	0.23404255319148937	0.0001873410801636055	0.00028101162024540827	False	True
anti-mouse TCR /	CD4	ADT_activation	47	-0.08437120914459229	0.2553191489361702	0.0001873410801636055	0.00028101162024540827	False	True
anti-mouse IgD	CD4	ADT_activation	47	-0.10501754283905029	0.2127659574468085	0.0001873410801636055	0.00028101162024540827	False	True
anti-mouse CD163	CD4	ADT_activation	47	-0.10203713178634644	0.23404255319148937	0.00019537733169272542	0.00028640540668592706	False	True
anti-mouse CD159a (NKG2AB6)	CD4	ADT_activation	47	-0.09618112444877625	0.2978723404255319	0.00019537733169272542	0.00028640540668592706	False	True
anti-mouse CD138 (Syndecan-1)	CD4	ADT_activation	47	-0.06337829679250717	0.19148936170212766	0.00023087523004505783	0.0003346393783799153	False	True
anti-mouse CD272 (BTLA)	CD4	ADT_activation	47	-0.10385775566101074	0.2978723404255319	0.00024065120669547468	0.0003449333962635137	False	True
anti-mouse/human CD44	CD4	ADT_activation	47	0.10026752948760986	0.7446808510638298	0.00025081454077735543	0.00035555028307998734	False	True
anti-mouse I-A/I-E	CD4	ADT_activation	47	0.1052519679069519	0.7021276595744681	0.00037711006007157266	0.0005287738885786182	False	True
anti-mouse IgM	CD4	ADT_activation	47	-0.08252963423728943	0.2127659574468085	0.00040863867616280913	0.0005668213895161547	False	True
anti-mouse/human CD11b	CD4	ADT_activation	47	-0.11441516876220703	0.19148936170212766	0.0004426164960023016	0.0006074205104712437	False	True
anti-mouse/rat/human CD27	CD4	ADT_activation	47	0.13562911748886108	0.723404255319149	0.0005394421168603003	0.0007325056113155657	False	True
anti-mouse CD48	CD4	ADT_activation	47	-0.08615326881408691	0.2978723404255319	0.0006066596251912415	0.0008151988713507308	False	True
anti-mouse NK-1.1	CD4	ADT_activation	47	-0.09680801630020142	0.3404255319148936	0.0006557172746397555	0.0008720363755518398	False	True
anti-mouse CD279 (PD-1)	CD4	ADT_activation	47	0.13906052708625793	0.6382978723404256	0.001075904699973762	0.0014162419009858705	False	True
anti-mouse CD8a	CD4	ADT_activation	47	-0.14643950760364532	0.2553191489361702	0.0013440983602777123	0.001751400893695201	False	True
anti-mouse CD169/Siglec-1	CD4	ADT_activation	47	-0.0750754177570343	0.2553191489361702	0.0019314702367410064	0.002491596605395898	False	True
anti-mouse FcRI	CD4	ADT_activation	47	-0.08576792478561401	0.2553191489361702	0.0022263838909566402	0.002843599227063432	False	True
anti-mouse CD62L	CD4	ADT_activation	47	-0.06356501579284668	0.23404255319148937	0.005211045034229755	0.006590439307996456	False	True
anti-mouse CD106	CD4	ADT_activation	47	-0.05473168566823006	0.2978723404255319	0.005562315229326487	0.006966394801777833	False	True
anti-mouse Ly49H	CD4	ADT_activation	47	-0.06729084253311157	0.2978723404255319	0.007659911643713713	0.00950123655806797	False	True
anti-mouse CD301b	CD4	ADT_activation	47	-0.06989933550357819	0.3404255319148936	0.010440670885145664	0.01282710994460753	False	True
anti-mouse CD199 (CCR9)	CD4	ADT_activation	47	-0.03437432646751404	0.2765957446808511	0.017266379669308662	0.021012858276800165	False	True
anti-mouse CD40	CD4	ADT_activation	47	-0.047237396240234375	0.3191489361702128	0.018811821937561035	0.022679673177059566	False	True
anti-mouse CX3CR1	CD4	ADT_activation	47	-0.05077002942562103	0.3191489361702128	0.021059809252619743	0.02515477216285136	False	True
anti-mouse CD223 (LAG-3)	CD4	ADT_activation	47	0.04715267941355705	0.5957446808510638	0.02165711671113968	0.025630899593917605	False	True
anti-mouse CD41	CD4	ADT_activation	47	-0.03200317919254303	0.3404255319148936	0.02226911671459675	0.02611560051075437	False	True
anti-mouse CD43	CD4	ADT_activation	47	-0.06779670715332031	0.3829787234042553	0.025559792295098305	0.02970462347808722	False	True
anti-mouse/rat XCR1	CD4	ADT_activation	47	-0.05136912688612938	0.3617021276595745	0.02848750911653042	0.03281150603600379	False	True
anti-mouse CD317 (BST2, PDCA-1)	CD4	ADT_activation	47	0.03940129280090332	0.6808510638297872	0.03254955634474754	0.037158343083826845	False	True
anti-mouse CD8b (Ly-3)	CD4	ADT_activation	47	-0.0830487608909607	0.3617021276595745	0.0334189273416996	0.03781615462350218	False	True
anti-mouse CD185 (CXCR5)	CD4	ADT_activation	47	-0.05666995048522949	0.3404255319148936	0.04007852450013161	0.044957649221886754	False	True
anti-mouse Ly-6G	CD4	ADT_activation	47	-0.029295802116394043	0.3829787234042553	0.06557825207710266	0.07292753894781244	False	True
anti-mouse CD170 (Siglec-F)	CD4	ADT_activation	47	-0.03885841369628906	0.3404255319148936	0.06873902678489685	0.0757891833782196	False	True
anti-mouse Siglec H	CD4	ADT_activation	47	-0.019879400730133057	0.3829787234042553	0.07371395081281662	0.07990840046095248	False	True
anti-mouse CD9	CD4	ADT_activation	47	-0.0474712997674942	0.425531914893617	0.07371395081281662	0.07990840046095248	False	True
anti-mouse CD20	CD4	ADT_activation	47	-0.039490461349487305	0.3404255319148936	0.08080121129751205	0.08686130214482546	False	True
anti-mouse CD85k (gp49 Receptor)	CD4	ADT_activation	47	-0.050928354263305664	0.3829787234042553	0.10095640271902084	0.10763120620457595	False	True
anti-mouse CD86	CD4	ADT_activation	47	0.04701390862464905	0.6170212765957447	0.2401469498872757	0.25392587324146365	False	True
anti-mouse CD274 (B7-H1, PD-L1)	CD4	ADT_activation	47	0.017156124114990234	0.5531914893617021	0.2575121223926544	0.2678956757149389	False	True
anti-mouse CD172a (SIRP)	CD4	ADT_activation	47	-0.039288461208343506	0.3617021276595745	0.2575121223926544	0.2678956757149389	False	True
anti-mouse CD1d (CD1.1, Ly-38)	CD4	ADT_activation	47	0.035723935812711716	0.574468085106383	0.3740561306476593	0.38602592682838444	False	True
anti-mouse CD155 (PVR)	CD4	ADT_activation	47	0.0088004469871521	0.5106382978723404	0.504979133605957	0.5170024463108608	False	True
anti-mouse CD304 (Neuropilin-1)	CD4	ADT_activation	47	-0.003951907157897949	0.44680851063829785	0.5463869571685791	0.5549914761791079	False	True
anti-mouse CD64 (FcRI)	CD4	ADT_activation	47	-0.0025916248559951782	0.48936170212765956	0.7508909702301025	0.7567573059350252	False	True
anti-mouse CD83	CD4	ADT_activation	47	-0.0041738152503967285	0.46808510638297873	0.9578030109405518	0.9578030109405518	False	True
anti-mouse CD103	CD4	RNA_activation	47	0.5891233086585999	0.9787234042553191	3.5298000078398672e-09	4.553442010113429e-07	False	True
anti-mouse/human CD44	CD4	RNA_activation	47	0.24507129192352295	0.8936170212765957	1.5009515408337393e-08	6.864316777210888e-07	False	True
anti-human/mouse integrin 7	CD4	RNA_activation	47	0.4793022871017456	0.9361702127659575	1.596352738886253e-08	6.864316777210888e-07	False	True
anti-mouse CD62L	CD4	RNA_activation	47	-0.1386113166809082	0.10638297872340426	4.215968374410295e-08	1.3596498007473201e-06	False	True
anti-mouse CD69	CD4	RNA_activation	47	0.14883434772491455	0.8723404255319149	1.9251670835274126e-07	4.966931075500724e-06	False	True
anti-mouse IL-33R (IL1RL1, ST2)	CD4	RNA_activation	47	0.1169598251581192	0.851063829787234	4.471852719234448e-07	9.614483346354064e-06	False	True
anti-mouse CD120b (TNF R Type II/p75)	CD4	RNA_activation	47	-0.14786264300346375	0.1276595744680851	8.1690086517483e-07	1.5054315943936153e-05	False	True
anti-mouse CD49d	CD4	RNA_activation	47	-0.1305217146873474	0.14893617021276595	1.3244713272797526e-06	2.135710015238601e-05	False	True
anti-mouse CD205 (DEC-205)	CD4	RNA_activation	47	-0.11807137727737427	0.1702127659574468	1.725817810438457e-06	2.4736721949617884e-05	False	True
anti-mouse TCR  chain	CD4	RNA_activation	47	-0.13763785362243652	0.19148936170212766	7.981816452229396e-06	9.360493839432655e-05	False	True
anti-mouse CD3	CD4	RNA_activation	47	-0.08231961727142334	0.1702127659574468	7.981816452229396e-06	9.360493839432655e-05	False	True
anti-mouse CD2	CD4	RNA_activation	47	0.12537670135498047	0.7872340425531915	9.253317330149002e-06	9.947316129910178e-05	False	True
anti-mouse Ly108	CD4	RNA_activation	47	-0.1270580291748047	0.19148936170212766	1.6552949091419578e-05	0.00016425618713793272	False	True
anti-mouse/human KLRG1 (MAFA)	CD4	RNA_activation	47	0.1885906457901001	0.723404255319149	2.782979754556436e-05	0.0002564317059555573	False	True
anti-mouse CD137	CD4	RNA_activation	47	0.08321875333786011	0.7659574468085106	3.5092114558210596e-05	0.00026628722223583334	False	True
anti-mouse CD200R (OX2R)	CD4	RNA_activation	47	0.08871912956237793	0.8297872340425532	3.5092114558210596e-05	0.00026628722223583334	False	True
anti-mouse CD159a (NKG2AB6)	CD4	RNA_activation	47	-0.07770732045173645	0.23404255319148937	3.5092114558210596e-05	0.00026628722223583334	False	True
anti-mouse CD279 (PD-1)	CD4	RNA_activation	47	-0.13785646855831146	0.19148936170212766	4.413133137859404e-05	0.00028464708739193154	False	True
anti-mouse CD127 (IL-7R)	CD4	RNA_activation	47	0.046924710273742676	0.7659574468085106	4.216303932480514e-05	0.00028464708739193154	False	True
anti-mouse CD150 (SLAM)	CD4	RNA_activation	47	0.09131264686584473	0.7872340425531915	4.413133137859404e-05	0.00028464708739193154	False	True
anti-mouse CD270 (HVEM)	CD4	RNA_activation	47	-0.07057303190231323	0.2127659574468085	5.5350770708173513e-05	0.00034001187720735155	False	True
anti-mouse CD23	CD4	RNA_activation	47	-0.08484363555908203	0.2553191489361702	7.238431862788275e-05	0.0004244353228634943	False	True
anti-mouse CD48	CD4	RNA_activation	47	0.07289624214172363	0.7659574468085106	0.00010289906640537083	0.0005771295463605582	False	True
Mouse IgG2b,  isotype Ctrl	CD4	RNA_activation	47	-0.06484627723693848	0.2765957446808511	0.00011720221664290875	0.0006299619144556345	False	True
anti-mouse CD20	CD4	RNA_activation	47	-0.03501713275909424	0.23404255319148937	0.00017961648700293154	0.0009268210729351267	False	True
anti-mouse CD272 (BTLA)	CD4	RNA_activation	47	-0.09271067380905151	0.19148936170212766	0.0002124311140505597	0.0010539851427893154	False	True
anti-mouse Ly-6C	CD4	RNA_activation	47	-0.07073891162872314	0.2553191489361702	0.00026137937675230205	0.0012488125778165541	False	True
anti-mouse CD25	CD4	RNA_activation	47	0.0921105146408081	0.7446808510638298	0.00032075526542030275	0.001436429942259565	False	True
anti-mouse CD49b	CD4	RNA_activation	47	0.15036097168922424	0.7021276595744681	0.0003340534749440849	0.001436429942259565	False	True
anti-mouse/rat CD61	CD4	RNA_activation	47	0.10979175567626953	0.7021276595744681	0.0003340534749440849	0.001436429942259565	False	True
Mouse IgG2a,  isotype Ctrl	CD4	RNA_activation	47	-0.07435929775238037	0.3191489361702128	0.00036221242044121027	0.00150727103990052	False	True
anti-mouse CD54	CD4	RNA_activation	47	0.12968897819519043	0.723404255319149	0.0005186244379729033	0.0020907047655782662	False	True
anti-mouse CD11c	CD4	RNA_activation	47	-0.06390619277954102	0.3191489361702128	0.0007084427052177489	0.002769366938578473	False	True
anti-mouse CD79b (Ig)	CD4	RNA_activation	47	-0.06979382038116455	0.2765957446808511	0.0008259106543846428	0.003133602188694674	False	True
anti-mouse CD4	CD4	RNA_activation	47	-0.09209644794464111	0.23404255319148937	0.0008579767891205847	0.0031622573084730127	False	True
anti-mouse CD71	CD4	RNA_activation	47	-0.06430646777153015	0.2553191489361702	0.000891194969881326	0.003193448642074751	False	True
anti-mouse CD51	CD4	RNA_activation	47	0.13793674111366272	0.7021276595744681	0.001036345842294395	0.0036132057744858634	False	True
Rat IgG1,  isotype Ctrl	CD4	RNA_activation	47	-0.03258150815963745	0.3191489361702128	0.0012954935664311051	0.004397859738674015	False	True
anti-mouse CD200 (OX2)	CD4	RNA_activation	47	-0.07423186302185059	0.3404255319148936	0.0013440983602777123	0.004445863807072434	False	True
anti-mouse CD199 (CCR9)	CD4	RNA_activation	47	-0.05925863981246948	0.2765957446808511	0.001446391106583178	0.004664611318730749	False	True
anti-mouse CD226 (DNAM-1)	CD4	RNA_activation	47	0.05586293339729309	0.6808510638297872	0.0029434137977659702	0.009260984875897809	False	True
anti-mouse CD223 (LAG-3)	CD4	RNA_activation	47	-0.046129122376441956	0.2978723404255319	0.0031529157422482967	0.00968395549404834	False	True
anti-mouse CD8b (Ly-3)	CD4	RNA_activation	47	-0.08380067348480225	0.3191489361702128	0.0034927313681691885	0.010478194104507565	False	True
anti-mouse CD38	CD4	RNA_activation	47	0.06333786249160767	0.6595744680851063	0.0044188774190843105	0.012955345160497183	False	True
Rat IgG2b,  Isotype Ctrl	CD4	RNA_activation	47	-0.04236781597137451	0.3191489361702128	0.00472162663936615	0.013535329699516296	False	True
anti-mouse CD8a	CD4	RNA_activation	47	-0.053552210330963135	0.2978723404255319	0.005562315229326487	0.015598666621372102	False	True
anti-mouse IgD	CD4	RNA_activation	47	-0.04962855577468872	0.3191489361702128	0.006329649593681097	0.01737286803372046	False	True
anti-mouse CD155 (PVR)	CD4	RNA_activation	47	-0.05414259433746338	0.2978723404255319	0.006535801570862532	0.017564966721693054	False	True
anti-mouse CD26 (DPP-4)	CD4	RNA_activation	47	-0.042155057191848755	0.3617021276595745	0.006966313347220421	0.01833988615900886	False	True
anti-mouse Tim-4	CD4	RNA_activation	47	-0.03589129447937012	0.2765957446808511	0.007904507219791412	0.020393628627061844	False	True
anti-mouse Ly-6G	CD4	RNA_activation	47	-0.04102593660354614	0.3617021276595745	0.008414780721068382	0.021284445353290615	False	True
anti-mouse CX3CR1	CD4	RNA_activation	47	-0.02226082980632782	0.2978723404255319	0.009821628220379353	0.024365193085171856	False	True
anti-mouse CD45.1	CD4	RNA_activation	47	-0.03911423683166504	0.3191489361702128	0.010126939043402672	0.024648587482998956	False	True
anti-mouse/rat/human CD27	CD4	RNA_activation	47	-0.06029200553894043	0.3617021276595745	0.011434372514486313	0.027315445451272857	False	True
anti-mouse FcRI	CD4	RNA_activation	47	-0.0583038330078125	0.2765957446808511	0.012142645195126534	0.028480022366751324	False	True
anti-mouse I-A/I-E	CD4	RNA_activation	47	0.088807612657547	0.6808510638297872	0.013277982361614704	0.030586780797291015	False	True
anti-mouse CD357 (GITR)	CD4	RNA_activation	47	0.11815667152404785	0.5957446808510638	0.01537961233407259	0.034806491071848494	False	True
anti-mouse CD21/CD35 (CR2/CR1)	CD4	RNA_activation	47	-0.033332765102386475	0.3617021276595745	0.015833452343940735	0.03521578193738543	False	True
Armenian Hamster IgG Isotype Ctrl	CD4	RNA_activation	47	-0.02276134490966797	0.40425531914893614	0.01629902794957161	0.03563685772024979	False	True
anti-mouse CD134 (OX-40)	CD4	RNA_activation	47	0.0344158411026001	0.6382978723404256	0.019353197887539864	0.04160937545821071	False	True
anti-mouse CD22	CD4	RNA_activation	47	-0.04630422592163086	0.3191489361702128	0.021059809252619743	0.04453631792767126	False	True
anti-mouse CD73	CD4	RNA_activation	47	0.10714578628540039	0.7021276595744681	0.022896086797118187	0.04763863220690719	False	True
anti-mouse CD274 (B7-H1, PD-L1)	CD4	RNA_activation	47	0.06328077614307404	0.5957446808510638	0.024196187034249306	0.049544573451081916	False	True
anti-mouse CD94	CD4	RNA_activation	47	-0.039202094078063965	0.3829787234042553	0.026989398524165154	0.05440050640027039	False	True
anti-mouse CD49a	CD4	RNA_activation	47	-0.050584256649017334	0.3404255319148936	0.02848750911653042	0.056536748862037293	False	True
anti-mouse CD93 (AA4.1, early B lineage)	CD4	RNA_activation	47	-0.029132843017578125	0.3191489361702128	0.02926304191350937	0.057195945558222855	False	True
anti-mouse CD163	CD4	RNA_activation	47	-0.03306436538696289	0.40425531914893614	0.03430810570716858	0.06605590501827979	False	True
anti-mouse CD301a	CD4	RNA_activation	47	-0.04506731033325195	0.3191489361702128	0.03709789365530014	0.0703768864931429	False	True
anti-mouse CD11a	CD4	RNA_activation	47	-0.03965115547180176	0.3617021276595745	0.04007852450013161	0.07492941536981128	False	True
anti-mouse Ly49H	CD4	RNA_activation	47	-0.03375330567359924	0.40425531914893614	0.042176488786935806	0.07772524362163885	False	True
anti-mouse CD301b	CD4	RNA_activation	47	-0.030000319704413414	0.3404255319148936	0.04549725353717804	0.08266402403233757	False	True
anti-mouse Siglec H	CD4	RNA_activation	47	-0.015426751226186752	0.3829787234042553	0.04783136397600174	0.08569786045700312	False	True
anti-mouse CD45	CD4	RNA_activation	47	0.034248173236846924	0.6595744680851063	0.06253829598426819	0.11051287920507666	False	True
anti-mouse CD19	CD4	RNA_activation	47	-0.021567344665527344	0.3191489361702128	0.07543628662824631	0.131503796960051	False	True
Mouse IgG1,  isotype Ctrl	CD4	RNA_activation	47	-0.029483437538146973	0.3829787234042553	0.0789794847369194	0.13584471374750137	False	True
anti-mouse IgM	CD4	RNA_activation	47	-0.03320150077342987	0.3617021276595745	0.08454697579145432	0.14350736680391588	False	True
anti-mouse CD1d (CD1.1, Ly-38)	CD4	RNA_activation	47	0.06042508780956268	0.574468085106383	0.09042779356241226	0.1514959138902751	False	True
anti-mouse CD41	CD4	RNA_activation	47	-0.03230440616607666	0.3829787234042553	0.09245968610048294	0.15291409624310642	False	True
anti-mouse CD36	CD4	RNA_activation	47	-0.03266361355781555	0.40425531914893614	0.09452807158231735	0.15389757299864734	False	True
anti-mouse CD68	CD4	RNA_activation	47	-0.02143537998199463	0.46808510638297873	0.09663335978984833	0.15389757299864734	False	True
anti-mouse CD185 (CXCR5)	CD4	RNA_activation	47	-0.0248604416847229	0.40425531914893614	0.09663335978984833	0.15389757299864734	False	True
anti-mouse CD43	CD4	RNA_activation	47	-0.07025694847106934	0.425531914893617	0.11006392538547516	0.1731493460332475	False	True
anti-mouse/rat XCR1	CD4	RNA_activation	47	-0.04378277063369751	0.3829787234042553	0.12234745919704437	0.1901544847761292	False	True
anti-mouse Ly49D	CD4	RNA_activation	47	-0.028395771980285645	0.3617021276595745	0.14131276309490204	0.21701602903859954	False	True
anti-mouse CD90.2	CD4	RNA_activation	47	-0.05316162109375	0.3829787234042553	0.14712665975093842	0.21815332307897767	False	True
anti-mouse/rat CD29	CD4	RNA_activation	47	-0.023600995540618896	0.425531914893617	0.1441972404718399	0.21815332307897767	False	True
anti-mouse CD371 (CLEC12A)	CD4	RNA_activation	47	-0.027366995811462402	0.3829787234042553	0.14712665975093842	0.21815332307897767	False	True
Rat IgG2a,  Isotype Ctrl	CD4	RNA_activation	47	-0.020576000213623047	0.40425531914893614	0.1531217098236084	0.2244625064459714	False	True
anti-mouse CD200R3	CD4	RNA_activation	47	-0.025379151105880737	0.40425531914893614	0.16892054677009583	0.24483989363306025	False	True
anti-mouse TCR /	CD4	RNA_activation	47	-0.04217404127120972	0.3829787234042553	0.18241631984710693	0.26146339178085326	False	True
anti-mouse CD160	CD4	RNA_activation	47	-0.02699100971221924	0.44680851063829785	0.18945682048797607	0.26857065761482324	False	True
anti-mouse/human CD45R/B220	CD4	RNA_activation	47	-0.01226198673248291	0.46808510638297873	0.20793034136295319	0.2875705723699771	False	True
anti-mouse CD172a (SIRP)	CD4	RNA_activation	47	-0.02413463592529297	0.425531914893617	0.20793034136295319	0.2875705723699771	False	True
anti-mouse CD317 (BST2, PDCA-1)	CD4	RNA_activation	47	0.03755638748407364	0.5957446808510638	0.21177677810192108	0.2875705723699771	False	True
anti-mouse JAML	CD4	RNA_activation	47	0.02301931381225586	0.6170212765957447	0.21177677810192108	0.2875705723699771	False	True
anti-mouse CD64 (FcRI)	CD4	RNA_activation	47	-0.03385719656944275	0.425531914893617	0.21567432582378387	0.2898123753257096	False	True
anti-mouse CD63	CD4	RNA_activation	47	-0.00786861777305603	0.425531914893617	0.22362390160560608	0.29739673512498127	False	True
anti-mouse CD85k (gp49 Receptor)	CD4	RNA_activation	47	-0.028699159622192383	0.40425531914893614	0.2710949778556824	0.3568495116671737	False	True
anti-mouse CD138 (Syndecan-1)	CD4	RNA_activation	47	-0.01326955109834671	0.44680851063829785	0.2804183065891266	0.36539355101007404	False	True
anti-mouse CD170 (Siglec-F)	CD4	RNA_activation	47	-0.017562121152877808	0.44680851063829785	0.3250463008880615	0.41930972814559936	False	True
anti-mouse CD186 (CXCR6)	CD4	RNA_activation	47	0.020995378494262695	0.5319148936170213	0.34628885984420776	0.4422897318802258	False	True
Rat IgG1,  Isotype Ctrl	CD4	RNA_activation	47	-0.0012056827545166016	0.46808510638297873	0.38553833961486816	0.48285869718755337	False	True
anti-mouse CD83	CD4	RNA_activation	47	-0.014600038528442383	0.425531914893617	0.38553833961486816	0.48285869718755337	False	True
anti-mouse CD107a (LAMP-1)	CD4	RNA_activation	47	-0.0203932486474514	0.40425531914893614	0.42125603556632996	0.5225195056543901	False	True
anti-mouse F4/80	CD4	RNA_activation	47	-0.02826090157032013	0.425531914893617	0.43358027935028076	0.5326843432017735	False	True
anti-mouse Ly-6A/E (Sca-1)	CD4	RNA_activation	47	0.07209086418151855	0.5531914893617021	0.4652869403362274	0.5662454273903145	False	True
anti-mouse TER-119/Erythroid Cells	CD4	RNA_activation	47	-0.033501505851745605	0.3404255319148936	0.4783216118812561	0.5713285919692781	False	True
Rat IgG2c,  Isotype Ctrl	CD4	RNA_activation	47	-0.028183937072753906	0.3829787234042553	0.4783216118812561	0.5713285919692781	False	True
anti-mouse PIR-A/B	CD4	RNA_activation	47	-0.0018277764320373535	0.48936170212765956	0.5185956358909607	0.6137507984397609	False	True
anti-mouse CD169/Siglec-1	CD4	RNA_activation	47	-0.018336832523345947	0.425531914893617	0.5254744291305542	0.6162381941621954	False	True
anti-mouse NK-1.1	CD4	RNA_activation	47	-0.01835271716117859	0.48936170212765956	0.5323995351791382	0.6187345949379174	False	True
anti-mouse CD86	CD4	RNA_activation	47	-0.0023435354232788086	0.48936170212765956	0.5821326971054077	0.6704921243446214	False	True
anti-human/mouse CD49f	CD4	RNA_activation	47	-0.01132994145154953	0.40425531914893614	0.604091465473175	0.6776330351829528	False	True
anti-mouse VISTA (PD-1H)	CD4	RNA_activation	47	-0.0035895109176635742	0.46808510638297873	0.604091465473175	0.6776330351829528	False	True
anti-mouse/rat CD81	CD4	RNA_activation	47	-0.010858535766601562	0.48936170212765956	0.604091465473175	0.6776330351829528	False	True
anti-mouse CD304 (Neuropilin-1)	CD4	RNA_activation	47	-0.009942829608917236	0.44680851063829785	0.6189342141151428	0.6882975312142536	False	True
anti-mouse Ly-49A	CD4	RNA_activation	47	-0.010058403015136719	0.46808510638297873	0.6875942349433899	0.7581167205786095	False	True
anti-mouse CD40	CD4	RNA_activation	47	-0.013053007423877716	0.48936170212765956	0.7190016508102417	0.7860272284281457	False	True
anti-mouse CD102	CD4	RNA_activation	47	-0.005139589309692383	0.48936170212765956	0.7428761720657349	0.805302741146889	False	True
anti-mouse CD9	CD4	RNA_activation	47	-0.005479559302330017	0.48936170212765956	0.7508909702301025	0.8072077929973602	False	True
anti-mouse CD55 (DAF)	CD4	RNA_activation	47	0.008764147758483887	0.5106382978723404	0.7995173335075378	0.8523779836567965	False	True
anti-mouse/human CD11b	CD4	RNA_activation	47	0.001046299934387207	0.5106382978723404	0.8241384625434875	0.8643403387651211	False	True
anti-mouse CD115 (CSF-1R)	CD4	RNA_activation	47	-0.00981825590133667	0.48936170212765956	0.8241384625434875	0.8643403387651211	False	True
anti-mouse CD31	CD4	RNA_activation	47	-0.01741747558116913	0.425531914893617	0.8572336435317993	0.8917995162548557	False	True
anti-mouse CD5	CD4	RNA_activation	47	-0.017095088958740234	0.48936170212765956	0.932533860206604	0.9547370473543804	False	True
anti-mouse CD45.2	CD4	RNA_activation	47	0.0012691617012023926	0.5106382978723404	0.932533860206604	0.9547370473543804	False	True
anti-mouse CD106	CD4	RNA_activation	47	0.019825130701065063	0.5531914893617021	0.9578030109405518	0.9728865229238676	False	True
anti-mouse CD24	CD4	RNA_activation	47	0.003614962100982666	0.5106382978723404	0.9915568232536316	0.9993033609353006	False	True
anti-mouse CD366 (Tim-3)	CD4	RNA_activation	47	-0.002500563859939575	0.48936170212765956	1.0	1.0	False	True
anti-mouse CD25	CD8	ADT_activation	42	0.5641958713531494	1.0	1.647939384952224e-08	4.5718625791835165e-07	True	False
anti-mouse CD137	CD8	ADT_activation	42	0.6472376585006714	1.0	1.647939384952224e-08	4.5718625791835165e-07	True	False
anti-mouse CD69	CD8	ADT_activation	42	0.569193959236145	1.0	1.647939384952224e-08	4.5718625791835165e-07	True	False
anti-mouse CD71	CD8	ADT_activation	42	1.1614004373550415	1.0	1.647939384952224e-08	4.5718625791835165e-07	True	False
anti-mouse CD107a (LAMP-1)	CD8	ADT_activation	42	0.19846943020820618	0.9761904761904762	1.772039759373456e-08	4.5718625791835165e-07	False	True
anti-mouse CD134 (OX-40)	CD8	ADT_activation	42	0.39132753014564514	0.9761904761904762	2.5418124494080985e-08	5.464896766227412e-07	True	False
anti-mouse CD127 (IL-7R)	CD8	ADT_activation	42	-0.20207053422927856	0.07142857142857142	6.3791318893891e-08	1.1755828767588485e-06	False	True
anti-mouse CD49b	CD8	ADT_activation	42	-0.15641486644744873	0.047619047619047616	9.025948344287826e-08	1.293719262681255e-06	False	True
anti-mouse CD63	CD8	ADT_activation	42	0.1764279156923294	0.9285714285714286	9.025948344287826e-08	1.293719262681255e-06	False	True
anti-mouse Ly-6C	CD8	ADT_activation	42	-0.23185747861862183	0.07142857142857142	1.560392917099307e-07	2.012906863058106e-06	False	True
anti-mouse CD62L	CD8	ADT_activation	42	-0.265097439289093	0.09523809523809523	2.1861650623122841e-07	2.563775391257133e-06	False	True
anti-mouse CD31	CD8	ADT_activation	42	-0.23510435223579407	0.14285714285714285	8.110278031381313e-07	8.718548883734911e-06	False	True
anti-mouse Ly108	CD8	ADT_activation	42	-0.1921483278274536	0.16666666666666666	1.7299838646067656e-06	1.7166762964174828e-05	False	True
anti-mouse CD223 (LAG-3)	CD8	ADT_activation	42	0.18533727526664734	0.8333333333333334	2.216222128481604e-06	2.0269399010430787e-05	False	True
anti-mouse CD55 (DAF)	CD8	ADT_activation	42	-0.2299043834209442	0.09523809523809523	2.3569068616779987e-06	2.0269399010430787e-05	False	True
anti-mouse VISTA (PD-1H)	CD8	ADT_activation	42	0.1109207272529602	0.8333333333333334	3.398935177756357e-06	2.740391487066063e-05	False	True
anti-mouse CD36	CD8	ADT_activation	42	-0.12418027222156525	0.11904761904761904	4.325498593971133e-06	3.282290109542801e-05	False	True
anti-mouse CD366 (Tim-3)	CD8	ADT_activation	42	0.0956508219242096	0.8333333333333334	6.557407232321566e-06	4.699475183163789e-05	False	True
anti-mouse CD270 (HVEM)	CD8	ADT_activation	42	-0.18768544495105743	0.16666666666666666	7.375185305136256e-06	5.007362654539879e-05	False	True
anti-mouse CD120b (TNF R Type II/p75)	CD8	ADT_activation	42	0.10129192471504211	0.7857142857142857	8.787054866843391e-06	5.667650389113988e-05	False	True
anti-mouse CD73	CD8	ADT_activation	42	-0.2996842861175537	0.16666666666666666	1.1075355359935202e-05	6.80343257824591e-05	False	True
anti-human/mouse integrin 7	CD8	ADT_activation	42	-0.14473235607147217	0.16666666666666666	1.4741290215170011e-05	8.64375653525878e-05	False	True
anti-mouse CD279 (PD-1)	CD8	ADT_activation	42	0.3162975311279297	0.7857142857142857	2.311181197001133e-05	0.00012962711931006354	False	True
anti-mouse/human CD11b	CD8	ADT_activation	42	-0.13065063953399658	0.14285714285714285	4.7024746891111135e-05	0.00025275801453972235	False	True
anti-mouse CD43	CD8	ADT_activation	42	-0.11451029777526855	0.2619047619047619	4.961380182066932e-05	0.0002560072173946537	False	True
anti-mouse CD226 (DNAM-1)	CD8	ADT_activation	42	-0.14301255345344543	0.21428571428571427	6.471596861956641e-05	0.00032109076738169487	False	True
anti-mouse CD160	CD8	ADT_activation	42	0.10788294672966003	0.8095238095238095	9.329670137958601e-05	0.00044575090659135534	False	True
anti-mouse CD371 (CLEC12A)	CD8	ADT_activation	42	-0.09980887174606323	0.14285714285714285	0.00012061315646860749	0.0005365205925672539	False	True
anti-mouse CD22	CD8	ADT_activation	42	-0.12237969040870667	0.19047619047619047	0.00012061315646860749	0.0005365205925672539	False	True
anti-mouse CD85k (gp49 Receptor)	CD8	ADT_activation	42	0.10909333825111389	0.7619047619047619	0.00016334271640516818	0.0007023736805422231	False	True
anti-mouse CD103	CD8	ADT_activation	42	-0.14095091819763184	0.21428571428571427	0.00017172176740132272	0.0007145841288635687	False	True
anti-mouse CD186 (CXCR6)	CD8	ADT_activation	42	0.1658201515674591	0.8095238095238095	0.00020945080905221403	0.0008443485739917378	False	True
anti-mouse CD4	CD8	ADT_activation	42	-0.07667773962020874	0.2857142857142857	0.00023111315385904163	0.0008697341315079635	False	True
Mouse IgG2b,  isotype Ctrl	CD8	ADT_activation	42	-0.10602641105651855	0.19047619047619047	0.00024271650181617588	0.0008697341315079635	False	True
anti-mouse TCR  chain	CD8	ADT_activation	42	-0.13162988424301147	0.19047619047619047	0.00023111315385904163	0.0008697341315079635	False	True
anti-mouse CD86	CD8	ADT_activation	42	-0.1394234001636505	0.16666666666666666	0.00024271650181617588	0.0008697341315079635	False	True
anti-human/mouse CD49f	CD8	ADT_activation	42	-0.11614195257425308	0.2619047619047619	0.0002675812575034797	0.0009329184383229427	False	True
anti-mouse CD49d	CD8	ADT_activation	42	-0.08860404789447784	0.2619047619047619	0.00029481874662451446	0.0010008320609095358	False	True
anti-mouse CD19	CD8	ADT_activation	42	-0.11708801984786987	0.14285714285714285	0.0005456925136968493	0.0017598583566723392	False	True
anti-mouse CD357 (GITR)	CD8	ADT_activation	42	0.1480928510427475	0.8095238095238095	0.0005456925136968493	0.0017598583566723392	False	True
anti-mouse CD93 (AA4.1, early B lineage)	CD8	ADT_activation	42	-0.09643203020095825	0.21428571428571427	0.0007189710158854723	0.002262128318273803	False	True
Rat IgG2b,  Isotype Ctrl	CD8	ADT_activation	42	-0.10635709762573242	0.21428571428571427	0.0008236273424699903	0.0025297125518721126	False	True
Rat IgG2c,  Isotype Ctrl	CD8	ADT_activation	42	-0.06337159872055054	0.16666666666666666	0.000861541775520891	0.002584625326562673	False	True
anti-mouse CD54	CD8	ADT_activation	42	0.1499326378107071	0.7857142857142857	0.0013998307986184955	0.003925612456995345	False	True
anti-mouse NK-1.1	CD8	ADT_activation	42	-0.04750756919384003	0.2857142857142857	0.0013998307986184955	0.003925612456995345	False	True
anti-mouse CD150 (SLAM)	CD8	ADT_activation	42	0.12441124022006989	0.6904761904761905	0.0013998307986184955	0.003925612456995345	False	True
anti-mouse JAML	CD8	ADT_activation	42	0.03628307580947876	0.6666666666666666	0.001461697742342949	0.004011893803451924	False	True
anti-mouse FcRI	CD8	ADT_activation	42	-0.07626237720251083	0.2857142857142857	0.0016627359436824918	0.004468602848646697	False	True
Rat IgG2a,  Isotype Ctrl	CD8	ADT_activation	42	-0.08603531122207642	0.19047619047619047	0.002055091317743063	0.0053021355997771025	False	True
anti-mouse CD45.1	CD8	ADT_activation	42	-0.06102767586708069	0.19047619047619047	0.002055091317743063	0.0053021355997771025	False	True
anti-mouse CD200 (OX2)	CD8	ADT_activation	42	0.06458306312561035	0.7857142857142857	0.002143103163689375	0.0054207903552143015	False	True
anti-mouse CD23	CD8	ADT_activation	42	-0.0796540379524231	0.23809523809523808	0.0024282787926495075	0.0060239993125343555	False	True
Armenian Hamster IgG Isotype Ctrl	CD8	ADT_activation	42	-0.09181815385818481	0.21428571428571427	0.002530797151848674	0.006159864765820357	False	True
anti-mouse Ly-49A	CD8	ADT_activation	42	-0.05677938461303711	0.23809523809523808	0.0026372598949819803	0.006300120860234731	False	True
anti-mouse CD317 (BST2, PDCA-1)	CD8	ADT_activation	42	0.04714583605527878	0.7142857142857143	0.002747804159298539	0.006444849755445665	False	True
anti-mouse CD205 (DEC-205)	CD8	ADT_activation	42	-0.04264000058174133	0.23809523809523808	0.0031053090933710337	0.00715330130437256	False	True
anti-mouse/human CD45R/B220	CD8	ADT_activation	42	-0.08171483874320984	0.2619047619047619	0.0033666843082755804	0.007619338171360524	False	True
anti-mouse Ly49D	CD8	ADT_activation	42	-0.09791219234466553	0.23809523809523808	0.0036479465197771788	0.008113536225021655	False	True
anti-mouse CD9	CD8	ADT_activation	42	0.047510068863630295	0.6190476190476191	0.004624632652848959	0.010111484952839249	False	True
anti-mouse CD24	CD8	ADT_activation	42	-0.1353486180305481	0.23809523809523808	0.005613184068351984	0.012068345746956765	False	True
anti-mouse Tim-4	CD8	ADT_activation	42	-0.08286553621292114	0.30952380952380953	0.006537144538015127	0.013824453203343466	False	True
anti-mouse CD3	CD8	ADT_activation	42	-0.030522942543029785	0.35714285714285715	0.007883279584348202	0.016402307522272872	False	True
anti-mouse CD79b (Ig)	CD8	ADT_activation	42	-0.09450411796569824	0.2857142857142857	0.008487856946885586	0.017379897557908582	False	True
anti-mouse CD304 (Neuropilin-1)	CD8	ADT_activation	42	0.05678224563598633	0.7142857142857143	0.008805429562926292	0.017748443962773308	False	True
anti-mouse CD8a	CD8	ADT_activation	42	-0.05701470375061035	0.35714285714285715	0.009472583420574665	0.018799434788525103	False	True
anti-mouse CD49a	CD8	ADT_activation	42	-0.059775710105895996	0.30952380952380953	0.010184455662965775	0.019905981523069466	False	True
anti-mouse CD102	CD8	ADT_activation	42	-0.064247727394104	0.30952380952380953	0.010557945817708969	0.020327985231111297	False	True
Mouse IgG1,  isotype Ctrl	CD8	ADT_activation	42	-0.07382363080978394	0.2619047619047619	0.011341666802763939	0.02151580908171394	False	True
anti-mouse CD21/CD35 (CR2/CR1)	CD8	ADT_activation	42	-0.07049232721328735	0.2857142857142857	0.016086140647530556	0.030074089036687564	False	True
anti-mouse CD272 (BTLA)	CD8	ADT_activation	42	-0.06171296536922455	0.40476190476190477	0.01842619851231575	0.03395685154412474	False	True
anti-mouse CD8b (Ly-3)	CD8	ADT_activation	42	-0.07652336359024048	0.35714285714285715	0.019704202190041542	0.035800592711483926	False	True
anti-mouse CD115 (CSF-1R)	CD8	ADT_activation	42	-0.05634164810180664	0.30952380952380953	0.021058958023786545	0.037730633125950895	False	True
anti-mouse CD48	CD8	ADT_activation	42	-0.060944318771362305	0.35714285714285715	0.022494150325655937	0.039749936876844055	False	True
anti-mouse CD20	CD8	ADT_activation	42	0.0614280104637146	0.6904761904761905	0.024806184694170952	0.04324321385875747	False	True
anti-mouse CD155 (PVR)	CD8	ADT_activation	42	0.05123024433851242	0.6428571428571429	0.028207173570990562	0.048516338542103764	False	True
anti-mouse PIR-A/B	CD8	ADT_activation	42	-0.03480309247970581	0.3333333333333333	0.03005341626703739	0.05101171971641873	False	True
anti-mouse TER-119/Erythroid Cells	CD8	ADT_activation	42	-0.047355055809020996	0.2857142857142857	0.04476693272590637	0.07499914703431068	False	True
anti-mouse CD106	CD8	ADT_activation	42	0.02816072106361389	0.6190476190476191	0.04611554369330406	0.07626801456969519	False	True
Mouse IgG2a,  isotype Ctrl	CD8	ADT_activation	42	-0.03452414274215698	0.30952380952380953	0.05338222160935402	0.08607883234508336	False	True
anti-mouse CD172a (SIRP)	CD8	ADT_activation	42	0.02158360183238983	0.5952380952380952	0.05338222160935402	0.08607883234508336	False	True
anti-mouse CD301a	CD8	ADT_activation	42	-0.03150761127471924	0.35714285714285715	0.06158141791820526	0.09807411001788245	False	True
Rat IgG1,  Isotype Ctrl	CD8	ADT_activation	42	-0.03335815668106079	0.3333333333333333	0.06698321551084518	0.10537603415730523	False	True
anti-mouse CD11c	CD8	ADT_activation	42	-0.12152710556983948	0.38095238095238093	0.06886826455593109	0.10703621840620615	False	True
anti-mouse/rat CD29	CD8	ADT_activation	42	-0.07222914695739746	0.38095238095238093	0.07276918739080429	0.11175268063587801	False	True
anti-mouse CD199 (CCR9)	CD8	ADT_activation	42	0.033051490783691406	0.6428571428571429	0.08331676572561264	0.12644544445416508	False	True
anti-mouse CD45	CD8	ADT_activation	42	-0.05422402173280716	0.3333333333333333	0.09021846950054169	0.13532770425081253	False	True
anti-mouse Ly49H	CD8	ADT_activation	42	-0.026199370622634888	0.35714285714285715	0.10273678600788116	0.15233385511513414	False	True
Rat IgG1,  isotype Ctrl	CD8	ADT_activation	42	-0.036262840032577515	0.3333333333333333	0.1053989827632904	0.15276931209510633	False	True
anti-mouse CD163	CD8	ADT_activation	42	-0.04442179203033447	0.35714285714285715	0.1053989827632904	0.15276931209510633	False	True
anti-mouse/rat CD61	CD8	ADT_activation	42	0.046328768134117126	0.5714285714285714	0.11088742315769196	0.15893863985935847	False	True
anti-mouse/rat CD81	CD8	ADT_activation	42	0.029919948428869247	0.5714285714285714	0.13188976049423218	0.18696460553577968	False	True
anti-mouse I-A/I-E	CD8	ADT_activation	42	-0.05546155199408531	0.3333333333333333	0.14178384840488434	0.19880561352423998	False	True
anti-mouse CD185 (CXCR5)	CD8	ADT_activation	42	0.014591211453080177	0.5952380952380952	0.14520563185214996	0.20141426353685318	False	True
anti-mouse CD38	CD8	ADT_activation	42	-0.06359943747520447	0.40476190476190477	0.15585070848464966	0.21388022760127454	False	True
anti-mouse CD5	CD8	ADT_activation	42	-0.07909286022186279	0.35714285714285715	0.1632697582244873	0.21939373761415482	False	True
anti-mouse/rat XCR1	CD8	ADT_activation	42	0.019821083173155785	0.6428571428571429	0.1632697582244873	0.21939373761415482	False	True
anti-mouse CD90.2	CD8	ADT_activation	42	0.07621371746063232	0.6428571428571429	0.17489324510097504	0.2325899857528431	False	True
anti-mouse CD51	CD8	ADT_activation	42	0.0725444108247757	0.5952380952380952	0.20439763367176056	0.26905402799650113	False	True
anti-mouse/human CD44	CD8	ADT_activation	42	0.061128489673137665	0.6190476190476191	0.21809451282024384	0.28134192153811455	False	True
anti-mouse CD2	CD8	ADT_activation	42	-0.0463714599609375	0.42857142857142855	0.21809451282024384	0.28134192153811455	False	True
anti-mouse CD40	CD8	ADT_activation	42	0.016697004437446594	0.5714285714285714	0.22280353307724	0.284570849177861	False	True
anti-mouse/rat/human CD27	CD8	ADT_activation	42	-0.03448137640953064	0.38095238095238093	0.26310694217681885	0.33275289745891795	False	True
anti-mouse CD94	CD8	ADT_activation	42	-0.08061841130256653	0.35714285714285715	0.26847806572914124	0.33624922795203127	False	True
anti-mouse CD138 (Syndecan-1)	CD8	ADT_activation	42	0.022216323763132095	0.5952380952380952	0.2794450521469116	0.3433182069233486	False	True
anti-mouse CD159a (NKG2AB6)	CD8	ADT_activation	42	-0.024280983954668045	0.40476190476190477	0.2794450521469116	0.3433182069233486	False	True
anti-mouse CD1d (CD1.1, Ly-38)	CD8	ADT_activation	42	0.02658309042453766	0.5952380952380952	0.2964595556259155	0.36078568562021796	False	True
anti-mouse Ly-6G	CD8	ADT_activation	42	0.022907018661499023	0.5714285714285714	0.32632771134376526	0.3934231286293992	False	True
anti-mouse TCR /	CD8	ADT_activation	42	-0.027873128652572632	0.38095238095238093	0.3325282633304596	0.39354262357458064	False	True
anti-mouse CD11a	CD8	ADT_activation	42	-0.023701190948486328	0.4523809523809524	0.3325282633304596	0.39354262357458064	False	True
anti-mouse F4/80	CD8	ADT_activation	42	-0.029085442423820496	0.38095238095238093	0.34515607357025146	0.40477394082329493	False	True
anti-mouse CD169/Siglec-1	CD8	ADT_activation	42	-0.02756597101688385	0.40476190476190477	0.37131550908088684	0.4276758988520929	False	True
anti-mouse CD26 (DPP-4)	CD8	ADT_activation	42	-0.015168607234954834	0.42857142857142855	0.37131550908088684	0.4276758988520929	False	True
anti-mouse IgM	CD8	ADT_activation	42	-0.001277826726436615	0.5	0.42720553278923035	0.4876948117682364	False	True
anti-mouse Ly-6A/E (Sca-1)	CD8	ADT_activation	42	-0.00833117961883545	0.5	0.46449562907218933	0.5256134750027406	False	True
anti-mouse CD83	CD8	ADT_activation	42	-0.017185458913445473	0.42857142857142855	0.48771145939826965	0.5470850283684938	False	True
anti-mouse CX3CR1	CD8	ADT_activation	42	0.0036226697266101837	0.5476190476190477	0.5442308187484741	0.6052222036082169	False	True
anti-mouse IgD	CD8	ADT_activation	42	-0.013865292072296143	0.4523809523809524	0.5609571933746338	0.6184912644899809	False	True
anti-mouse Siglec H	CD8	ADT_activation	42	0.017430871725082397	0.5476190476190477	0.5694127082824707	0.6224935539698196	False	True
anti-mouse CD274 (B7-H1, PD-L1)	CD8	ADT_activation	42	-0.02132052183151245	0.38095238095238093	0.6038290858268738	0.6545710258123254	False	True
anti-mouse CD170 (Siglec-F)	CD8	ADT_activation	42	0.03235441446304321	0.5714285714285714	0.6753091812133789	0.7259573698043823	False	True
anti-mouse CD45.2	CD8	ADT_activation	42	0.05063611641526222	0.5714285714285714	0.7029348611831665	0.7494098933275081	False	True
anti-mouse CD41	CD8	ADT_activation	42	0.007694363594055176	0.5476190476190477	0.7122335433959961	0.7530994024433073	False	True
anti-mouse CD64 (FcRI)	CD8	ADT_activation	42	-0.021565938368439674	0.4523809523809524	0.8170679211616516	0.8500142083052665	False	True
anti-mouse CD301b	CD8	ADT_activation	42	-0.0030868970789015293	0.5	0.8170679211616516	0.8500142083052665	False	True
anti-mouse/human KLRG1 (MAFA)	CD8	ADT_activation	42	0.001997634768486023	0.5	0.8856646418571472	0.909650195771315	False	True
anti-mouse CD200R (OX2R)	CD8	ADT_activation	42	0.005788534879684448	0.5476190476190477	0.895547091960907	0.909650195771315	False	True
anti-mouse CD200R3	CD8	ADT_activation	42	-0.003356069326400757	0.5	0.895547091960907	0.909650195771315	False	True
anti-mouse IL-33R (IL1RL1, ST2)	CD8	ADT_activation	42	-0.015686068683862686	0.42857142857142855	0.9054458737373352	0.9125196696259081	False	True
anti-mouse CD68	CD8	ADT_activation	42	-5.638599395751953e-05	0.5	0.9153593182563782	0.9153593182563782	False	True
anti-mouse CD3	CD8	RNA_activation	42	-0.10650748014450073	0.09523809523809523	3.4829426454052737e-07	4.492996012572803e-05	False	True
anti-mouse CD8a	CD8	RNA_activation	42	-0.09287536144256592	0.11904761904761904	1.5270820767909754e-06	6.566452930201194e-05	False	True
anti-mouse CD120b (TNF R Type II/p75)	CD8	RNA_activation	42	-0.1611819863319397	0.07142857142857142	1.5270820767909754e-06	6.566452930201194e-05	False	True
anti-mouse CD8b (Ly-3)	CD8	RNA_activation	42	-0.13219726085662842	0.14285714285714285	3.398935177756357e-06	0.00010961565948264251	False	True
anti-mouse CD69	CD8	RNA_activation	42	0.07238978892564774	0.7857142857142857	6.181791377457557e-06	0.00015949021753840497	False	True
anti-mouse TCR  chain	CD8	RNA_activation	42	-0.17766042053699493	0.19047619047619047	1.7468690202804282e-05	0.00032192300516596466	False	True
anti-mouse JAML	CD8	RNA_activation	42	0.040364742279052734	0.8571428571428571	1.7468690202804282e-05	0.00032192300516596466	False	True
anti-mouse CD137	CD8	RNA_activation	42	0.07873158156871796	0.7857142857142857	3.217945413780399e-05	0.0005188936979720893	False	True
anti-mouse CD11c	CD8	RNA_activation	42	0.14117512106895447	0.7619047619047619	5.233759293332696e-05	0.0007501721653776864	False	True
anti-mouse CD48	CD8	RNA_activation	42	-0.07023721933364868	0.23809523809523808	0.0001477257173974067	0.0019056617544265465	False	True
anti-mouse CD1d (CD1.1, Ly-38)	CD8	RNA_activation	42	0.09254422783851624	0.7619047619047619	0.00022003173944540322	0.002580372217132456	False	True
anti-mouse CD55 (DAF)	CD8	RNA_activation	42	0.1435498595237732	0.7380952380952381	0.0003929280792362988	0.004223976851790212	False	True
anti-mouse CD73	CD8	RNA_activation	42	0.15600158274173737	0.7142857142857143	0.0005209107766859233	0.005169037707114163	False	True
anti-mouse CD43	CD8	RNA_activation	42	-0.059009432792663574	0.2619047619047619	0.0006869264179840684	0.005907567194662988	False	True
anti-mouse VISTA (PD-1H)	CD8	RNA_activation	42	0.03875148296356201	0.7380952380952381	0.0006562141352333128	0.005907567194662988	False	True
anti-mouse CD45.2	CD8	RNA_activation	42	-0.13017451763153076	0.3333333333333333	0.0010765858460217714	0.008679973383550532	False	True
anti-mouse Ly-49A	CD8	RNA_activation	42	0.04862630367279053	0.7380952380952381	0.001461697742342949	0.011091706397778846	False	True
anti-mouse CD160	CD8	RNA_activation	42	0.04568714648485184	0.7142857142857143	0.0017352079739794135	0.012435657146852463	False	True
anti-mouse CD38	CD8	RNA_activation	42	-0.11096075922250748	0.30952380952380953	0.0022345571778714657	0.015171467155022055	False	True
anti-mouse/human CD11b	CD8	RNA_activation	42	0.037834614515304565	0.7142857142857143	0.005613184068351984	0.0344809878484479	False	True
anti-mouse CD102	CD8	RNA_activation	42	0.0909365713596344	0.7142857142857143	0.005613184068351984	0.0344809878484479	False	True
anti-mouse/rat CD61	CD8	RNA_activation	42	-0.11551934480667114	0.23809523809523808	0.006294150836765766	0.036906611724671995	False	True
anti-mouse CD49d	CD8	RNA_activation	42	-0.08016219735145569	0.35714285714285715	0.007048601284623146	0.037686367984861135	False	True
anti-mouse CD62L	CD8	RNA_activation	42	-0.06513476371765137	0.2857142857142857	0.007595702074468136	0.037686367984861135	False	True
anti-mouse CD31	CD8	RNA_activation	42	0.06735390424728394	0.6904761904761905	0.007595702074468136	0.037686367984861135	False	True
anti-mouse Ly108	CD8	RNA_activation	42	-0.05194970220327377	0.2857142857142857	0.007048601284623146	0.037686367984861135	False	True
anti-mouse CD25	CD8	RNA_activation	42	0.03963419795036316	0.6666666666666666	0.008805429562926292	0.04207038568953673	False	True
anti-mouse CD357 (GITR)	CD8	RNA_activation	42	-0.050176724791526794	0.3333333333333333	0.009822774678468704	0.045254926197230816	False	True
anti-mouse CD107a (LAMP-1)	CD8	RNA_activation	42	0.04116390645503998	0.6190476190476191	0.011341666802763939	0.050450862674363724	False	True
anti-mouse CD51	CD8	RNA_activation	42	-0.09093473851680756	0.30952380952380953	0.011752561666071415	0.050536015164107086	False	True
anti-mouse Ly-6A/E (Sca-1)	CD8	RNA_activation	42	-0.0977897047996521	0.30952380952380953	0.014506670646369457	0.058480016043176875	False	True
anti-mouse CD11a	CD8	RNA_activation	42	-0.05161571502685547	0.3333333333333333	0.014506670646369457	0.058480016043176875	False	True
anti-mouse/human KLRG1 (MAFA)	CD8	RNA_activation	42	-0.0372941792011261	0.2857142857142857	0.015543618239462376	0.06076141675426201	False	True
anti-mouse CD366 (Tim-3)	CD8	RNA_activation	42	-0.021204769611358643	0.2857142857142857	0.016645239666104317	0.0631539975566899	False	True
anti-mouse CD19	CD8	RNA_activation	42	-0.016173720359802246	0.38095238095238093	0.017814846709370613	0.0656604350145374	False	True
anti-mouse CD40	CD8	RNA_activation	42	0.02995014376938343	0.6904761904761905	0.021058958023786545	0.07546126625190179	False	True
anti-mouse CD94	CD8	RNA_activation	42	0.04622867330908775	0.5952380952380952	0.021766262128949165	0.07588777877390385	False	True
anti-mouse CD24	CD8	RNA_activation	42	0.060750722885131836	0.7142857142857143	0.029117703437805176	0.0988469406178123	False	True
anti-mouse CD279 (PD-1)	CD8	RNA_activation	42	-0.1331055909395218	0.2619047619047619	0.03200259804725647	0.1058547473870791	False	True
anti-mouse CD45	CD8	RNA_activation	42	-0.05315583944320679	0.3333333333333333	0.036227595061063766	0.11683399407193065	False	True
anti-mouse CD127 (IL-7R)	CD8	RNA_activation	42	0.04316612705588341	0.6190476190476191	0.04611554369330406	0.14164059848657676	False	True
anti-mouse CD85k (gp49 Receptor)	CD8	RNA_activation	42	0.041384801268577576	0.5952380952380952	0.04611554369330406	0.14164059848657676	False	True
anti-mouse CD200R3	CD8	RNA_activation	42	-0.03569822013378143	0.3333333333333333	0.05185692012310028	0.15557076036930084	False	True
anti-mouse CD86	CD8	RNA_activation	42	-0.05758141353726387	0.4523809523809524	0.05986298993229866	0.17160723780592282	False	True
anti-mouse CD9	CD8	RNA_activation	42	0.023279808461666107	0.5714285714285714	0.05986298993229866	0.17160723780592282	False	True
anti-mouse IL-33R (IL1RL1, ST2)	CD8	RNA_activation	42	0.03228102624416351	0.6190476190476191	0.07079668343067169	0.1985385252729706	False	True
anti-mouse NK-1.1	CD8	RNA_activation	42	0.03959682583808899	0.6428571428571429	0.07276918739080429	0.19972819517901605	False	True
anti-mouse/human CD44	CD8	RNA_activation	42	0.04218818247318268	0.5952380952380952	0.07684909552335739	0.206531944219023	False	True
anti-mouse CD103	CD8	RNA_activation	42	0.04044222831726074	0.6190476190476191	0.09021846950054169	0.23751392990958933	False	True
anti-mouse CD93 (AA4.1, early B lineage)	CD8	RNA_activation	42	-0.014848053455352783	0.35714285714285715	0.10811565071344376	0.2789383788406849	False	True
anti-mouse CD371 (CLEC12A)	CD8	RNA_activation	42	0.023178279399871826	0.6428571428571429	0.11088742315769196	0.28047995269298553	False	True
anti-mouse CD226 (DNAM-1)	CD8	RNA_activation	42	-0.051449283957481384	0.4523809523809524	0.11659908294677734	0.28925541731027454	False	True
anti-mouse/rat/human CD27	CD8	RNA_activation	42	-0.013495773077011108	0.4523809523809524	0.13188976049423218	0.31506998340288794	False	True
anti-mouse CD49a	CD8	RNA_activation	42	0.020685911178588867	0.5714285714285714	0.13188976049423218	0.31506998340288794	False	True
anti-mouse I-A/I-E	CD8	RNA_activation	42	0.015979288145899773	0.6190476190476191	0.1384243667125702	0.3153468352453462	False	True
anti-mouse TCR /	CD8	RNA_activation	42	-0.03828972578048706	0.40476190476190477	0.14178384840488434	0.3153468352453462	False	True
anti-mouse CD64 (FcRI)	CD8	RNA_activation	42	0.00760013610124588	0.5	0.14178384840488434	0.3153468352453462	False	True
anti-mouse CD170 (Siglec-F)	CD8	RNA_activation	42	0.011579083278775215	0.6428571428571429	0.14178384840488434	0.3153468352453462	False	True
anti-mouse CD200 (OX2)	CD8	RNA_activation	42	0.0234430730342865	0.5714285714285714	0.15223844349384308	0.33286032560518236	False	True
anti-mouse F4/80	CD8	RNA_activation	42	0.022214923053979874	0.6666666666666666	0.15585070848464966	0.3350790232419968	False	True
anti-mouse CD26 (DPP-4)	CD8	RNA_activation	42	0.023618340492248535	0.5952380952380952	0.15952759981155396	0.3373616455031223	False	True
anti-mouse Ly-6C	CD8	RNA_activation	42	0.04468739032745361	0.6190476190476191	0.18297846615314484	0.3711042025071733	False	True
Mouse IgG2a,  isotype Ctrl	CD8	RNA_activation	42	-0.022767335176467896	0.42857142857142855	0.1956208199262619	0.3711042025071733	False	True
anti-mouse/human CD45R/B220	CD8	RNA_activation	42	-0.01249784231185913	0.4523809523809524	0.17890191078186035	0.3711042025071733	False	True
anti-mouse CD115 (CSF-1R)	CD8	RNA_activation	42	-0.021941453218460083	0.4523809523809524	0.18712347745895386	0.3711042025071733	False	True
anti-mouse CD63	CD8	RNA_activation	42	0.01372876763343811	0.5952380952380952	0.18712347745895386	0.3711042025071733	False	True
anti-mouse CX3CR1	CD8	RNA_activation	42	0.010872941464185715	0.5952380952380952	0.1956208199262619	0.3711042025071733	False	True
anti-mouse CD205 (DEC-205)	CD8	RNA_activation	42	-0.008243709802627563	0.47619047619047616	0.1913374662399292	0.3711042025071733	False	True
anti-mouse CD274 (B7-H1, PD-L1)	CD8	RNA_activation	42	0.016496524214744568	0.5476190476190477	0.19997404515743256	0.37386451920737396	False	True
anti-mouse CD155 (PVR)	CD8	RNA_activation	42	0.012624353170394897	0.5952380952380952	0.20889194309711456	0.38495800942182545	False	True
anti-mouse CD83	CD8	RNA_activation	42	0.020662806928157806	0.6190476190476191	0.22280353307724	0.39918966343005496	False	True
anti-mouse CD317 (BST2, PDCA-1)	CD8	RNA_activation	42	0.022389277815818787	0.5714285714285714	0.22280353307724	0.39918966343005496	False	True
anti-mouse PIR-A/B	CD8	RNA_activation	42	0.01984870433807373	0.5714285714285714	0.23243893682956696	0.4107482582330704	False	True
anti-mouse CD185 (CXCR5)	CD8	RNA_activation	42	0.0075024887919425964	0.5238095238095238	0.24236634373664856	0.42250349110848195	False	True
anti-mouse CD159a (NKG2AB6)	CD8	RNA_activation	42	0.014986656606197357	0.6190476190476191	0.26847806572914124	0.4617822730541229	False	True
anti-mouse TER-119/Erythroid Cells	CD8	RNA_activation	42	0.012892097234725952	0.5714285714285714	0.2907126545906067	0.4934464795024771	False	True
anti-human/mouse CD49f	CD8	RNA_activation	42	0.030950799584388733	0.6190476190476191	0.2964595556259155	0.4966660087758845	False	True
anti-mouse CD54	CD8	RNA_activation	42	-0.050337016582489014	0.38095238095238093	0.3141535520553589	0.5195616437838628	False	True
anti-mouse Siglec H	CD8	RNA_activation	42	0.010502900928258896	0.5714285714285714	0.3202027976512909	0.5228627961647662	False	True
anti-mouse CD5	CD8	RNA_activation	42	-0.03520822525024414	0.42857142857142855	0.3325282633304596	0.529582049007769	False	True
anti-mouse FcRI	CD8	RNA_activation	42	-0.013902038335800171	0.42857142857142855	0.3325282633304596	0.529582049007769	False	True
anti-mouse/rat CD29	CD8	RNA_activation	42	0.019303172826766968	0.5476190476190477	0.3515831530094147	0.5531003260757865	False	True
Rat IgG2a,  Isotype Ctrl	CD8	RNA_activation	42	-0.009362101554870605	0.4523809523809524	0.37131550908088684	0.5771048273666796	False	True
anti-mouse IgD	CD8	RNA_activation	42	0.016950547695159912	0.5476190476190477	0.3848446011543274	0.591011351772717	False	True
Mouse IgG1,  isotype Ctrl	CD8	RNA_activation	42	-0.002794921398162842	0.5	0.405694842338562	0.608542263507843	False	True
anti-mouse Tim-4	CD8	RNA_activation	42	-0.013510525226593018	0.4523809523809524	0.405694842338562	0.608542263507843	False	True
anti-mouse CD301b	CD8	RNA_activation	42	-0.018784532323479652	0.40476190476190477	0.4127921462059021	0.6120711133397859	False	True
Mouse IgG2b,  isotype Ctrl	CD8	RNA_activation	42	0.0005531907081604004	0.5	0.44190800189971924	0.6405183398321773	False	True
anti-mouse CD304 (Neuropilin-1)	CD8	RNA_activation	42	0.010403156280517578	0.5714285714285714	0.44190800189971924	0.6405183398321773	False	True
anti-mouse CD90.2	CD8	RNA_activation	42	-0.028992891311645508	0.40476190476190477	0.47216516733169556	0.6767700731754303	False	True
anti-mouse CD270 (HVEM)	CD8	RNA_activation	42	-0.021293282508850098	0.42857142857142855	0.495587021112442	0.7025354475110441	False	True
anti-mouse CD4	CD8	RNA_activation	42	-0.002309858798980713	0.47619047619047616	0.503529965877533	0.7060365825891495	False	True
anti-mouse CD199 (CCR9)	CD8	RNA_activation	42	0.006721571087837219	0.5476190476190477	0.5609571933746338	0.7698242334609336	False	True
anti-mouse CD2	CD8	RNA_activation	42	0.012813687324523926	0.5238095238095238	0.5609571933746338	0.7698242334609336	False	True
anti-mouse CD186 (CXCR6)	CD8	RNA_activation	42	-0.029272526502609253	0.42857142857142855	0.5694127082824707	0.773202519667776	False	True
anti-mouse CD79b (Ig)	CD8	RNA_activation	42	-0.003688037395477295	0.4523809523809524	0.5779285430908203	0.7765914797782898	False	True
anti-mouse/rat CD81	CD8	RNA_activation	42	-0.003257453441619873	0.47619047619047616	0.5951376557350159	0.7914717277300727	False	True
anti-mouse CD223 (LAG-3)	CD8	RNA_activation	42	0.011344540864229202	0.5476190476190477	0.6391501426696777	0.8245036840438842	False	True
anti-mouse CD301a	CD8	RNA_activation	42	0.008651301264762878	0.5238095238095238	0.6391501426696777	0.8245036840438842	False	True
anti-mouse/rat XCR1	CD8	RNA_activation	42	0.00970231369137764	0.5714285714285714	0.6302385926246643	0.8245036840438842	False	True
Rat IgG2b,  Isotype Ctrl	CD8	RNA_activation	42	0.00016826391220092773	0.5	0.66619473695755	0.8263377025723457	False	True
anti-human/mouse integrin 7	CD8	RNA_activation	42	0.028383970260620117	0.5714285714285714	0.66619473695755	0.8263377025723457	False	True
anti-mouse CD163	CD8	RNA_activation	42	0.0091266930103302	0.5476190476190477	0.6481140851974487	0.8263377025723457	False	True
anti-mouse CD272 (BTLA)	CD8	RNA_activation	42	-0.017766334116458893	0.47619047619047616	0.66619473695755	0.8263377025723457	False	True
anti-mouse Ly49H	CD8	RNA_activation	42	0.002073541283607483	0.5238095238095238	0.6936804056167603	0.8522359269005911	False	True
anti-mouse Ly-6G	CD8	RNA_activation	42	0.0060264356434345245	0.5714285714285714	0.721575140953064	0.8699363848873388	False	True
Rat IgG2c,  Isotype Ctrl	CD8	RNA_activation	42	-0.002266108989715576	0.5	0.721575140953064	0.8699363848873388	False	True
anti-mouse CD20	CD8	RNA_activation	42	0.0058869123458862305	0.5952380952380952	0.7498452663421631	0.8874315537443949	False	True
anti-mouse CD172a (SIRP)	CD8	RNA_activation	42	-0.0013156086206436157	0.47619047619047616	0.7498452663421631	0.8874315537443949	False	True
anti-mouse CD21/CD35 (CR2/CR1)	CD8	RNA_activation	42	-0.011263668537139893	0.40476190476190477	0.7880614399909973	0.9158551870165644	False	True
anti-mouse IgM	CD8	RNA_activation	42	0.0048626200295984745	0.5714285714285714	0.7880614399909973	0.9158551870165644	False	True
anti-mouse CD106	CD8	RNA_activation	42	-0.008549002930521965	0.42857142857142855	0.8267948627471924	0.9355836604770861	False	True
Armenian Hamster IgG Isotype Ctrl	CD8	RNA_activation	42	-0.0009309053421020508	0.5	0.8267948627471924	0.9355836604770861	False	True
anti-mouse Ly49D	CD8	RNA_activation	42	0.0027965307235717773	0.5238095238095238	0.8170679211616516	0.9355836604770861	False	True
anti-mouse CD23	CD8	RNA_activation	42	-0.0034210681915283203	0.47619047619047616	0.8463271856307983	0.9493583212728085	False	True
anti-mouse CD134 (OX-40)	CD8	RNA_activation	42	-0.0006262362003326416	0.5	0.8757998943328857	0.96009024201321	False	True
anti-mouse CD49b	CD8	RNA_activation	42	-0.020350627601146698	0.4523809523809524	0.8856646418571472	0.96009024201321	False	True
anti-mouse CD41	CD8	RNA_activation	42	0.004907712340354919	0.5	0.8856646418571472	0.96009024201321	False	True
anti-mouse CD45.1	CD8	RNA_activation	42	0.0199660062789917	0.5238095238095238	0.8757998943328857	0.96009024201321	False	True
anti-mouse CD150 (SLAM)	CD8	RNA_activation	42	-0.01122426986694336	0.4523809523809524	0.9054458737373352	0.9653100637364979	False	True
anti-mouse CD71	CD8	RNA_activation	42	-0.020824909210205078	0.4523809523809524	0.9054458737373352	0.9653100637364979	False	True
anti-mouse CD169/Siglec-1	CD8	RNA_activation	42	0.0018440037965774536	0.5238095238095238	0.9153593182563782	0.9678799348776458	False	True
Rat IgG1,  isotype Ctrl	CD8	RNA_activation	42	-0.011545687913894653	0.47619047619047616	0.9451726078987122	0.9880718489487966	False	True
Rat IgG1,  Isotype Ctrl	CD8	RNA_activation	42	0.010697603225708008	0.5952380952380952	0.9650934338569641	0.9880718489487966	False	True
anti-mouse CD68	CD8	RNA_activation	42	0.0010912418365478516	0.5	0.9650934338569641	0.9880718489487966	False	True
anti-mouse CD138 (Syndecan-1)	CD8	RNA_activation	42	-0.002327537862583995	0.5	0.9551295042037964	0.9880718489487966	False	True
anti-mouse CD200R (OX2R)	CD8	RNA_activation	42	-0.0015725046396255493	0.5	0.9750628471374512	0.9904181675648126	False	True
anti-mouse CD22	CD8	RNA_activation	42	0.005227208137512207	0.5238095238095238	0.9850361347198486	0.9927317295223475	False	True
anti-mouse CD36	CD8	RNA_activation	42	-0.003323167562484741	0.47619047619047616	0.9950118064880371	0.9950118064880371	False	True
