source_cell_type	ligand	receptor	target_lineage	n_mice	source_detection_fraction	target_receptor_detection_fraction	ligand_rho_RNA	ligand_FDR_RNA	ligand_rho_ADT	ligand_FDR_ADT	receptor_log2FC_RNA_selector	receptor_FDR_RNA_selector	receptor_log2FC_ADT_selector	receptor_FDR_ADT_selector	cross_modal_positive_direction	evidence_class	association_component	receptor_component	expression_component	replication_component	interaction_score	evidence_tier	tier_rank
T_cell	Tgfb1	Itgb8	CD4	47	0.4717292406914561	0.18253558522014898	0.13933857539315447	0.8928779136389008	0.49028677150786315	0.0681333722380128	0.6891265	0.0051899204345096	3.683282	5.056158660183512e-07	True	C — correlational	0.3148126734505088	0.7287347500000001	0.29344057833754256	0.75	0.5010562388751867	Tier 2 — single-modality source support	2
T_cell	Adam9	Itgav	CD4	47	0.209148317461603	0.5743048897411314	0.15356151711378355	0.8792060047906409	0.5417437557816837	0.024278597941840806	1.2293329	2.0869773052331223e-06	1.8817091	5.056158660183512e-07	True	C — correlational	0.3476526364477336	0.5185069999999999	0.34657596771751076	0.75	0.47062036630020887	Tier 2 — single-modality source support	2
T_cell	Lamc1	Itgav_Itgb8	CD4	47	0.3356727852328798	0.18253558522014898	0.332099907493062	0.5325071712252106	0.5211609620721555	0.03453992140782381	0.6891265	0.0051899204345096	1.8817091	5.056158660183512e-07	True	C — correlational	0.42663043478260876	0.4284725999999999	0.24753227727906738	0.75	0.4559452576297265	Tier 2 — single-modality source support	2
T_cell	Cd80	Ctla4	CD4	47	0.13125844185318908	0.7368537502765691	0.039546716003700286	0.9768512995899417	0.7106845513413507	0.00012639037783949023	0.36460972	0.0022377769720125	1.0837202	5.056158660183512e-07	True	C — correlational	0.3751156336725255	0.24138832	0.31099561915721796	0.75	0.4038366756168275	Tier 2 — single-modality source support	2
T_cell	Timp2	Itga3	CD4	47	0.09519629873753102	0.06150896083781991	0.37280296022201664	0.4349679379109198	0.5105226641998151	0.04444515639494513	0.8977821	0.0257278570387628	1.0267496	6.386277766181647e-05	True	C — correlational	0.44166281221091586	0.32075528333333336	0.0765207515054067	0.75	0.40007495540823523	Tier 2 — single-modality source support	2
T_cell	Adam9	Itga3	CD4	47	0.209148317461603	0.06150896083781991	0.15356151711378355	0.8792060047906409	0.5417437557816837	0.024278597941840806	0.8977821	0.0257278570387628	1.0267496	6.386277766181647e-05	True	C — correlational	0.3476526364477336	0.32075528333333336	0.11342176011701487	0.75	0.3745515956134431	Tier 2 — single-modality source support	2
T_cell	Cd200	Cd200r1	CD4	47	0.0721347018167593	0.17213658824397082	0.05064754856614247	0.9657953045265132	0.5260175763182239	0.03453992140782381	0.7418599	0.0177037961403789	0.56252146	0.0343447436730957	True	C — correlational	0.2883325624421832	0.21739689333333334	0.11143168967907248	0.75	0.32755195812391197	Tier 2 — single-modality source support	2
fibroblast	Il15	Il2ra	CD4	34	0.19562743118903161	0.4436905376502692	0.6678380443086326	0.046085914963686324	-0.33567608861726506	0.48924163014713423	2.1923113	1.9767398454773044e-06	2.582612	5.056158660183512e-07	False	C — correlational	0.3339190221543163	0.7958205500000001	0.29461507110703367	0.75	0.5247498094754175	Tier 3 — exploratory	3
neutrophil	Vegfa	Itgav	CD4	19	0.2761779637633229	0.5743048897411314	-0.22807017543859648	0.89272256556299	0.7263157894736841	0.06705326336733893	1.2293329	2.0869773052331223e-06	1.8817091	5.056158660183512e-07	False	C — correlational	0.36315789473684207	0.5185069999999999	0.39825915561104847	0.75	0.48638384428010445	Tier 3 — exploratory	3
neutrophil	Icam1	Il2ra	CD4	19	0.43616577528896844	0.4436905376502692	0.2719298245614035	0.8563921895281335	0.28596491228070176	0.732279565218814	2.1923113	1.9767398454773044e-06	2.582612	5.056158660183512e-07	True	C — correlational	0.2789473684210526	0.7958205500000001	0.4399120677392346	0.5	0.4845691299952154	Tier 3 — exploratory	3
T_cell	Vim	Cd44	CD4	47	0.7878166464633306	0.7128106792536324	0.40518038852913973	0.3783039802031702	0.5419750231267345	0.024278597941840806	0.9703646	1.9767398454773044e-06	-0.07839012	0.3301218053312729	False	C — correlational	0.4735777058279371	0.16172743333333334	0.7493758195277223	0.5	0.4560592192786558	Tier 3 — exploratory	3
T_cell	Lgals1	Cd69	CD4	47	0.8265680319999157	0.6489416623644813	0.3567298797409805	0.4945569779490295	0.24167437557816834	0.607839740886105	1.9274054	1.9767398454773044e-06	-1.0030642	5.056158660183512e-07	False	C — correlational	0.29920212765957444	0.32123423333333334	0.732389536205538	0.5	0.43150721025529204	Tier 3 — exploratory	3
neutrophil	Lamb3	Itgav_Itgb8	CD4	19	0.3163959346397426	0.18253558522014898	-0.3596491228070175	0.7621623264028842	0.7070175438596492	0.0914430238730272	0.6891265	0.0051899204345096	1.8817091	5.056158660183512e-07	False	C — correlational	0.3535087719298246	0.4284725999999999	0.24031961445279787	0.75	0.4289101430659982	Tier 3 — exploratory	3
neutrophil	Tgfb1	Itgb8	CD4	19	0.2725894805057312	0.18253558522014898	0.08070175438596491	0.9657953045265132	0.4333333333333333	0.5214994848270562	0.6891265	0.0051899204345096	3.683282	5.056158660183512e-07	True	C — correlational	0.2570175438596491	0.7287347500000001	0.2230633998417715	0.5	0.41675250781923145	Tier 3 — exploratory	3
neutrophil	Vegfa	Itgav	CD8	19	0.2761779637633229	0.47088801121161916	-0.5368421052631579	0.36798233093524524	0.7017543859649124	0.08853094464010566	0.72924757	0.0002047553241208	0.9842701	0.0001382533409225	False	C — correlational	0.3508771929824562	0.28558627833333333	0.3606229223121926	0.75	0.41632817158963153	Tier 3 — exploratory	3
fibroblast	Lgals1	Cd69	CD8	34	0.952172391156198	0.7205164139805493	0.40106951871657753	0.3759647036735458	-0.31336898395721924	0.5639412367007802	1.9068255	1.5142373072636011e-05	-0.67057323	0.0001101337737488	False	C — correlational	0.20053475935828877	0.31780425	0.8282848765775871	0.5	0.41529520359091854	Tier 3 — exploratory	3
fibroblast	Tnfsf12	Tnfrsf8	CD4	34	0.48800306613688277	0.08982963345379454	0.3659281894576012	0.574564995959852	-0.4093200916730328	0.3087825630051692	1.0535593	0.0127863749654505	3.9547806	5.056158660183512e-07	False	C — correlational	0.1829640947288006	0.8347233166666667	0.20937319922904182	0.5	0.4145929021675553	Tier 3 — exploratory	3
B_cell	Hapln1	Il1rl1	CD4	34	0.04247528607970255	0.12390294269488902	0.42791630077435255	0.4617507057047601	-0.14110994841540814	0.8481016978242799	3.4961667	5.75638756121595e-06	1.8961377	1.5663207222128604e-06	False	C — correlational	0.21395815038717628	0.8987173999999999	0.072545247515481	0.5	0.41407375213860786	Tier 3 — exploratory	3
monocyte_macrophage	Vegfa	Itgav	CD4	45	0.4410770351739879	0.5743048897411314	0.04387351778656126	0.9743208012554267	0.42503293807641634	0.18303310516030807	1.2293329	2.0869773052331223e-06	1.8817091	5.056158660183512e-07	True	C — correlational	0.23445322793148882	0.5185069999999999	0.5033017961948301	0.5	0.41234573901498706	Tier 3 — exploratory	3
B_cell	Icam1	Il2ra	CD4	34	0.22561302413730444	0.4436905376502692	0.27914438502673794	0.7423079637441454	-0.4090145148968678	0.3087825630051692	2.1923113	1.9767398454773044e-06	2.582612	5.056158660183512e-07	False	C — correlational	0.13957219251336897	0.7958205500000001	0.316389576282759	0.5	0.41108332013623095	Tier 3 — exploratory	3
dendritic	Ltf	Il1rl1	CD4	38	0.007059170974990269	0.12390294269488902	-0.09868217907069061	0.9434027633670761	0.44417969688611525	0.20773772403398108	3.4961667	5.75638756121595e-06	1.8961377	1.5663207222128604e-06	False	C — correlational	0.22208984844305762	0.8987173999999999	0.02957451701698006	0.5	0.40832570035846616	Tier 3 — exploratory	3
T_cell	Icam1	Il2ra	CD4	47	0.33127878502251057	0.4436905376502692	-0.05319148936170213	0.9657953045265132	0.16743755781683625	0.7497919737962544	2.1923113	1.9767398454773044e-06	2.582612	5.056158660183512e-07	False	C — correlational	0.08371877890841813	0.7958205500000001	0.38338657023788103	0.5	0.4049340241655226	Tier 3 — exploratory	3
melanoma	Adam9	Itgav	CD4	42	0.5575670432304983	0.5743048897411314	0.35402317478324286	0.5163462245377824	-0.23717689004132567	0.6642692140757137	1.2293329	2.0869773052331223e-06	1.8817091	5.056158660183512e-07	False	C — correlational	0.17701158739162143	0.5185069999999999	0.5658740843030188	0.5	0.40475562244767127	Tier 3 — exploratory	3
monocyte_macrophage	Ltf	Il1rl1	CD4	45	0.012220787792364777	0.12390294269488902	0.04795941897921116	0.9696360943361013	0.3627260451916711	0.30797362221763813	3.4961667	5.75638756121595e-06	1.8961377	1.5663207222128604e-06	True	C — correlational	0.20534273208544113	0.8987173999999999	0.03891261452952978	0.5	0.40433182913581034	Tier 3 — exploratory	3
fibroblast	Icam1	Il2ra	CD4	34	0.5814101512878475	0.4436905376502692	0.006569900687547746	0.9955588106697149	-0.3915966386554622	0.3446684134991055	2.1923113	1.9767398454773044e-06	2.582612	5.056158660183512e-07	False	C — correlational	0.003284950343773873	0.7958205500000001	0.5079037139263991	0.5	0.4016856129056007	Tier 3 — exploratory	3
dendritic	Icam1	Il2ra	CD4	38	0.5402550229572546	0.4436905376502692	0.0207922959072007	0.9900613902584695	-0.056029765813088196	0.9451168105565952	2.1923113	1.9767398454773044e-06	2.582612	5.056158660183512e-07	False	C — correlational	0.01039614795360035	0.7958205500000001	0.48959783660077877	0.5	0.40051335660391596	Tier 3 — exploratory	3
dendritic	Adam9	Itgav	CD4	38	0.3367063378161224	0.5743048897411314	0.4731888815933464	0.3203709536139159	-0.08798424162836505	0.9079191749637788	1.2293329	2.0869773052331223e-06	1.8817091	5.056158660183512e-07	False	C — correlational	0.2365944407966732	0.5185069999999999	0.43974094216325627	0.5	0.4003829927114868	Tier 3 — exploratory	3
fibroblast	Lama4	Itgav_Itgb8	CD4	34	0.8114284519294205	0.18253558522014898	0.3781512605042016	0.5446699846561429	-0.5669977081741787	0.0681333722380128	0.6891265	0.0051899204345096	1.8817091	5.056158660183512e-07	False	C — correlational	0.1890756302521008	0.4284725999999999	0.38485655423445275	0.75	0.40026593143512584	Tier 3 — exploratory	3
NK	Tnfsf4	Tnfrsf4	CD4	43	0.06121715950435391	0.5369865034294565	-0.2621564482029598	0.7027466464625324	0.5247659317426758	0.0520938316243879	0.90017176	1.2458299388725386e-05	1.9858522	5.056158660183512e-07	False	C — correlational	0.2623829658713379	0.4810039933333334	0.18130854484035308	0.75	0.39834674535637227	Tier 3 — exploratory	3
T_cell	Pkm	Cd44	CD8	47	0.6782231957503377	0.6943984371682166	-0.5376965772432932	0.03943324681796973	0.4617252543940796	0.09653357311273301	0.72633934	2.259520716935255e-05	-0.06925821	0.6463675366823181	False	C — correlational	0.2308626271970398	0.12105655666666666	0.6862631617537605	0.75	0.39831869103638273	Tier 3 — exploratory	3
T_cell	Calr	Itgav	CD4	47	0.6105039733491235	0.5743048897411314	-0.22282608695652173	0.7621623264028842	0.28677150786308975	0.4891000339624999	1.2293329	2.0869773052331223e-06	1.8817091	5.056158660183512e-07	False	C — correlational	0.14338575393154487	0.5185069999999999	0.5921278722546263	0.5	0.39823733832696595	Tier 3 — exploratory	3
monocyte_macrophage	Tnfsf12	Tnfrsf8	CD4	45	0.151806879795463	0.08982963345379454	0.11923583662714096	0.9176095062003817	0.256258234519104	0.5822965329699646	1.0535593	0.0127863749654505	3.9547806	5.056158660183512e-07	True	C — correlational	0.1877470355731225	0.8347233166666667	0.1167765231876283	0.5	0.3977475962547852	Tier 3 — exploratory	3
melanoma	Hapln1	Il1rl1	CD4	42	0.17841210818127382	0.12390294269488902	0.04837533425168139	0.9712803667175285	0.19844421035572482	0.7272365186224934	3.4961667	5.75638756121595e-06	1.8961377	1.5663207222128604e-06	True	C — correlational	0.1234097723037031	0.8987173999999999	0.14868014398721408	0.5	0.3976087991037389	Tier 3 — exploratory	3
NK	Lgals1	Cd69	CD4	43	0.8944576771457604	0.6489416623644813	0.34143763213530653	0.5423389545011166	-0.05527031108426458	0.9413355242281999	1.9274054	1.9767398454773044e-06	-1.0030642	5.056158660183512e-07	False	C — correlational	0.17071881606765327	0.32123423333333334	0.7618732518743798	0.5	0.3924347943318879	Tier 3 — exploratory	3
neutrophil	Il15	Il2ra	CD4	19	0.36824131003466676	0.4436905376502692	0.07192982456140351	0.9725170202216085	-0.21403508771929824	0.8134106642344313	2.1923113	1.9767398454773044e-06	2.582612	5.056158660183512e-07	False	C — correlational	0.035964912280701755	0.7958205500000001	0.4042093329381705	0.5	0.3923847233858797	Tier 3 — exploratory	3
neutrophil	Ccl4	Ccr1	CD4	19	0.7091376908983326	0.05760011800280257	0.03859649122807017	0.9870245061358617	0.5614035087719299	0.29343496005707087	0.9877887	0.0003209118862604	2.4769979	2.4742761969152587e-05	True	C — correlational	0.30000000000000004	0.5774644333333333	0.20210495955314628	0.5	0.38978710024396257	Tier 3 — exploratory	3
melanoma	Nid1	Itgav	CD4	42	0.23940686160896335	0.5743048897411314	0.4820516975933879	0.2575829689944422	-0.4271128757799206	0.20366366789131848	1.2293329	2.0869773052331223e-06	1.8817091	5.056158660183512e-07	False	C — correlational	0.24102584879669395	0.5185069999999999	0.3707998533705293	0.5	0.38814576775294873	Tier 3 — exploratory	3
fibroblast	Nid1	Itgav	CD4	34	0.861256271150112	0.5743048897411314	0.06432391138273491	0.9657953045265132	0.0346829640947288	0.9673740924169476	1.2293329	2.0869773052331223e-06	1.8817091	5.056158660183512e-07	True	C — correlational	0.04950343773873185	0.5185069999999999	0.7032948797209625	0.5	0.38761192915274867	Tier 3 — exploratory	3
T_cell	Lamc1	Cd44	CD4	47	0.3356727852328798	0.7128106792536324	0.332099907493062	0.5325071712252106	0.5211609620721555	0.03453992140782381	0.9703646	1.9767398454773044e-06	-0.07839012	0.3301218053312729	False	C — correlational	0.42663043478260876	0.16172743333333334	0.48915349947517267	0.5	0.38758321040228094	Tier 3 — exploratory	3
NK	Icam1	Il2ra	CD4	43	0.4313303953890893	0.4436905376502692	-0.30066445182724255	0.6241253262359622	-0.08985200845665961	0.8998337148341948	2.1923113	1.9767398454773044e-06	2.582612	5.056158660183512e-07	False	C — correlational	0.0	0.7958205500000001	0.4374668159244633	0.5	0.38644850068489267	Tier 3 — exploratory	3
B_cell	Calr	Itgav	CD4	34	0.7450408066302517	0.5743048897411314	0.1437738731856379	0.9066728195048945	-0.2372803666921314	0.7047114608458159	1.2293329	2.0869773052331223e-06	1.8817091	5.056158660183512e-07	False	C — correlational	0.07188693659281895	0.5185069999999999	0.654125812290289	0.5	0.38561234026554436	Tier 3 — exploratory	3
dendritic	Il15	Il2ra	CD4	38	0.28511146829659617	0.4436905376502692	0.08842197417377981	0.9462320003213643	-0.21098708688991027	0.7218414118453298	2.1923113	1.9767398454773044e-06	2.582612	5.056158660183512e-07	False	C — correlational	0.044210987086889905	0.7958205500000001	0.355670157110172	0.5	0.3855630144024459	Tier 3 — exploratory	3
T_cell	Pkm	Cd44	CD4	47	0.6782231957503377	0.7128106792536324	-0.025323774283071233	0.9852724770006067	0.6058048103607772	0.007419977779077409	0.9703646	1.9767398454773044e-06	-0.07839012	0.3301218053312729	False	C — correlational	0.3029024051803886	0.16172743333333334	0.695301903383248	0.5	0.38550808082311894	Tier 3 — exploratory	3
NK	Calr	Itgav	CD4	43	0.7225930243000751	0.5743048897411314	-0.019027484143763214	0.9900613902584695	0.14376321353065538	0.7992223299147302	1.2293329	2.0869773052331223e-06	1.8817091	5.056158660183512e-07	False	C — correlational	0.07188160676532769	0.5185069999999999	0.6441961713238952	0.5	0.38362454663264367	Tier 3 — exploratory	3
melanoma	Lgals1	Cd69	CD4	42	0.8108054294938004	0.6489416623644813	0.33084839154039386	0.574564995959852	-0.15274288955514143	0.7896853398101472	1.9274054	1.9767398454773044e-06	-1.0030642	5.056158660183512e-07	False	C — correlational	0.16542419577019693	0.32123423333333334	0.7253726099528808	0.5	0.3832815488434784	Tier 3 — exploratory	3
neutrophil	Ltf	Il1rl1	CD4	19	0.07070651352038804	0.12390294269488902	-0.3585242795218639	0.7621623264028842	0.22671388263882572	0.7949323614880917	3.4961667	5.75638756121595e-06	1.8961377	1.5663207222128604e-06	False	C — correlational	0.11335694131941286	0.8987173999999999	0.09359885198479752	0.5	0.38307404985875393	Tier 3 — exploratory	3
NK	Adam9	Itgav	CD4	43	0.2360352473029074	0.5743048897411314	0.040018121413470255	0.9768512995899417	0.41362126245847175	0.21061492123343878	1.2293329	2.0869773052331223e-06	1.8817091	5.056158660183512e-07	True	C — correlational	0.226819691935971	0.5185069999999999	0.36817957123843376	0.5	0.38264955642527654	Tier 3 — exploratory	3
fibroblast	Calr	Itgav	CD4	34	0.9190518332063387	0.5743048897411314	0.04201680672268907	0.9780521178940972	-0.4203208556149732	0.29501816247053647	1.2293329	2.0869773052331223e-06	1.8817091	5.056158660183512e-07	False	C — correlational	0.021008403361344536	0.5185069999999999	0.7265094367838253	0.5	0.38228157853323563	Tier 3 — exploratory	3
fibroblast	Hapln1	Il1rl1	CD4	34	0.062025899901987695	0.12390294269488902	0.22811306340718102	0.8132227793746961	-0.13124522536287242	0.8592894297607107	3.4961667	5.75638756121595e-06	1.8961377	1.5663207222128604e-06	False	C — correlational	0.11405653170359051	0.8987173999999999	0.08766522412653095	0.5	0.38213218092156287	Tier 3 — exploratory	3
monocyte_macrophage	Icam1	Il2ra	CD4	45	0.3265590178209809	0.4436905376502692	-0.08722002635046114	0.9447797674486256	0.03689064558629776	0.9594231765165508	2.1923113	1.9767398454773044e-06	2.582612	5.056158660183512e-07	False	C — correlational	0.01844532279314888	0.7958205500000001	0.38064569640485213	0.5	0.3815401397585726	Tier 3 — exploratory	3
T_cell	Il15	Il2ra	CD4	47	0.029062653294591134	0.4436905376502692	0.2738205365402405	0.6531160285058807	0.06810823311748382	0.9236285620365247	2.1923113	1.9767398454773044e-06	2.582612	5.056158660183512e-07	True	C — correlational	0.17096438482886217	0.7958205500000001	0.11355537973086308	0.5	0.3815037481362744	Tier 3 — exploratory	3
fibroblast	Tgfb1	Itgb8	CD4	34	0.6008007215673637	0.18253558522014898	-0.45423987776928954	0.40380370732403204	0.18838808250572958	0.764550818246445	0.6891265	0.0051899204345096	3.683282	5.056158660183512e-07	False	C — correlational	0.09419404125286479	0.7287347500000001	0.3311608541358512	0.5	0.3813837727656729	Tier 3 — exploratory	3
monocyte_macrophage	Adam15	Itgav	CD4	45	0.4061146347680161	0.5743048897411314	0.31291172595520417	0.5764406756844669	-0.005533596837944664	0.9967338371824842	1.2293329	2.0869773052331223e-06	1.8817091	5.056158660183512e-07	False	C — correlational	0.15645586297760208	0.5185069999999999	0.48294266796660795	0.5	0.3809748356354823	Tier 3 — exploratory	3
fibroblast	Icam1	Il2ra	CD8	34	0.5814101512878475	0.43156240710069216	-0.009014514896867836	0.989098502977202	-0.5346065699006874	0.09653357311273301	2.4752283	1.5142373072636011e-05	0.65311027	0.0001744031490831	False	C — correlational	0.0	0.5213897616666666	0.5009139291360952	0.75	0.3805302262438857	Tier 3 — exploratory	3
melanoma	Tnfsf12	Tnfrsf8	CD4	42	0.09731612833804841	0.08982963345379454	0.24569506928314952	0.7488169920988417	0.05729103363561567	0.9397164610754618	1.0535593	0.0127863749654505	3.9547806	5.056158660183512e-07	True	C — correlational	0.1514930514593826	0.8347233166666667	0.09349797932441811	0.5	0.38040299304233416	Tier 3 — exploratory	3
melanoma	Vegfa	Itgav	CD4	42	0.5128994264582857	0.5743048897411314	0.24041811846689898	0.760415731411169	-0.24025605704562028	0.6593922814360743	1.2293329	2.0869773052331223e-06	1.8817091	5.056158660183512e-07	False	C — correlational	0.12020905923344949	0.5185069999999999	0.5427344180724263	0.5	0.3802468043461926	Tier 3 — exploratory	3
neutrophil	S100a8	Cd69	CD8	19	0.7090678006567398	0.7205164139805493	0.0824561403508772	0.9478221811050657	0.24736842105263157	0.8173349432731329	1.9068255	1.5142373072636011e-05	-0.67057323	0.0001101337737488	False	C — correlational	0.1649122807017544	0.31780425	0.7147691858203382	0.5	0.38012419790968166	Tier 3 — exploratory	3
T_cell	Ltf	Il1rl1	CD4	47	0.0027455295638182417	0.12390294269488902	0.0477209676267511	0.9682963193627092	0.24485194662307563	0.5993489569850967	3.4961667	5.75638756121595e-06	1.8961377	1.5663207222128604e-06	True	C — correlational	0.14628645712491337	0.8987173999999999	0.01844394730563106	0.5	0.3795683994548459	Tier 3 — exploratory	3
T_cell	Tnfsf8	Tnfrsf8	CD4	47	0.2429971350518067	0.08982963345379454	0.2326549491211841	0.7456374816035954	-0.3817067530064755	0.25067300327844155	1.0535593	0.0127863749654505	3.9547806	5.056158660183512e-07	False	C — correlational	0.11632747456059205	0.8347233166666667	0.1477441828703452	0.5	0.37894428183694295	Tier 3 — exploratory	3
melanoma	Mfge8	Itgav	CD4	42	0.45547239581373816	0.5743048897411314	0.2545174621181428	0.7335945110909795	-0.19893039461956083	0.7259165747027061	1.2293329	2.0869773052331223e-06	1.8817091	5.056158660183512e-07	False	C — correlational	0.1272587310590714	0.5185069999999999	0.5114489457002896	0.5	0.3764570950107329	Tier 3 — exploratory	3
monocyte_macrophage	Thbs1	Sdc4	CD4	45	0.6970679046527882	0.11269267645106573	0.08761528326745717	0.9441039446304704	0.32714097496706185	0.3855464858877909	1.3839569	4.1123406689643414e-05	2.142109	1.6900057552958785e-06	True	C — correlational	0.2073781291172595	0.5876776499999999	0.28027566402286697	0.5	0.37555689049561425	Tier 3 — exploratory	3
B_cell	Cd86	Ctla4	CD4	34	0.8666061103817495	0.7368537502765691	0.3142857142857143	0.669639629507233	-0.2333078686019862	0.7056416991555745	0.36460972	0.0022377769720125	1.0837202	5.056158660183512e-07	False	C — correlational	0.15714285714285714	0.24138832	0.7991007210905159	0.5	0.3751672242181032	Tier 3 — exploratory	3
melanoma	Adam15	Itgav	CD4	42	0.39440163815546775	0.5743048897411314	0.2874159306377117	0.6587842540648466	-0.17721416416821975	0.75017070110724	1.2293329	2.0869773052331223e-06	1.8817091	5.056158660183512e-07	False	C — correlational	0.14370796531885585	0.5185069999999999	0.47592729414753837	0.5	0.37510999669110723	Tier 3 — exploratory	3
dendritic	Hapln1	Il1rl1	CD4	38	0.02966799714962411	0.12390294269488902	0.21582265069145154	0.8129803344575441	-0.007226938074904008	0.9961620769274951	3.4961667	5.75638756121595e-06	1.8961377	1.5663207222128604e-06	False	C — correlational	0.10791132534572577	0.8987173999999999	0.06062963096293764	0.5	0.3745742400635915	Tier 3 — exploratory	3
dendritic	Calr	Itgav	CD4	38	0.7941276935511279	0.5743048897411314	0.05384110308601444	0.967873822198081	-0.22543226088859705	0.7032254408611395	1.2293329	2.0869773052331223e-06	1.8817091	5.056158660183512e-07	False	C — correlational	0.02692055154300722	0.5185069999999999	0.6753305986591008	0.5	0.3741150627718727	Tier 3 — exploratory	3
T_cell	Col18a1	Itga3	CD4	47	0.016098030080300366	0.06150896083781991	0.21282992694852354	0.7769609593964136	0.5604926139198552	0.01610664681371483	0.8977821	0.0257278570387628	1.0267496	6.386277766181647e-05	True	C — correlational	0.38666127043418935	0.32075528333333336	0.03146701609265235	0.75	0.3718136687038301	Tier 3 — exploratory	3
T_cell	Itgav	Thy1	CD4	47	0.5384417761672972	0.5644959067777859	0.1898704902867715	0.8181630407925856	0.6258094357076781	0.0036866912484448955	0.18670177	0.6125126065597069	0.26098633	0.0052132826451449	True	C — correlational	0.4078399629972248	0.07461468333333333	0.5513149541637702	0.5	0.37166064871511606	Tier 3 — exploratory	3
B_cell	Ltf	Il1rl1	CD4	34	0.003826630458501589	0.12390294269488902	0.2421419290775189	0.7898241216496289	-0.09894333168699175	0.9025637890227338	3.4961667	5.75638756121595e-06	1.8961377	1.5663207222128604e-06	False	C — correlational	0.12107096453875946	0.8987173999999999	0.021774544183845487	0.5	0.37140909642533493	Tier 3 — exploratory	3
melanoma	Icam1	Il2ra	CD8	42	0.10324456675480648	0.43156240710069216	0.3261486103233125	0.46663628065084944	0.23458390730086703	0.679066735870504	2.4752283	1.5142373072636011e-05	0.65311027	0.0001744031490831	True	C — correlational	0.28036625881208976	0.5213897616666666	0.21108404427803723	0.5	0.3706924398565056	Tier 3 — exploratory	3
T_cell	Tgfb1	Itgb1	CD4	47	0.4717292406914561	0.6470241168227746	0.13933857539315447	0.8928779136389008	0.49028677150786315	0.0681333722380128	-0.27310753	0.0222896046084842	-1.6698895	5.056158660183512e-07	False	C — correlational	0.3148126734505088	0.0	0.5524673703829643	0.75	0.37067790978427095	Tier 3 — exploratory	3
melanoma	Ltf	Il1rl1	CD4	42	0.0028576499599874128	0.12390294269488902	-0.09941894361446751	0.9409813941410932	0.24056124717205582	0.6586975045467127	3.4961667	5.75638756121595e-06	1.8961377	1.5663207222128604e-06	False	C — correlational	0.12028062358602791	0.8987173999999999	0.018816780788285022	0.5	0.37054092441276676	Tier 3 — exploratory	3
monocyte_macrophage	Calr	Itgav	CD4	45	0.7960696899063718	0.5743048897411314	0.02898550724637681	0.98230648046101	-0.013175230566534914	0.9872827694337377	1.2293329	2.0869773052331223e-06	1.8817091	5.056158660183512e-07	False	C — correlational	0.014492753623188404	0.5185069999999999	0.6761558366885074	0.5	0.36993038110581744	Tier 3 — exploratory	3
T_cell	Tgfb1	Cxcr4	CD4	47	0.4717292406914561	0.42599011726528513	0.13933857539315447	0.8928779136389008	0.49028677150786315	0.0681333722380128	0.45349312	0.0034569290163712	-1.279254	1.4777777323999814e-06	False	C — correlational	0.3148126734505088	0.07558218666666668	0.44827669419636046	0.75	0.36873532121361685	Tier 3 — exploratory	3
NK	Tnfsf12	Tnfrsf8	CD4	43	0.1806572410599242	0.08982963345379454	0.19510721836303233	0.8248799050347996	-0.05360918151615826	0.9435255608701242	1.0535593	0.0127863749654505	3.9547806	5.056158660183512e-07	False	C — correlational	0.09755360918151616	0.8347233166666667	0.1273906344484821	0.5	0.3683027192698938	Tier 3 — exploratory	3
NK	Tnfsf8	Tnfrsf8	CD4	43	0.10940487662602784	0.08982963345379454	-0.040169133192389	0.9768512995899417	0.2257626094835397	0.6718782102285347	1.0535593	0.0127863749654505	3.9547806	5.056158660183512e-07	False	C — correlational	0.11288130474176986	0.8347233166666667	0.09913526095882177	0.5	0.36801633801805045	Tier 3 — exploratory	3
NK	Tgfb1	Itgb8	CD4	43	0.6524437898969577	0.18253558522014898	-0.20598006644518274	0.8080640002896663	0.09543944427665359	0.8964275541078371	0.6891265	0.0051899204345096	3.683282	5.056158660183512e-07	False	C — correlational	0.047719722138326794	0.7287347500000001	0.34510028833962614	0.5	0.3679056479163396	Tier 3 — exploratory	3
monocyte_macrophage	Il15	Il2ra	CD4	45	0.24049306746900198	0.4436905376502692	0.017391304347826084	0.9902858743870019	-0.08906455862977601	0.8998337148341948	2.1923113	1.9767398454773044e-06	2.582612	5.056158660183512e-07	False	C — correlational	0.008695652173913042	0.7958205500000001	0.3266565450231848	0.5	0.3673299247655065	Tier 3 — exploratory	3
fibroblast	Mfge8	Itgav	CD4	34	0.7833949688938339	0.5743048897411314	0.01787624140565317	0.9914126741654551	-0.023376623376623374	0.9746379144700837	1.2293329	2.0869773052331223e-06	1.8817091	5.056158660183512e-07	False	C — correlational	0.008938120702826584	0.5185069999999999	0.6707514899233026	0.5	0.36690539023064983	Tier 3 — exploratory	3
T_cell	Hapln1	Il1rl1	CD4	47	0.03890888803404937	0.12390294269488902	0.0912349676225717	0.9416858184869449	0.06348288621646624	0.9280393402082897	3.4961667	5.75638756121595e-06	1.8961377	1.5663207222128604e-06	True	C — correlational	0.07735892691951897	0.8987173999999999	0.06943288647611212	0.5	0.36564155171705404	Tier 3 — exploratory	3
melanoma	Il15	Il2ra	CD4	42	0.15207409318153076	0.4436905376502692	0.08419090835426628	0.9462320003213643	-0.2071955271047727	0.7129182135069779	2.1923113	1.9767398454773044e-06	2.582612	5.056158660183512e-07	False	C — correlational	0.04209545417713314	0.7958205500000001	0.25975726393383214	0.5	0.365639999248763	Tier 3 — exploratory	3
fibroblast	Adam9	Itgav	CD4	34	0.7789249623874032	0.5743048897411314	-0.14499618029029793	0.9063036726473789	-0.11779984721161191	0.878706695329992	1.2293329	2.0869773052331223e-06	1.8817091	5.056158660183512e-07	False	C — correlational	0.0	0.5185069999999999	0.6688351176788735	0.5	0.36339377353577473	Tier 3 — exploratory	3
monocyte_macrophage	Il15	Il2ra	CD8	45	0.24049306746900198	0.43156240710069216	0.39196310935441364	0.2559007924234435	-0.24808959156785243	0.6242914522320309	2.4752283	1.5142373072636011e-05	0.65311027	0.0001744031490831	False	C — correlational	0.19598155467720682	0.5213897616666666	0.32216108872418414	0.5	0.3633732022985259	Tier 3 — exploratory	3
NK	Vegfa	Itgav	CD4	43	0.38917053236249743	0.5743048897411314	-0.21926910299003324	0.7796283396664692	0.22364844457867714	0.678311097760114	1.2293329	2.0869773052331223e-06	1.8817091	5.056158660183512e-07	False	C — correlational	0.11182422228933857	0.5185069999999999	0.47276055216033147	0.5	0.3633173382333348	Tier 3 — exploratory	3
T_cell	Il10	Cd70	CD4	47	0.057833250951669773	0.020429235194335867	0.036771507863089734	0.9780521178940972	0.52104532839963	0.03453992140782381	0.0	1.0	3.8077245	9.912040136701431e-06	False	C — correlational	0.27890841813135986	0.63462075	0.034372795721976275	0.5	0.3631476929903712	Tier 3 — exploratory	3
neutrophil	Icam1	Il2ra	CD8	19	0.43616577528896844	0.43156240710069216	0.0017543859649122807	0.9981117784080981	0.256140350877193	0.8072909829183418	2.4752283	1.5142373072636011e-05	0.65311027	0.0001744031490831	True	C — correlational	0.12894736842105264	0.5213897616666666	0.43385798584173463	0.5	0.362250616532382	Tier 3 — exploratory	3
T_cell	Nid1	Itgav	CD4	47	0.010102601617079408	0.5743048897411314	0.3323986009310138	0.5316438228845488	0.33708190005702043	0.33387546572949267	1.2293329	2.0869773052331223e-06	1.8817091	5.056158660183512e-07	True	C — correlational	0.3347402504940171	0.5185069999999999	0.07617068667010535	0.5	0.36201997500692706	Tier 3 — exploratory	3
neutrophil	Vegfa	Itgb1	CD4	19	0.2761779637633229	0.6470241168227746	-0.22807017543859648	0.89272256556299	0.7263157894736841	0.06705326336733893	-0.27310753	0.0222896046084842	-1.6698895	5.056158660183512e-07	False	C — correlational	0.36315789473684207	0.0	0.4227218980486772	0.75	0.3616496427676302	Tier 3 — exploratory	3
fibroblast	Nid1	Itgav	CD8	34	0.861256271150112	0.47088801121161916	0.26692131398013746	0.6622594723876417	0.08632543926661573	0.9358999781247261	0.72924757	0.0002047553241208	0.9842701	0.0001382533409225	True	C — correlational	0.1766233766233766	0.28558627833333333	0.6368322013414611	0.5	0.3605811916698074	Tier 3 — exploratory	3
NK	Tnfsf4	Tnfrsf4	CD8	43	0.06121715950435391	0.16953327387777628	-0.5179704016913319	0.06181551269955601	0.4821806100875868	0.09653357311273301	0.5449467	0.1818946036510169	1.9839206	1.6846005428952665e-05	False	C — correlational	0.2410903050437934	0.4214778833333333	0.1018741648715274	0.75	0.3601259105729665	Tier 3 — exploratory	3
fibroblast	Cxcl12	Itgav	CD4	34	0.6722070493480863	0.5743048897411314	0.03498854087089381	0.9802269341428599	-0.3833460656990068	0.3681866512091834	1.2293329	2.0869773052331223e-06	1.8817091	5.056158660183512e-07	False	C — correlational	0.017494270435446903	0.5185069999999999	0.6213306650722012	0.5	0.3600158776668466	Tier 3 — exploratory	3
NK	Ccl4	Ccr5	CD8	43	0.6343440916702875	0.5847878710663776	0.49984898822108126	0.0864256323914709	-0.18997281787979461	0.7674208524834459	-0.2535386	0.0039152746456846	-0.58276033	0.0002887777376889	False	C — correlational	0.24992449411054063	0.0	0.6090621732560663	0.75	0.3592860075899025	Tier 3 — exploratory	3
neutrophil	Lamb3	Cd44	CD4	19	0.3163959346397426	0.7128106792536324	-0.3596491228070175	0.7621623264028842	0.7070175438596492	0.0914430238730272	0.9703646	1.9767398454773044e-06	-0.07839012	0.3301218053312729	False	C — correlational	0.3535087719298246	0.16172743333333334	0.4749004117534989	0.5	0.35914001085947167	Tier 3 — exploratory	3
melanoma	Calr	Itgav	CD4	42	0.7293456994097538	0.5743048897411314	-0.13232315047402965	0.9026061824151342	-0.21286767684952598	0.7047114608458159	1.2293329	2.0869773052331223e-06	1.8817091	5.056158660183512e-07	False	C — correlational	0.0	0.5185069999999999	0.6471991976839024	0.5	0.3590665895367805	Tier 3 — exploratory	3
fibroblast	Lama4	Cd44	CD4	34	0.8114284519294205	0.7128106792536324	0.3781512605042016	0.5446699846561429	-0.5669977081741787	0.0681333722380128	0.9703646	1.9767398454773044e-06	-0.07839012	0.3301218053312729	False	C — correlational	0.1890756302521008	0.16172743333333334	0.760522758361335	0.5	0.35871288059383566	Tier 3 — exploratory	3
monocyte_macrophage	Lgals1	Cd69	CD4	45	0.7807729061050843	0.6489416623644813	0.08774703557312252	0.9441039446304704	0.11673254281949934	0.8552903027448547	1.9274054	1.9767398454773044e-06	-1.0030642	5.056158660183512e-07	False	C — correlational	0.10223978919631094	0.32123423333333334	0.7118118203689655	0.5	0.3584548486258352	Tier 3 — exploratory	3
dendritic	Edil3	Itgav	CD4	38	0.13545882642075974	0.5743048897411314	0.06500328299409061	0.964089593822613	0.3475596410593127	0.41554560187031864	1.2293329	2.0869773052331223e-06	1.8817091	5.056158660183512e-07	True	C — correlational	0.20628146202670167	0.5185069999999999	0.27891695246441633	0.5	0.3576086522022288	Tier 3 — exploratory	3
B_cell	Lgals1	Cd69	CD8	34	0.7095472210164819	0.7205164139805493	0.19877769289533992	0.7928982784932093	-0.30359052711993884	0.5879041139820904	1.9068255	1.5142373072636011e-05	-0.67057323	0.0001101337737488	False	C — correlational	0.09938884644766996	0.31780425	0.715010782601675	0.5	0.35723931527701946	Tier 3 — exploratory	3
T_cell	Cd80	Cd28	CD4	47	0.13125844185318908	0.7874474518769823	0.039546716003700286	0.9768512995899417	0.7106845513413507	0.00012639037783949023	0.25903893	0.0036979580456348	-0.76767826	5.056158660183512e-07	False	C — correlational	0.3751156336725255	0.043173155	0.3214951408258557	0.75	0.35638278870055506	Tier 3 — exploratory	3
neutrophil	Vegfa	Cd44	CD4	19	0.2761779637633229	0.7128106792536324	-0.22807017543859648	0.89272256556299	0.7263157894736841	0.06705326336733893	0.9703646	1.9767398454773044e-06	-0.07839012	0.3301218053312729	False	C — correlational	0.36315789473684207	0.16172743333333334	0.44369201248728746	0.5	0.35627552398868556	Tier 3 — exploratory	3
fibroblast	Ccl11	Ccr2	CD4	34	0.4917875104089056	0.4642672763478134	0.33414820473644	0.6315142013982823	-0.5676088617265087	0.0681333722380128	0.54284763	0.0007041352440217	0.71051407	0.0003262745216705	False	C — correlational	0.16707410236822	0.2088936166666667	0.4778293084349416	0.75	0.35626520168253206	Tier 3 — exploratory	3
dendritic	Icam1	Il2ra	CD8	38	0.5402550229572546	0.43156240710069216	0.16765156489384986	0.819021166643874	-0.12847450207922956	0.8664853282367705	2.4752283	1.5142373072636011e-05	0.65311027	0.0001744031490831	False	C — correlational	0.08382578244692493	0.5213897616666666	0.4828599777944663	0.5	0.3562584598319837	Tier 3 — exploratory	3
B_cell	Cxcl10	Sdc4	CD4	34	0.2658228772179121	0.11269267645106573	-0.22566844919786092	0.8181630407925856	0.4242933537051184	0.29343496005707087	1.3839569	4.1123406689643414e-05	2.142109	1.6900057552958785e-06	False	C — correlational	0.2121466768525592	0.5876776499999999	0.17307885918161564	0.5	0.3557865212347189	Tier 3 — exploratory	3
monocyte_macrophage	Tgfb1	Itgb8	CD4	45	0.7404321083380583	0.18253558522014898	-0.12266139657444006	0.9094098854071448	-0.0836627140974967	0.9043964345559761	0.6891265	0.0051899204345096	3.683282	5.056158660183512e-07	False	C — correlational	0.0	0.7287347500000001	0.367634612368417	0.5	0.3557106099736834	Tier 3 — exploratory	3
melanoma	Tfpi	Sdc4	CD4	42	0.5465804856859828	0.11269267645106573	0.33619641844258974	0.5642733749173227	-0.2900089133781703	0.517963204927132	1.3839569	4.1123406689643414e-05	2.142109	1.6900057552958785e-06	False	C — correlational	0.16809820922129487	0.5876776499999999	0.24818464462548206	0.5	0.35539071465254957	Tier 3 — exploratory	3
NK	Hapln1	Il1rl1	CD4	43	0.0427222674907337	0.12390294269488902	0.09226819691935971	0.9434027633670761	-0.015554213228631831	0.9846232841179648	3.4961667	5.75638756121595e-06	1.8961377	1.5663207222128604e-06	False	C — correlational	0.046134098459679855	0.8987173999999999	0.07275585653883883	0.5	0.35537745576865565	Tier 3 — exploratory	3
neutrophil	Hapln1	Il1rl1	CD4	19	0.044099802020515354	0.12390294269488902	0.0896705462399578	0.9657953045265132	-0.12307722032935385	0.910859634140518	3.4961667	5.75638756121595e-06	1.8961377	1.5663207222128604e-06	False	C — correlational	0.0448352731199789	0.8987173999999999	0.0739195186848769	0.5	0.355155599328968	Tier 3 — exploratory	3
fibroblast	Vegfa	Itgav	CD4	34	0.5400196127143351	0.5743048897411314	-0.17372039724980898	0.8886938014452703	0.08082505729564553	0.9236285620365247	1.2293329	2.0869773052331223e-06	1.8817091	5.056158660183512e-07	False	C — correlational	0.040412528647822764	0.5185069999999999	0.5568984684284513	0.5	0.3551508287124282	Tier 3 — exploratory	3
monocyte_macrophage	Adam9	Itgav	CD4	45	0.5710692223759508	0.5743048897411314	-0.07444005270092226	0.9475720298240906	0.061001317523056646	0.9328393916275941	1.2293329	2.0869773052331223e-06	1.8817091	5.056158660183512e-07	False	C — correlational	0.030500658761528323	0.5185069999999999	0.5726847708741468	0.5	0.3548389347413643	Tier 3 — exploratory	3
T_cell	Timp2	Itgb1	CD4	47	0.09519629873753102	0.6470241168227746	0.37280296022201664	0.4349679379109198	0.5105226641998151	0.04444515639494513	-0.27310753	0.0222896046084842	-1.6698895	5.056158660183512e-07	False	C — correlational	0.44166281221091586	0.0	0.24818199192416848	0.75	0.35421838265865424	Tier 3 — exploratory	3
T_cell	Icam1	Il2ra	CD8	47	0.33127878502251057	0.43156240710069216	0.01156336725254394	0.9870068757895499	0.25647548566142464	0.5879041139820904	2.4752283	1.5142373072636011e-05	0.65311027	0.0001744031490831	True	C — correlational	0.13401942645698428	0.5213897616666666	0.3781103937816407	0.5	0.3528763184329393	Tier 3 — exploratory	3
dendritic	Tnfsf8	Tnfrsf8	CD4	38	0.033780502432238964	0.08982963345379454	0.18848511835180237	0.8563103527570595	-0.37237303869502425	0.3376113079837554	1.0535593	0.0127863749654505	3.9547806	5.056158660183512e-07	False	C — correlational	0.09424255917590119	0.8347233166666667	0.05508620654368061	0.5	0.35268296618696815	Tier 3 — exploratory	3
dendritic	Mfge8	Itgav	CD4	38	0.08037943257844822	0.5743048897411314	0.23221711534252568	0.784862639463856	0.2195228715254979	0.708448560060302	1.2293329	2.0869773052331223e-06	1.8817091	5.056158660183512e-07	True	C — correlational	0.2258699934340118	0.5185069999999999	0.21485413927690666	0.5	0.3516520755572854	Tier 3 — exploratory	3
T_cell	Lgals1	Itgb1	CD4	47	0.8265680319999157	0.6470241168227746	0.3567298797409805	0.4945569779490295	0.24167437557816834	0.607839740886105	-0.27310753	0.0222896046084842	-1.6698895	5.056158660183512e-07	False	C — correlational	0.29920212765957444	0.0	0.731306673631989	0.5	0.3509820794072488	Tier 3 — exploratory	3
B_cell	Pdgfb	Itgav	CD4	34	0.05781927276460693	0.5743048897411314	0.060351413292589765	0.9657953045265132	0.42184873949579826	0.29501816247053647	1.2293329	2.0869773052331223e-06	1.8817091	5.056158660183512e-07	True	C — correlational	0.241100076394194	0.5185069999999999	0.1822248365892805	0.5	0.35045674405582394	Tier 3 — exploratory	3
T_cell	Pdgfb	Itgav	CD4	47	0.053272023237575156	0.5743048897411314	0.02197039777983349	0.9889451973585373	0.4656567992599445	0.10274745388000281	1.2293329	2.0869773052331223e-06	1.8817091	5.056158660183512e-07	True	C — correlational	0.243813598519889	0.5185069999999999	0.1749125022168015	0.5	0.34994400992532143	Tier 3 — exploratory	3
neutrophil	Col1a1	Itgav_Itgb8	CD4	19	0.04454706240111904	0.18253558522014898	0.46842105263157896	0.6045847282388298	0.24035087719298245	0.7831784293334705	0.6891265	0.0051899204345096	1.8817091	5.056158660183512e-07	True	C — correlational	0.3543859649122807	0.4284725999999999	0.09017440936999122	0.5	0.34918811959329643	Tier 3 — exploratory	3
B_cell	Tgfb1	Itgb8	CD4	34	0.5966577143632386	0.18253558522014898	-0.04385026737967914	0.9780521178940972	-0.30817417876241404	0.5478751596313336	0.6891265	0.0051899204345096	3.683282	5.056158660183512e-07	False	C — correlational	0.0	0.7287347500000001	0.33001706784257423	0.5	0.3481871010685149	Tier 3 — exploratory	3
T_cell	Timp2	Cd44	CD4	47	0.09519629873753102	0.7128106792536324	0.37280296022201664	0.4349679379109198	0.5105226641998151	0.04444515639494513	0.9703646	1.9767398454773044e-06	-0.07839012	0.3301218053312729	False	C — correlational	0.44166281221091586	0.16172743333333334	0.26049364361828714	0.5	0.3471125713308113	Tier 3 — exploratory	3
melanoma	Edil3	Itgav	CD4	42	0.22359567741816078	0.5743048897411314	0.2614861032331253	0.7152684467894084	-0.1798071469086784	0.7463927009744993	1.2293329	2.0869773052331223e-06	1.8817091	5.056158660183512e-07	False	C — correlational	0.13074305161656266	0.5185069999999999	0.35834632810485223	0.5	0.3470560836867674	Tier 3 — exploratory	3
neutrophil	Ccl4	Ccr8	CD4	19	0.7091376908983326	0.15428866435577843	0.03859649122807017	0.9870245061358617	0.5614035087719299	0.29343496005707087	0.7806921	0.0002858902821442	1.0362802	7.321315296148787e-07	True	C — correlational	0.30000000000000004	0.30282871666666666	0.33077470757759664	0.5	0.346862120682186	Tier 3 — exploratory	3
dendritic	Tnfsf12	Tnfrsf8	CD4	38	0.052196057232737285	0.08982963345379454	-0.29056087594799895	0.6991034151697156	0.1397537621791317	0.8295655818423254	1.0535593	0.0127863749654505	3.9547806	5.056158660183512e-07	False	C — correlational	0.06987688108956586	0.8347233166666667	0.06847446742363222	0.5	0.34683263103274115	Tier 3 — exploratory	3
dendritic	Tgfb1	Itgb8	CD4	38	0.5685879582985122	0.18253558522014898	-0.17356095425694898	0.8778752533897817	-0.07332020135697088	0.9260138152472338	0.6891265	0.0051899204345096	3.683282	5.056158660183512e-07	False	C — correlational	0.0	0.7287347500000001	0.3221607296321955	0.5	0.3466158334264391	Tier 3 — exploratory	3
melanoma	App	Rpsa	CD4	42	0.6390965846760497	0.9649679179880524	0.44234664938011514	0.3269990735633715	-0.31366988088485537	0.46466561276443485	-0.32441616	3.865390566183598e-05	0.29139805	0.0002885118846528	False	C — correlational	0.22117332469005757	0.04856634166666667	0.7853073924955263	0.5	0.3466137275572921	Tier 3 — exploratory	3
neutrophil	Tnfsf12	Tnfrsf8	CD4	19	0.008499711183731825	0.08982963345379454	0.18118054314510093	0.9254071896227991	-0.5161435960816534	0.3582869778448449	1.0535593	0.0127863749654505	3.9547806	5.056158660183512e-07	False	C — correlational	0.09059027157255047	0.8347233166666667	0.027631973148831552	0.5	0.34591381884682565	Tier 3 — exploratory	3
monocyte_macrophage	Hapln1	Il1rl1	CD4	45	0.046128734958700075	0.12390294269488902	-0.13043478260869562	0.9016560571311986	0.03188405797101449	0.9673740924169476	3.4961667	5.75638756121595e-06	1.8961377	1.5663207222128604e-06	False	C — correlational	0.015942028985507246	0.8987173999999999	0.0756008333563562	0.5	0.34537922681619876	Tier 3 — exploratory	3
T_cell	Adam9	Itgb1	CD4	47	0.209148317461603	0.6470241168227746	0.15356151711378355	0.8792060047906409	0.5417437557816837	0.024278597941840806	-0.27310753	0.0222896046084842	-1.6698895	5.056158660183512e-07	False	C — correlational	0.3476526364477336	0.0	0.367864112670104	0.75	0.3452512452907276	Tier 3 — exploratory	3
neutrophil	Col6a6	Itgav_Itgb8	CD4	19	0.017155034216767274	0.18253558522014898	0.18029966014801	0.9256936122429678	0.5444170225932595	0.3087825630051692	0.6891265	0.0051899204345096	1.8817091	5.056158660183512e-07	True	C — correlational	0.3623583413706348	0.4284725999999999	0.05595895111802306	0.5	0.34513535970332676	Tier 3 — exploratory	3
fibroblast	Col1a2	Itgav_Itgb8	CD4	34	0.9570795603543462	0.18253558522014898	0.0239877769289534	0.9900613902584695	-0.6311688311688312	0.02132705340428658	0.6891265	0.0051899204345096	1.8817091	5.056158660183512e-07	False	C — correlational	0.0119938884644767	0.4284725999999999	0.4179725800235268	0.75	0.3449105269672722	Tier 3 — exploratory	3
T_cell	Lgals1	Cd69	CD8	47	0.8265680319999157	0.7205164139805493	-0.4078399629972248	0.21035267881225822	0.06059204440333025	0.948277244491119	1.9068255	1.5142373072636011e-05	-0.67057323	0.0001101337737488	False	C — correlational	0.030296022201665124	0.31780425	0.7717226408027299	0.5	0.34439919843112876	Tier 3 — exploratory	3
fibroblast	Ltf	Il1rl1	CD4	34	0.003127707504592042	0.12390294269488902	-0.060851579538467995	0.9657953045265132	0.08896329515623912	0.911386659933409	3.4961667	5.75638756121595e-06	1.8961377	1.5663207222128604e-06	False	C — correlational	0.04448164757811956	0.8987173999999999	0.019685836627073846	0.5	0.3441850939777566	Tier 3 — exploratory	3
neutrophil	Mfge8	Itgav	CD4	19	0.004095827555917204	0.5743048897411314	-0.4973514587325004	0.5642733749173227	0.5991040516280598	0.22698007560622732	1.2293329	2.0869773052331223e-06	1.8817091	5.056158660183512e-07	False	C — correlational	0.2995520258140299	0.5185069999999999	0.04850003910204318	0.5	0.3441699668553191	Tier 3 — exploratory	3
fibroblast	Mdk	Sdc4	CD4	34	0.21785678163267147	0.11269267645106573	-0.15416348357524828	0.9016560571311986	0.3757066462948816	0.3863951687384695	1.3839569	4.1123406689643414e-05	2.142109	1.6900057552958785e-06	False	C — correlational	0.1878533231474408	0.5876776499999999	0.15668715264884076	0.5	0.34400550613137243	Tier 3 — exploratory	3
monocyte_macrophage	Tnfsf8	Tnfrsf8	CD4	45	0.026880449313213945	0.08982963345379454	0.1440052700922266	0.891993968873429	-0.43148880105401843	0.16921826803498202	1.0535593	0.0127863749654505	3.9547806	5.056158660183512e-07	False	C — correlational	0.0720026350461133	0.8347233166666667	0.049139199310523074	0.5	0.34370959129491097	Tier 3 — exploratory	3
neutrophil	S100a8	Cd69	CD4	19	0.7090678006567398	0.6489416623644813	0.03684210526315789	0.9885879080138361	0.12105263157894736	0.914601162741465	1.9274054	1.9767398454773044e-06	-1.0030642	5.056158660183512e-07	False	C — correlational	0.07894736842105263	0.32123423333333334	0.6783388808606737	0.5	0.3436079134528365	Tier 3 — exploratory	3
NK	H2-K1	Cd3d	CD8	43	0.9858735767936665	0.9148086805113177	0.30157052250075506	0.5167024532180873	-0.039716097855632744	0.9706002430831021	-0.10989666	0.0329280966585786	-0.21482754	0.0001744031490831	False	C — correlational	0.15078526125037753	0.0	0.9496766323004833	0.5	0.3427101678977288	Tier 3 — exploratory	3
fibroblast	Col6a2	Cd44	CD8	34	0.8335679274695327	0.6943984371682166	0.34270435446906033	0.5143645577651489	-0.5987776928953399	0.04412163302137133	0.72633934	2.259520716935255e-05	-0.06925821	0.6463675366823181	False	C — correlational	0.17135217723453017	0.12105655666666666	0.7608076406742987	0.5	0.34239892933361193	Tier 3 — exploratory	3
melanoma	Icam1	Il2ra	CD4	42	0.10324456675480648	0.4436905376502692	-0.4224130945628394	0.38473096268950546	-0.18094157685762907	0.745019646045344	2.1923113	1.9767398454773044e-06	2.582612	5.056158660183512e-07	False	C — correlational	0.0	0.7958205500000001	0.21402952444209467	0.5	0.341761042388419	Tier 3 — exploratory	3
T_cell	Adam15	Itgav	CD4	47	0.03460502869765222	0.5743048897411314	0.22132284921369105	0.7661751627351775	0.2580943570767808	0.5547104369944814	1.2293329	2.0869773052331223e-06	1.8817091	5.056158660183512e-07	True	C — correlational	0.23970860314523593	0.5185069999999999	0.14097459767877987	0.5	0.34171968063658853	Tier 3 — exploratory	3
neutrophil	Il15	Il2ra	CD8	19	0.36824131003466676	0.43156240710069216	0.18070175438596495	0.8791535197597348	-0.04736842105263158	0.9764163062552226	2.4752283	1.5142373072636011e-05	0.65311027	0.0001744031490831	False	C — correlational	0.09035087719298247	0.5213897616666666	0.39864659305263483	0.5	0.3416995660447375	Tier 3 — exploratory	3
fibroblast	Adam15	Itgav	CD4	34	0.5462282706737525	0.5743048897411314	-0.00748663101604278	0.9950489726400542	-0.39312452253628716	0.3377676997798428	1.2293329	2.0869773052331223e-06	1.8817091	5.056158660183512e-07	False	C — correlational	0.0	0.5185069999999999	0.5600906772682244	0.5	0.3416448854536449	Tier 3 — exploratory	3
neutrophil	B2m	Cd3d	CD8	19	0.940498156020601	0.9148086805113177	0.3175438596491228	0.7341062193699072	-0.343859649122807	0.700222244704099	-0.10989666	0.0329280966585786	-0.21482754	0.0001744031490831	False	C — correlational	0.1587719298245614	0.0	0.9275644867784307	0.5	0.3410830727942826	Tier 3 — exploratory	3
neutrophil	Vegfa	Cd44	CD8	19	0.2761779637633229	0.6943984371682166	-0.5368421052631579	0.36798233093524524	0.7017543859649124	0.08853094464010566	0.72633934	2.259520716935255e-05	-0.06925821	0.6463675366823181	False	C — correlational	0.3508771929824562	0.12105655666666666	0.4379241331755442	0.5	0.3406559833456352	Tier 3 — exploratory	3
monocyte_macrophage	Cd80	Ctla4	CD4	45	0.4963813588068506	0.7368537502765691	-0.07891963109354413	0.9462320003213643	0.3391304347826087	0.3503659876784589	0.36460972	0.0022377769720125	1.0837202	5.056158660183512e-07	False	C — correlational	0.16956521739130434	0.24138832	0.6047813371824623	0.5	0.340651173523449	Tier 3 — exploratory	3
NK	H2-K1	Cd8b1	CD8	43	0.9858735767936665	0.8944239181212043	0.30157052250075506	0.5167024532180873	-0.039716097855632744	0.9706002430831021	-0.1513815	0.0109184211519512	-0.38934612	2.075715021945711e-05	False	C — correlational	0.15078526125037753	0.0	0.9390361586903654	0.5	0.3405820731757052	Tier 3 — exploratory	3
NK	H2-K1	Cd3g	CD8	43	0.9858735767936665	0.8917484180575019	0.30157052250075506	0.5167024532180873	-0.039716097855632744	0.9706002430831021	-0.12428808	0.0251377503696068	-0.15563631	0.0254190149615943	False	C — correlational	0.15078526125037753	0.0	0.9376306322376863	0.5	0.3403009678851694	Tier 3 — exploratory	3
neutrophil	Il10	Cd70	CD8	19	0.052355757430584876	0.02539601647768293	0.4747696815102449	0.4958070160929206	-0.03861343065887389	0.9764163062552226	1.116897	0.0121077161265398	2.4788287	1.0198032334517896e-05	False	C — correlational	0.23738484075512245	0.5992876166666666	0.03646406009221551	0.5	0.3401994104494026	Tier 3 — exploratory	3
NK	Lgals1	Cd69	CD8	43	0.8944576771457604	0.7205164139805493	-0.15675022651766837	0.819021166643874	-0.20311084264572637	0.7371372895894477	1.9068255	1.5142373072636011e-05	-0.67057323	0.0001101337737488	False	C — correlational	0.0	0.31780425	0.8027897844357732	0.5	0.34000901938715467	Tier 3 — exploratory	3
dendritic	Lgals1	Cd69	CD8	38	0.8004687317866604	0.7205164139805493	0.04399212081418252	0.9576494825724728	-0.09695775880936747	0.9133713461146749	1.9068255	1.5142373072636011e-05	-0.67057323	0.0001101337737488	False	C — correlational	0.02199606040709126	0.31780425	0.7594411498796222	0.5	0.3390379136184064	Tier 3 — exploratory	3
melanoma	App	Cd74	CD4	42	0.6390965846760497	0.2817316911276643	0.44234664938011514	0.3269990735633715	-0.31366988088485537	0.46466561276443485	0.51498175	0.0024881875948749	1.3251734	1.3259776851373495e-05	False	C — correlational	0.22117332469005757	0.306692525	0.42432742262867945	0.5	0.33894927941725606	Tier 3 — exploratory	3
neutrophil	B2m	Cd3g	CD8	19	0.940498156020601	0.8917484180575019	0.3175438596491228	0.7341062193699072	-0.343859649122807	0.700222244704099	-0.12428808	0.0251377503696068	-0.15563631	0.0254190149615943	False	C — correlational	0.1587719298245614	0.0	0.9157989641932167	0.5	0.3387299682772399	Tier 3 — exploratory	3
T_cell	Lgals1	Ptprc	CD4	47	0.8265680319999157	0.9749981562062101	0.3567298797409805	0.4945569779490295	0.24167437557816834	0.607839740886105	0.10349274	0.0669692023279656	-0.3526039	1.1457190780844795e-06	False	C — correlational	0.29920212765957444	0.01724879	0.8977206175525398	0.25	0.338577065691359	Tier 3 — exploratory	3
melanoma	Tgfb1	Itgb8	CD4	42	0.428177138949521	0.18253558522014898	-0.26910299003322263	0.7027466464625324	-0.21886394943683657	0.6859742169067762	0.6891265	0.0051899204345096	3.683282	5.056158660183512e-07	False	C — correlational	0.0	0.7287347500000001	0.27956674451021507	0.5	0.338097036402043	Tier 3 — exploratory	3
dendritic	Cd86	Ctla4	CD4	38	0.8724459065107399	0.7368537502765691	0.09652002626395272	0.9437639593342682	0.00043773254541475153	1.0	0.36460972	0.0022377769720125	1.0837202	5.056158660183512e-07	True	C — correlational	0.04847887940468373	0.24138832	0.8017886492872544	0.5	0.3376724176490902	Tier 3 — exploratory	3
fibroblast	Lgals1	Cd69	CD4	34	0.952172391156198	0.6489416623644813	-0.22169595110771578	0.8232657900694536	-0.14316271963330787	0.841408441091185	1.9274054	1.9767398454773044e-06	-1.0030642	5.056158660183512e-07	False	C — correlational	0.0	0.32123423333333334	0.7860689119755763	0.5	0.3375223407284486	Tier 3 — exploratory	3
melanoma	Calr	Itgav	CD8	42	0.7293456994097538	0.47088801121161916	0.27898873673122115	0.5752577049080831	-0.2462523296329309	0.6582740845453716	0.72924757	0.0002047553241208	0.9842701	0.0001382533409225	False	C — correlational	0.13949436836561058	0.28558627833333333	0.5860376659232803	0.5	0.33742713169595306	Tier 3 — exploratory	3
fibroblast	Adam9	Itgav	CD8	34	0.7789249623874032	0.47088801121161916	0.25317035905271196	0.6975078083878045	-0.17738731856378911	0.8249214963906027	0.72924757	0.0002047553241208	0.9842701	0.0001382533409225	False	C — correlational	0.12658517952635598	0.28558627833333333	0.6056289511092493	0.5	0.33682717263940776	Tier 3 — exploratory	3
monocyte_macrophage	Cd86	Ctla4	CD4	45	0.906234608430417	0.7368537502765691	0.07259552042160737	0.9487076838571756	-0.09025032938076416	0.8998337148341948	0.36460972	0.0022377769720125	1.0837202	5.056158660183512e-07	False	C — correlational	0.036297760210803685	0.24138832	0.8171672838852342	0.5	0.33648475285082813	Tier 3 — exploratory	3
dendritic	Lgals1	Cd69	CD4	38	0.8004687317866604	0.6489416623644813	0.06806741081199386	0.9598829578995776	-0.01663383672576056	0.9846232841179648	1.9274054	1.9767398454773044e-06	-1.0030642	5.056158660183512e-07	False	C — correlational	0.03403370540599693	0.32123423333333334	0.7207340074371568	0.5	0.33636715671286366	Tier 3 — exploratory	3
monocyte_macrophage	Cxcl10	Sdc4	CD4	45	0.49807360027831954	0.11269267645106573	-0.08247694334650855	0.9462320003213643	0.2403162055335968	0.6323221114106661	1.3839569	4.1123406689643414e-05	2.142109	1.6900057552958785e-06	False	C — correlational	0.1201581027667984	0.5876776499999999	0.23691611824648426	0.5	0.33635797211767626	Tier 3 — exploratory	3
T_cell	Adam12	Sdc4	CD4	47	0.03857414180912977	0.11269267645106573	0.12488436632747456	0.9016560571311986	0.3097826086956522	0.41554560187031864	1.3839569	4.1123406689643414e-05	2.142109	1.6900057552958785e-06	True	C — correlational	0.2173334875115634	0.5876776499999999	0.06593195949062783	0.5	0.33617252502717276	Tier 3 — exploratory	3
neutrophil	Tnfsf8	Tnfrsf8	CD4	19	0.005576691562350246	0.08982963345379454	0.125819936629057	0.9462320003213643	-0.24250778108342436	0.7822072829784614	1.0535593	0.0127863749654505	3.9547806	5.056158660183512e-07	False	C — correlational	0.0629099683145285	0.8347233166666667	0.02238196056941374	0.5	0.3351757101906344	Tier 3 — exploratory	3
B_cell	Vegfa	Itgav	CD4	34	0.155521203958236	0.5743048897411314	0.02704354469060351	0.9885879080138361	0.2345301757066463	0.7047114608458159	1.2293329	2.0869773052331223e-06	1.8817091	5.056158660183512e-07	True	C — correlational	0.1307868601986249	0.5185069999999999	0.2988588092923525	0.5	0.3351739129279892	Tier 3 — exploratory	3
NK	Il15	Il2ra	CD8	43	0.0640371158479556	0.43156240710069216	0.40365448504983387	0.24864119387399272	-0.13636363636363638	0.8422184411010595	2.4752283	1.5142373072636011e-05	0.65311027	0.0001744031490831	False	C — correlational	0.20182724252491693	0.5213897616666666	0.16624082488705835	0.5	0.3342351402777992	Tier 3 — exploratory	3
fibroblast	Calr	Itgav	CD8	34	0.9190518332063387	0.47088801121161916	0.17799847211611916	0.819021166643874	-0.3711229946524064	0.41563055716318875	0.72924757	0.0002047553241208	0.9842701	0.0001382533409225	False	C — correlational	0.08899923605805958	0.28558627833333333	0.6578529394468992	0.5	0.334116890093034	Tier 3 — exploratory	3
neutrophil	Adam9	Itgav	CD4	19	0.053308735087672254	0.5743048897411314	0.3966652422229773	0.7123347476139202	-0.043878898475993064	0.9712187445041821	1.2293329	2.0869773052331223e-06	1.8817091	5.056158660183512e-07	False	C — correlational	0.19833262111148864	0.5185069999999999	0.1749727613852076	0.5	0.33403771966606255	Tier 3 — exploratory	3
neutrophil	Calr	Itgav	CD4	19	0.24420923728236313	0.5743048897411314	-0.524561403508772	0.5129886307219647	0.16666666666666666	0.8729946027981909	1.2293329	2.0869773052331223e-06	1.8817091	5.056158660183512e-07	False	C — correlational	0.08333333333333333	0.5185069999999999	0.37450041267161954	0.5	0.33369349920099056	Tier 3 — exploratory	3
NK	Ltf	Il1rl1	CD4	43	0.0007123305059274042	0.12390294269488902	-0.04927755968817242	0.9691244729963171	0.0395295066034405	0.9566087034931701	3.4961667	5.75638756121595e-06	1.8961377	1.5663207222128604e-06	False	C — correlational	0.01976475330172025	0.8987173999999999	0.009394671141436748	0.5	0.33347594788388946	Tier 3 — exploratory	3
monocyte_macrophage	Edil3	Itgav	CD4	45	0.05330380021871015	0.5743048897411314	0.08142292490118576	0.9462320003213643	0.31133069828722	0.43219355192028414	1.2293329	2.0869773052331223e-06	1.8817091	5.056158660183512e-07	True	C — correlational	0.19637681159420287	0.5185069999999999	0.17496466245327835	0.5	0.33335156654862663	Tier 3 — exploratory	3
NK	Pdgfb	Itgav	CD4	43	0.23242472916534132	0.5743048897411314	-0.11356085774690426	0.9278109456548346	0.17487163998791905	0.75017070110724	1.2293329	2.0869773052331223e-06	1.8817091	5.056158660183512e-07	False	C — correlational	0.08743581999395952	0.5185069999999999	0.3653527862989602	0.5	0.3332998442576779	Tier 3 — exploratory	3
NK	Il15	Il2ra	CD4	43	0.0640371158479556	0.4436905376502692	-0.021443672606463304	0.9900613902584695	-0.0507399577167019	0.946428107234203	2.1923113	1.9767398454773044e-06	2.582612	5.056158660183512e-07	False	C — correlational	0.0	0.7958205500000001	0.16856055991883748	0.5	0.3326672494837675	Tier 3 — exploratory	3
NK	Lamb3	Itgav_Itgb8	CD4	43	0.3557374270835941	0.18253558522014898	0.29704016913319237	0.6304744255032563	0.1291150709755361	0.8367599907427202	0.6891265	0.0051899204345096	1.8817091	5.056158660183512e-07	True	C — correlational	0.21307762005436423	0.4284725999999999	0.25482295704550234	0.5	0.332659908428128	Tier 3 — exploratory	3
neutrophil	Vegfa	Nrp1	CD4	19	0.2761779637633229	0.27738033778302235	-0.22807017543859648	0.89272256556299	0.7263157894736841	0.06705326336733893	-0.43035984	0.0077861693453474	-1.0210128	1.1072903648318296e-05	False	C — correlational	0.36315789473684207	0.0	0.27677849785866276	0.75	0.33246096272962733	Tier 3 — exploratory	3
melanoma	Lgals1	Cd69	CD8	42	0.8108054294938004	0.7205164139805493	-0.06814682764767847	0.92882716554322	-0.38368041487723853	0.30092777908466034	1.9068255	1.5142373072636011e-05	-0.67057323	0.0001101337737488	False	C — correlational	0.0	0.31780425	0.7643288693323262	0.5	0.33231683636646525	Tier 3 — exploratory	3
monocyte_macrophage	Tgm2	Sdc4	CD4	45	0.6588486319533159	0.11269267645106573	0.03847167325428195	0.9780521178940972	0.13715415019762844	0.8077984321363406	1.3839569	4.1123406689643414e-05	2.142109	1.6900057552958785e-06	True	C — correlational	0.08781291172595519	0.5876776499999999	0.2724837898131599	0.5	0.3321506895667163	Tier 3 — exploratory	3
fibroblast	Il15	Il2ra	CD8	34	0.19562743118903161	0.43156240710069216	0.24736440030557674	0.7024785186592442	-0.3280366692131398	0.5177468240040064	2.4752283	1.5142373072636011e-05	0.65311027	0.0001744031490831	False	C — correlational	0.12368220015278837	0.5213897616666666	0.29056057044764955	0.5	0.3317483245596725	Tier 3 — exploratory	3
neutrophil	Cxcl10	Sdc4	CD4	19	0.34811227362853037	0.11269267645106573	0.25789473684210523	0.876238442192415	-0.028070175438596492	0.9796928306210275	1.3839569	4.1123406689643414e-05	2.142109	1.6900057552958785e-06	False	C — correlational	0.12894736842105262	0.5876776499999999	0.1980648980023084	0.5	0.3316639710478301	Tier 3 — exploratory	3
melanoma	Mfge8	Itgav	CD8	42	0.45547239581373816	0.47088801121161916	0.10039705048213272	0.8945397550961225	-0.49485454987440247	0.08965937697161942	0.72924757	0.0002047553241208	0.9842701	0.0001382533409225	False	C — correlational	0.05019852524106636	0.28558627833333333	0.46311606604232874	0.75	0.33158926662617233	Tier 3 — exploratory	3
fibroblast	Icam4	Itgav	CD4	34	0.005647325301797953	0.5743048897411314	0.5171768068862551	0.27540880168158355	-0.05404759152565523	0.9508219087662321	1.2293329	2.0869773052331223e-06	1.8817091	5.056158660183512e-07	False	C — correlational	0.25858840344312756	0.5185069999999999	0.05694985983109506	0.5	0.3315226631713136	Tier 3 — exploratory	3
fibroblast	Vegfa	Itgav	CD8	34	0.5400196127143351	0.47088801121161916	-0.0909090909090909	0.9218934632481528	0.3372039724980901	0.4960504139459989	0.72924757	0.0002047553241208	0.9842701	0.0001382533409225	False	C — correlational	0.16860198624904504	0.28558627833333333	0.5042705240704854	0.5	0.3312613695845962	Tier 3 — exploratory	3
B_cell	Cd86	Cd28	CD4	34	0.8666061103817495	0.7874474518769823	0.3142857142857143	0.669639629507233	-0.2333078686019862	0.7056416991555745	0.25903893	0.0036979580456348	-0.76767826	5.056158660183512e-07	False	C — correlational	0.15714285714285714	0.043173155	0.8260791568615755	0.5	0.3310091201223151	Tier 3 — exploratory	3
fibroblast	Cx3cl1	Itgav	CD4	34	0.17703366330066406	0.5743048897411314	0.21161191749427039	0.83893894184554	-0.25500381970970204	0.6718782102285347	1.2293329	2.0869773052331223e-06	1.8817091	5.056158660183512e-07	False	C — correlational	0.10580595874713519	0.5185069999999999	0.31885937101229506	0.5	0.3304307097639563	Tier 3 — exploratory	3
monocyte_macrophage	Lgals1	Cd69	CD8	45	0.7807729061050843	0.7205164139805493	-0.22490118577075094	0.6816596773420456	-0.06258234519104083	0.9462671756803345	1.9068255	1.5142373072636011e-05	-0.67057323	0.0001101337737488	False	C — correlational	0.0	0.31780425	0.7500397952375644	0.5	0.3294590215475129	Tier 3 — exploratory	3
fibroblast	Myl9	Cd69	CD8	34	0.33295409662336567	0.7205164139805493	0.2971734148204736	0.602929810406955	-0.2617265087853323	0.679066735870504	1.9068255	1.5142373072636011e-05	-0.67057323	0.0001101337737488	False	C — correlational	0.1485867074102368	0.31780425	0.4897947444789508	0.5	0.329415358989373	Tier 3 — exploratory	3
NK	Icam1	Il2ra	CD8	43	0.4313303953890893	0.43156240710069216	0.06991845363938388	0.9273450716058947	-0.18921775898520082	0.767570981672891	2.4752283	1.5142373072636011e-05	0.65311027	0.0001744031490831	False	C — correlational	0.03495922681969194	0.5213897616666666	0.43144638564925847	0.5	0.32887244693341056	Tier 3 — exploratory	3
neutrophil	B2m	Klrc1	CD8	19	0.940498156020601	0.7210685012952815	0.3175438596491228	0.7341062193699072	-0.343859649122807	0.700222244704099	0.19953418	0.0267096319555519	-0.39220715	0.0069156949828523	False	C — correlational	0.1587719298245614	0.03325569666666667	0.8235068887585281	0.5	0.32858547735696875	Tier 3 — exploratory	3
fibroblast	Tnfsf8	Tnfrsf8	CD4	34	0.04812172581099162	0.08982963345379454	-0.4995034012591517	0.3203709536139159	0.03667201477583249	0.9673740924169476	1.0535593	0.0127863749654505	3.9547806	5.056158660183512e-07	False	C — correlational	0.018336007387916246	0.8347233166666667	0.06574767669481091	0.5	0.32824796709139953	Tier 3 — exploratory	3
T_cell	Cd28	Cd80	CD8	47	0.8177614094911475	0.12583343950397075	0.3191489361702128	0.4294374003850592	-0.5413968547641074	0.028923133952010197	0.83426106	0.0339770185717063	0.56109524	0.0066584013825908	False	C — correlational	0.1595744680851064	0.23255938333333334	0.32078299650992437	0.75	0.32814750896510547	Tier 3 — exploratory	3
T_cell	Calr	Itgav	CD8	47	0.6105039733491235	0.47088801121161916	-0.25716928769657726	0.584196169312814	0.28260869565217395	0.5045141383894263	0.72924757	0.0002047553241208	0.9842701	0.0001382533409225	False	C — correlational	0.14130434782608697	0.28558627833333333	0.5361706835021476	0.5	0.3280872280228933	Tier 3 — exploratory	3
T_cell	Lamc1	Itga3_Itgb1	CD4	47	0.3356727852328798	0.06150896083781991	0.332099907493062	0.5325071712252106	0.5211609620721555	0.03453992140782381	-0.27310753	0.0257278570387628	-1.6698895	6.386277766181647e-05	False	C — correlational	0.42663043478260876	0.0	0.1436902369724928	0.75	0.3280586995684116	Tier 3 — exploratory	3
B_cell	Tnfsf4	Tnfrsf4	CD4	34	0.05825898953904559	0.5369865034294565	0.18399939354081798	0.8778752533897817	0.22923512484321173	0.7145775407758242	0.90017176	1.2458299388725386e-05	1.9858522	5.056158660183512e-07	True	C — correlational	0.20661725919201485	0.4810039933333334	0.17687365854164203	0.5	0.327941770758867	Tier 3 — exploratory	3
dendritic	Adam15	Itgav	CD4	38	0.09883586413605848	0.5743048897411314	0.28890347997373605	0.7016823902295343	-0.0433355219960604	0.9566087034931701	1.2293329	2.0869773052331223e-06	1.8817091	5.056158660183512e-07	False	C — correlational	0.14445173998686803	0.5185069999999999	0.23824760241213028	0.5	0.3278343794778299	Tier 3 — exploratory	3
B_cell	Il15	Il2ra	CD4	34	0.046162405800277126	0.4436905376502692	-0.009017270786536889	0.9950489726400542	-0.18966835671342844	0.7605949468862084	2.1923113	1.9767398454773044e-06	2.582612	5.056158660183512e-07	False	C — correlational	0.0	0.7958205500000001	0.14311471849098842	0.5	0.3275780811981977	Tier 3 — exploratory	3
melanoma	Tnc	Sdc4	CD4	42	0.06473129968084217	0.11269267645106573	0.36066769305566815	0.5043434363883724	-0.07689814439672638	0.9185903768793823	1.3839569	4.1123406689643414e-05	2.142109	1.6900057552958785e-06	False	C — correlational	0.18033384652783407	0.5876776499999999	0.0854092700541933	0.5	0.32711811279558056	Tier 3 — exploratory	3
monocyte_macrophage	Lgals3	Lag3	CD4	45	0.920877013699149	0.09226344125672985	0.20434782608695648	0.8035145161272982	0.3266139657444005	0.3863951687384695	-0.62750244	0.3622075398268002	2.996709	5.056158660183512e-07	False	C — correlational	0.26548089591567847	0.4994515	0.2914846175325625	0.25	0.32607811207699994	Tier 3 — exploratory	3
fibroblast	Lamc2	Itgav_Itgb8	CD4	34	0.16643591685063994	0.18253558522014898	0.4805194805194805	0.3712113103006326	-0.31886936592818943	0.5214994848270562	0.6891265	0.0051899204345096	1.8817091	5.056158660183512e-07	False	C — correlational	0.24025974025974026	0.4284725999999999	0.17429996409633486	0.5	0.32606905191017604	Tier 3 — exploratory	3
NK	B2m	Cd3d	CD8	43	0.9750079965602783	0.9148086805113177	0.05194805194805195	0.9478221811050657	0.16052552099063724	0.8172766852801584	-0.10989666	0.0329280966585786	-0.21482754	0.0001744031490831	False	C — correlational	0.10623678646934459	0.0	0.9444288108805722	0.5	0.32606863744038506	Tier 3 — exploratory	3
NK	Pkm	Cd44	CD8	43	0.7070236422983968	0.6943984371682166	-0.5200845665961945	0.06181551269955601	0.31803080640289944	0.44260794870388	0.72633934	2.259520716935255e-05	-0.06925821	0.6463675366823181	False	C — correlational	0.15901540320144972	0.12105655666666666	0.700682604502914	0.5	0.3260560511877568	Tier 3 — exploratory	3
neutrophil	Alcam	Cd6	CD8	19	0.7371606136638839	0.6732917144434533	0.06666666666666667	0.9553499926378183	0.32807017543859646	0.72206305606137	0.38445282	0.0007320095787216	-0.40918636	0.0001101337737488	False	C — correlational	0.19736842105263155	0.06407547	0.7045027561294167	0.5	0.32599836609430444	Tier 3 — exploratory	3
neutrophil	Col4a1	Itgav_Itgb8	CD4	19	0.01789641370857069	0.18253558522014898	0.6124988912102937	0.38473096268950546	-0.3591430363555278	0.6647008235341718	0.6891265	0.0051899204345096	1.8817091	5.056158660183512e-07	False	C — correlational	0.30624944560514683	0.4284725999999999	0.057155335268335605	0.5	0.3257365230154685	Tier 3 — exploratory	3
melanoma	Adam12	Sdc4	CD4	42	0.45354658149925636	0.11269267645106573	0.18013126975123572	0.852966521491223	0.011263268778867191	0.9890619431192603	1.3839569	4.1123406689643414e-05	2.142109	1.6900057552958785e-06	True	C — correlational	0.09569726926505145	0.5876776499999999	0.2260782567262553	0.5	0.32562910808801904	Tier 3 — exploratory	3
